source_file,title,company,industry,clouds_implemented,description,outcomes,links
10013864.md,Lloyds Banking Group - AI strategy through to practical AI integration delivering AI-enabled customer service to 15m customers,Lloyds Banking Group,"Banking, Financial Services",,"IBM partnered with Lloyds Banking Group to develop an end‚ to‚ end operating model that guided the bank from AI strategy through to implementation and ongoing operation of AI applications. The partnership focused on responsible, ethical and efficient AI use, establishing risk management guardrails, governance forums, demand and opportunity management, and a unified infrastructure and tooling stack. This framework enabled rapid experimentation, scaling and monitoring of AI solutions, culminating in the launch of an AI‚ enabled customer service capability that serves 15 million consumers.","[AI‚ enabled customer service launched to 15m customers, Improved market position through rapid adaptation to future customer needs, Established a scalable operating model for responsible AI use, Accelerated adoption of generative AI innovations]",[https://ibmgbs.loopio.com/library?entry=10013864]
10013865.md,"Multinational energy company - enabling repeatable, efficient deployment of AI projects to deliver multi-million dollar value",Unnamed multinational energy company,Energy,,"We have worked with this energy company for a number of years to deliver analytics and AI use cases and continue to work with them today. Over 10 use cases, including demand forecasting and broker quotes, have an identified value case of over $800m annually, and at least half of these have been deployed into production. The approach promoted safe and responsible AI use by implementing continuous monitoring of AI models and the creation of an automated workflow to alert AI product teams when the performance of the model‚  outputs fell below pre-agreed levels, for example. We also established effective programme management and governance to ensure the progression of the use cases through three layers of governance (product, value, technical), to ensure an appropriate level of oversight.","$800m annually identified value; at least 5 of 10 use cases deployed into production; improved AI maturity with repeatable delivery framework, continuous monitoring, and governance.",[https://ibmgbs.loopio.com/library?entry=10013865]
10013867.md,Large global bank - AI maturity assessment transforming how AI is delivered and governed,Global Bank (client),"Financial Services, Banking",,"Our engagement with a large global bank began when AI models were taking longer than 12 months to deploy, with 70% never reaching production and governance approvals requiring over three months. By conducting an AI maturity assessment using our AI at Scale method and partnering closely with the internal data science community, we created a roadmap of recommendations that accelerated model development from nine months to three months after implementation. The project focused on technology, operating model, and operations barriers, strengthening risk and compliance functions to promote responsible and ethical AI use through earlier engagement, end‚ to‚ end testing, and tooling options.","[Reduced model development time from 9 months to 3 months, Enabled a pipeline of  £50 million per annum in benefits]",[https://ibmgbs.loopio.com/library?entry=10013867]
10072387.md,Azure Implementation for Global Industrial Infrastructure Firm,"Global industrial infrastructure firm (designs, planning, engineering, consulting and construction management solutions)","Industrial Infrastructure, Engineering & Construction Consulting","Microsoft Azure Platform, Azure Data Factory, Azure DevOps, GitHub CI/CD, Salesforce","IBM delivered an Azure platform using infrastructure as code (IaC), Azure pipelines, and CI/CD capabilities via Azure DevOps and GitHub. The solution migrated 40+ million documents into Azure Data Factory, transformed and enriched the data, and added connectivity to other SaaS vendors such as Salesforce using Node.js. This enabled automated ingestion of PDFs into the Azure platform, improving business agility, compliance, audit controls, and overall data governance.","[Improved business agility, Enhanced compliance and audit controls, Better data governance and compliance records]",[https://ibmgbs.loopio.com/library?entry=10072387]
10072388.md,Reproducible Analytical Pipelines for a Global Client‚  Front‚ Office Team,Global Client (unnamed),"Finance, Front‚ Office Operations","Azure Data Factory, Azure Synapse Analytics, Azure Databricks, R Shiny, MLOps, Power BI","We built reproducible analytical pipelines and an analytics platform for a global client‚  front‚ office team covering 150 pipelines on an Azure-based data platform. The solution leveraged Azure Data Factory, Synapse, Databricks, R Shiny, and MLOps capabilities to transform data end‚ to‚ end. Reusable Python notebooks curate and audit the data, ready for consumption. Visualizations were delivered via a permissions‚ based Power BI dashboard that exposed user dataset activity through APIs. The asset (US patent pending) is offered as a service.","[Reduced analytical product development time by 50%, Offered as an ‚Äúas‚ a‚ service‚Äù solution]",[https://ibmgbs.loopio.com/library?entry=10072388]
10072389.md,Basic Check ‚Äì Award‚ winning online criminal record check service,Disclosure and Barring Service (DBS),"Government, Public Sector Digital Services","GOV.UK Notify, GOV.UK Verify, GOV.UK Pay","IBMGBS designed and implemented the Basic Check service for the Disclosure and Barring Service, an online criminal record check platform that achieved GDS‚  ‚Äòexemplar‚Äô rating. The project incorporated all 14 Government Digital Service (GDS) Service Standards, used iterative sprint cycles with shadow assessments, prototyping, user‚ testing, and integrated GOV.UK Notify, Verify and Pay to deliver a seamless user experience. Launched in 2018, the service now serves approximately 1,000 users daily.","[Achieved GDS ‚Äòexemplar‚Äô rating, First service to combine GOV.UK Notify, Verify and Pay, Supports 1,000 daily users, Demonstrated deep knowledge of government digital standards]",[https://ibmgbs.loopio.com/library?entry=10072389]
10072391.md,Searchlight Handover at DWP,Department for Work and Pensions (DWP),"Public Sector, Government Services",,"At DWP we handed over Searchlight, a digital front end for the Customer Information System, to 90,000 DWP users to manage 65m+ National Insurance records. Knowledge sharing to the 15 FTE DWP team was done through a co‚ creation approach with joint Scrum teams, a 1:1 IBM/DWP mentoring model that developed less-experienced staff and two-in-a-box roles. We created systems-specific topic guides, scripts and ran immersive knowledge transfer workshops explaining how the system was managed, monitored, maintained and enhanced.","Collaborative upskilling was extremely successful, enabling full transition of responsibilities. DWP took on the product and service delivery, achieving an award-winning service.",[https://ibmgbs.loopio.com/library?entry=10072391]
10072392.md,UK Health Security Agency Wastewater-Based Epidemiology Capability Roadmap,UK Health Security Agency (UKHSA),"Public Health, Government Surveillance",,"With ACE, Home Office‚  innovation accelerator, we baselined UK Health Security Agency‚  wastewater-based epidemiology capability, developing a 24-month roadmap to scale the service. We worked with a diverse ecosystem of senior officials, users, data scientists, SMEs, universities, UK/international IoT start-ups, Water UK, UKHSA, Home Office and Local Authorities to define the optimal business and technical capabilities, architecture, operating model, supplier landscape and policy regime to roll‚ out a national water surveillance capability and data platform.","A 24-month roadmap detailing retained organisational capabilities, tech stack, commercial model, delivery KPIs and recommendations for the 2024 Ofwat Price Review.",[https://ibmgbs.loopio.com/library?entry=10072392]
10072393.md,UKHSA‚  Enterprise Data & Analytics Platform,UK Health Security Agency (UKHSA),"Public Sector, Healthcare, Public Health",,"We are developing UKHSA‚  Enterprise Data & Analytics Platform as the strategic Technical Delivery Partner, consolidating key Public Health data platforms established prior and during the pandemic to a single Public Health protection and surveillance platform comprising 80 processes. IBM analysed, mapped and transferred over 260 data feeds, preparing to model over 150 data sets into a single 50TB de-duplicated data set, building data pipelines, documenting 25‚ 50 data artefacts, establishing data governance, and maturing management processes. This forms part of a roadmap to master the data, establish clear data governance, policies, standards, and controls to fulfil statutory responsibilities.","[Consolidation of 80 public health processes into one platform, Integration of 260 data feeds and modeling of 150+ datasets into a single 50TB deduplicated dataset, Creation of 25‚ 50 documented data artefacts, Implementation of data governance framework and mature management processes]",[https://ibmgbs.loopio.com/library?entry=10072393]
10072394.md,Experience of migrating from a legacy platform using agile project management into a product that meets GDS Standards and gov.uk design patterns.,Insolvency Service,"Government, Public Sector","Azure, Dynamics 365, Data Factory, SQL Server, Key Vault, Blob Storage, Container Services","The Insolvency Service migrated its Redundancy Payments process to a new Azure‚ based digital platform. The migration leveraged Azure services, Dynamics †365 and container services for data migration, integration and case management. Challenges such as data integration, security, scalability and cost optimisation were addressed using Azure Data Factory, SQL Server, Key Vault and Blob Storage. Agile/DevOps practices aligned with GDS standards guided the delivery, including a single integrated Kanban board and agile ceremonies to prioritise work.","[Migrated approximately 500k contacts, 500k claims, 1.6m payments and 2.8m documents, Enabled processing of 4x more claims using the new product]",[https://ibmgbs.loopio.com/library?entry=10072394]
10072395.md,Experience of supporting a wide range of users when moving to a new system and how you did this.,Department for Work & Pensions (DWP),"Government, Public Sector",,"IBM developed a digital service for citizens to apply for a National Insurance Number (NINO). The project involved creating a product vision, steering the product from alpha prototyping into public beta, and responding to changing priorities through user feedback across multiple stakeholders. IBM‚  Product Owner collaborated closely with stakeholders from interdependent products, used a Feasibility/Value matrix to define and deliver the roadmap and backlog, and maintained a single communications plan for stakeholder engagement. The product backlog was actively prioritized and refreshed via iterative user research/testing, Google Analytics data trends, and affinity mapping of user needs. The service launched in eight weeks.","[57% increase in efficiency, Service launched within 8 weeks]",[https://ibmgbs.loopio.com/library?entry=10072395]
10072396.md,Home Office Disclosure & Barring Service,Home Office,Government/Public Sector,"GOV.UK services (GOV.Pay, GOV.Notify)","The project delivered a new public-facing digital criminal record and background‚ check service for the Home Office. Using agile scrum teams, the team iteratively developed proof‚ of‚ concepts and UX prototypes, coordinated with GOV.UK to set up DNS entries, certificates, and hosted landing pages via the GOV.UK CMS, and integrated the service with other GOV.UK services such as GOV.Pay and GOV.Notify.","[Serves over 1,000 unique users per month, Won the 2020 Institute of Customer Service Award for ‚ÄòBest Use of Customer Insight‚Äô]",[https://ibmgbs.loopio.com/library?entry=10072396]
10072397.md,IBM delivered 5 successful Alphas for Scottish Government‚  benefits service,Scottish Government,"Public Sector, Government Services",,"IBM delivered five successful Alpha prototypes for the Scottish Government‚  benefits service between May and December 2018. Using the MyGov Digital First approach reinforced with IBM Design Thinking, continuous user research was conducted with over 1,200 users, alongside co‚ design and user testing of high‚  and low‚ fidelity prototypes across 40 locations. Working closely with policy enabled a more digital approach by adjusting language to allow SMS and email communication, thereby expanding online transaction options.","The project resulted in new, high‚ quality benefits for approximately 100,000 households, achieving an average customer satisfaction score of over 97%.",[https://ibmgbs.loopio.com/library?entry=10072397]
10072398.md,Apply for a Nino Digital Service,Department for Work & Pensions (DWP),"Public Sector, Government Services",,"The Department for Work & Pensions needed to mobilise a new ""Apply for a Nino"" digital service rapidly due to the pandemic. The project was taken through Discovery, Alpha and Beta phases. Rapid iterations required frequent detailed communication with many stakeholders (Digital, Operations, Policy, other Departments). The team worked closely with users to understand priorities, mapped features to a Feasibility/Value matrix to shape the Product Roadmap and backlog, and actively prioritised and refreshed backlogs via iterative user research, testing, Google Analytics data and affinity mapping of user needs. This enabled ongoing incremental improvement to service performance.","[57% applicant time saving,  £108m of savings expected over 10 years]",[https://ibmgbs.loopio.com/library?entry=10072398]
10072399.md,Scottish Government Pension Benefits Go‚ Live Post Devolution,Scottish Government,"Public Sector, Government Services",,"IBM performed environment provisioning, user training and data cut-over activities to prepare the Scottish Government for live deployment of 11 pension benefits after devolution. A hyper‚ care organization was defined with a specified duration and transition effort. Hyper‚ care activities included bug fixing, addressing user issues, resolving data problems and conducting performance monitoring checks by Site Reliability Engineers. Staffing levels were managed via a skills matrix and a 30‚ 60‚ 90 day resource forecast, iterated in agile ceremonies. Backlog prioritisation was performed using WSJIF based on ongoing performance data and user feedback. The project successfully transitioned from the Beta phase into live operation, delivering benefits to 100,000 vulnerable Scottish citizens.","[Successful transition from Beta to Live, Delivery of pension benefits to 100k vulnerable citizens, Effective hyper‚ care with bug fixing and performance monitoring]",[https://ibmgbs.loopio.com/library?entry=10072399]
10072400.md,NetZeroGo website for Energy Systems Catapult,Energy Systems Catapult,"Energy, Net Zero","Salesforce Experience Cloud, Salesforce Flows","The Energy Systems Catapult needed a website to assist Local Authorities in meeting their Net Zero commitments. We designed and built the netzerogo.org.uk website to give LAs access to a best practice project framework, re‚ usable content, collaboration tools and workflow to help them progress their projects. This was built using Salesforce Experience Cloud and Flows. Utilizing Salesforce‚  ‚Äòconfigure‚ not‚ code‚Äô approach we ran a series of seven bi‚ weekly configuration and demonstration sprints to gain interactive user feedback and refine fully working prototypes. The workflows included project creation steps, business case creation (with document generation) and progress through the standard project framework.","Since launch in March 2022, 205 councils have registered, 144 are delivering projects using Net Zero Go workflow tools and 200 new projects are underway.",[https://ibmgbs.loopio.com/library?entry=10072400]
10072401.md,netzerogo.org.uk ‚Äì Digital Service for Energy Systems Catapult,Energy Systems Catapult,"Energy & Net Zero, Public Sector","Salesforce Experience Cloud, Salesforce Flows","The Energy Systems Catapult required a website to help local authorities meet their Net Zero commitments by providing a best‚ practice project framework, reusable content, collaboration tools and workflows. The team designed and built netzerogo.org.uk using a ""configure not code"" approach with Salesforce Experience Cloud and Salesforce flows. They identified seven personas, developed user journeys, created 12 high‚ level screen designs and an underlying data model. Through iterative configuration and refinement in agile sprints, they delivered an MVP that met final launch requirements.","[205 councils signed up since March\xa02022, 144 councils delivered projects using the workflow tools, 200 projects underway]",[https://ibmgbs.loopio.com/library?entry=10072401]
10072402.md,IBM takes over management of DESNZ‚  live Data Management System,"DESNZ (Department for Environment, Food & Rural Affairs)","Public Sector, Grant Management","Azure, Databricks","IBM assumed full operational control of DESNZ‚  live Data Management System, which supports 25 grant schemes. The transition involved a scrummaster, architect, platform engineer and data scientist who shadowed the outgoing delivery team, participated in agile ceremonies, reviewed documentation, assessed architecture and governance, and took over service management responsibilities. The data scientist and senior platform engineer conducted deep‚ dive sessions with the data and Energy Affordability policy teams, managed and prioritized the deployment backlog, and inherited an existing codebase.",Seamless transition of a live service with a 70% reduction in bugs.,[https://ibmgbs.loopio.com/library?entry=10072402]
10072403.md,Previous Measures Checker on the Data Management System grants platform,Department for Energy & Sustainability (DESNZ),"Government, Public Sector",,"IBM and a hybrid client team built a new Previous Measures Checker component for DESNZ‚  Data Management System grants platform. The tool allows administrators to search a database of energy efficiency measures claimed and installed at properties, reducing fraud and error. It incorporates 11 new internal datasets, bulk search capability, and connections to external datasets such as Trustmark, using a gov.uk compliant front‚ end and Scrum/Agile best practices.","[Reduced fraud and errors in energy efficiency measure claims, Enabled bulk searching of property data, Integrated additional internal and external datasets for broader team use (e.g., Supply Chain Team, ECO & GBIS Teams)]",[https://ibmgbs.loopio.com/library?entry=10072403]
10072404.md,Experience of working with a wide range of stakeholders and users when eliciting requirements for policy-driven new system,IBM,"Public Sector, Government Services",,"IBM successfully launched over 11 Scottish Government benefit services since 2018 and helped establish the Social Security Agency post devolution. Using the MyGov Digital First approach, reinforced with IBM Design Thinking, we undertook continuous user research with 1200+ users, alongside co-design and user testing with hi/low-fidelity prototypes to refine user needs and iterate designs in 40 locations. Working with Policy, we elicited policy requirements and digital opportunities via research, opening up more online transactions ‚Äì e.g., changing ‚Äúwe will write to you by letter‚Äù to ‚Äúwe will write to you‚Äù which allowed for SMS and email.","New high‚ quality benefits delivered to 100,000 households with an average customer satisfaction of 97%+",[https://ibmgbs.loopio.com/library?entry=10072404]
10072405.md,Home Office Disclosure & Barring Service Digital Criminal Record and Background‚ Check Service,Home Office ‚Äì Disclosure & Barring Service,"Government, Public Sector (Criminal Records & Background Checks)","GOV.UK CMS, GOV.UK services (including GOV.Pay, GOV.Notify)","IBM agile scrum teams iteratively developed proof‚ of‚ concepts and UX prototypes for a new public‚ facing digital service that allows users to check criminal records and background information. The team worked closely with the Government Digital Service (GDS) and GOV.UK to establish design patterns, usability, accessibility standards, and integrated the solution into the GOV.UK CMS for landing and informational pages. User testing included challenging groups such as carers. The final service is hosted on GOV.UK, integrates with GOV.Pay for payments and GOV.Notify for notifications, and serves over 1,000 unique monthly users.","[Serves 1,000+ unique monthly users, Won the 2020 Institute of Customer Service Award for ‚ÄòBest Use of Customer Insight‚Äô]",[https://ibmgbs.loopio.com/library?entry=10072405]
10072406.md,Home Office Disclosure & Barring Service Digital Criminal Record and Background‚ Check Service,Home Office Disclosure & Barring Service (UK Government),"Public Sector, Government Services","GOV.UK infrastructure, GOV.UK CMS, GOV.Pay, GOV.Notify","The project involved rapidly developing and iterating a new public‚ facing digital criminal record and background‚ check service during the GDS Beta Phase. Agile scrum teams produced Alpha PoCs and UX prototypes, with sprint planning, daily stand‚ ups, reviews and retrospectives guiding continuous improvement. The team worked closely with GOV.UK to set up supporting technical infrastructure such as DNS entries and certificates, and leveraged the GOV.UK CMS to host landing and informational pages. Integration with other GOV.UK services like GOV.Pay and GOV.Notify ensured a seamless user experience.","[Serves 1,000+ unique users per month, Won the 2020 Institute of Customer Service Award for ‚ÄòBest Use of Customer Insight‚Äô]",[https://ibmgbs.loopio.com/library?entry=10072406]
10072407.md,Experience of building on an Alpha phase into a Beta phase of development,Department for Work & Pensions (DWP),"Public Sector, Government Digital Services",,"The project involved rapidly developing and deploying the ""Apply for a Nino"" digital service during the pandemic. The team guided the service through Discovery, Alpha, and Beta phases, facing challenges such as frequent iterations and detailed communication with multiple stakeholders (Digital, Operations, Policy, other Departments). Lessons learned included close collaboration with users to prioritize features using a Feasibility/Value matrix, iterative backlog refinement via user research, testing, Google Analytics data, and affinity mapping of user needs. This approach enabled continuous incremental improvement of the service.","[57% reduction in applicant processing time, Projected  £108 million savings over 10 years]",[https://ibmgbs.loopio.com/library?entry=10072407]
10072408.md,Scottish Government Pension Benefits Live Post Devolution,Scottish Government,"Public Sector, Government Services",,"IBM performed environment provisioning, user training, and data cut‚ over activities to prepare the Scottish Government for a public beta of pension benefits. The team defined a hyper‚ care organization, duration, and transition effort, including bug fixing, user issue resolution, data issues handling, and performance monitoring by Site Reliability Engineers. Staffing was managed via a skills matrix and a 30‚ 60‚ 90 day resource forecast, iterated in agile ceremonies. Backlog prioritisation used WSJIF based on ongoing performance data and user feedback. The project successfully transitioned from beta to live, delivering benefits to 100k vulnerable Scottish citizens.","[Successful transition from beta to live, Delivery of pension benefits to 100,000 vulnerable citizens, Effective hyper‚ care with bug fixing and performance monitoring, Agile staffing and backlog management]",[https://ibmgbs.loopio.com/library?entry=10072408]
10072412.md,IBM modified DESNZ‚  Azure Data Management System,DESNZ,"Data Management, Cloud Services",Azure,"IBM took over the inherited codebase of DESNZ‚  Azure Data Management System and performed architectural and code quality reviews. The team reviewed buggy pipelines, refined underlying business logic, and used data from reported bugs for root cause analysis. They identified overcomplicated code blocks that relied on unnecessary Python and R scripts instead of Azure native functionality, which would deliver faster extract-transform-load processes. A 90‚ day plan was agreed to rewrite red‚ rated code blocks and improve amber ones, adding ambers to a continuous improvement backlog.",[Reduction of bugs by 70%],[https://ibmgbs.loopio.com/library?entry=10072412]
10072413.md,UK Critical National Infrastructure Agency Applies Consistent Security Across Cloud Providers,Unnamed UK Critical National Infrastructure Agency,"Government, Critical National Infrastructure","Microsoft Sentinel, Security Centre, DSC, IBM Cloud Foundation Platform","A UK critical national infrastructure agency sought to apply consistent security across its cloud providers. IBM collaborated with the client, using the GDS Service Manual and IBMs Cloud Foundation Platform toolkit to define appropriate RACI, governance, controls, architectures, and deployment patterns informed by UK and global standards (e.g., NCSC guidance, CCF, NIST, CIS). This approach enabled the agency to manage and observe settings through tools such as Microsoft Sentinel, Security Centre, and DSC.","[Faster policy deployment, Significantly improved reporting]",[https://ibmgbs.loopio.com/library?entry=10072413]
10079110.md,Beta phase of a new decision-support tool for GEL‚  digital health service,Genomics England (GEL),"Digital Health, Genomics",,"At Genomics England (GEL), we delivered the Beta phase of a new decision‚ support tool for GEL‚  digital health service that analyses genomic tests for cancer patients. We met all GDS Service Manual and NHS standards, using double‚ diamond user‚ centred methodology with agile delivery in an IBM‚ GEL multidisciplinary team of 60. We held 40 research sessions in 12 locations with end users (NHS clinical scientists) to ensure our product addressed their end‚ to‚ end workflow, maintaining an insights repository of pain points and findings. The Beta launched in 2022 in all 7 GEL sites alongside the existing tool; by consolidating 5 screens into 1, it significantly reduced cognitive load.","[Reduced cognitive load for clinicians, Freed up clinical time in over 1600 cases to date]",[https://ibmgbs.loopio.com/library?entry=10079110]
10079112.md,NHS England‚  delivery partner for the NHS App,NHS England,"Healthcare, Public Sector",,"As NHS England‚  delivery partner for the NHS App since 2022, we work in 14 multidisciplinary rainbow teams with 250 people from 3 organisations (NHS, IBM, BJSS), collaborating with 12 NHS programmes (Wayfinder NHS Login). We cover all categories in the Government Digital and Data Profession Capability Framework. We take an Enterprise Design Thinking approach to multidisciplinary working, framing the work of each profession at each stage of the GDS Service Manual lifecycle. We use Scaled Agile methods to coordinate activity and foster inclusivity through open playbacks, retrospectives and knowledge sharing. We delivered >100 successful releases in 2023, reaching our target of 75% of England‚  population signed up to the App, 3 months early.","[Delivered over 100 successful releases in 2023, Achieved 75% of England‚  population signed up to the NHS App three months ahead of schedule]",[https://ibmgbs.loopio.com/library?entry=10079112]
10079113.md,NHS England‚  delivery partner for the NHS App,NHS England,"Healthcare, Public Health","FHIR-compliant Notifications & Messaging, GP Patient-Facing Services APIs, NHS Login API, Spine PDS API","Since 2022, IBM has served as the delivery partner for NHS England‚  national digital service, the NHS App. The project involves building, testing and scaling a high‚ volume, interoperable platform that supports over 6 million monthly users across England. Using DevOps methodology and continuous improvement practices, IBM architects new features with scalability in mind, develops FHIR‚ compliant notification and messaging components, integrates with NHS Login and Spine PDS APIs, and prioritises performance enhancements through rigorous testing and bottleneck analysis.","[ £52.4 million contract value, >6 million monthly users served, Delivered over 100 releases, Increased message capacity by 100% within six weeks to support national campaigns]",[https://ibmgbs.loopio.com/library?entry=10079113]
10079114.md,Digital Transformation of Screening,NHS England,"Healthcare, Public Health",,"As NHS England‚  delivery partner for the Digital Transformation of Screening since 2022 ( £40m contract), we designed to-be preventative journeys across Breast and Diabetic Eye Screening and the multi-cancer early detection (MCED) Galleri test (total >3m people p.a.). We used Enterprise Design Thinking methodology to understand patient and provider needs, produced service design blueprints and interactive prototypes and tested with representative users. This validated requirements based on value to users in advance of development, saving time & money. We identified programme-specific implementation requirements and cross-programme re‚ usable capabilities, working with senior stakeholders to ensure a fully rounded delivery plan was in place.","[Validated requirements before development, Saved time and money by testing prototypes early]",[https://ibmgbs.loopio.com/library?entry=10079114]
10079115.md,NHS App Integration and Service Delivery,NHS England,"Healthcare, Public Health Services","NHS Login, PDS, Wayfinder, ePS, eRS","IBM serves as the delivery partner for the NHS App since 2022, designing, building and operating a national digital service that integrates with 17 third‚ party suppliers (including TPP, EMIS, AccuRx) and 12 national services such as NHS Login, PDS, Wayfinder, ePS and eRS. The project involved streamlining the SCAL integration process from expression of interest to post‚ go‚ live support, ensuring standards compliance and engaging with legal, IG and clinical stakeholders. IBM authored a new integration strategy for the NHS App, enabling resource allocation based on value and adding 10 new integrations in 2023.","[Streamlined SCAL integration process, New integration strategy enabling value-based resource allocation, Added 10 new integrations in 2023]",[https://ibmgbs.loopio.com/library?entry=10079115]
10079116.md,Pilot for the Carers Support Payment,Social Security Scotland,"Public Sector, Social Services",,"As Social Security Scotland‚  digital partner, we launched a pilot for the Carers Support Payment in 2022. Using Enterprise Design Thinking methodology, we conducted 15 interviews and 11 focus groups with service users, carers, third‚ party organisations and community support groups (122 people), including stakeholders from remote Highland & Island areas with low incomes and low digital literacy. The research collaboration led to the expansion of communication channels used with service users, a check on eligibility at the start of the process, and increased uptake of the benefit.","[Expanded communication channels for service users, Implemented early eligibility checks, Increased benefit uptake by over 35%]",[https://ibmgbs.loopio.com/library?entry=10079116]
10079117.md,CyberLiver Digital Therapeutic MDR Class IIa Certification,CyberLiver,"Healthcare, Medical Devices, Digital Therapeutics",,"ETHOS partnered with CyberLiver to deliver a successful submission for UK MDR Class IIa certification. The project involved device classification, essential requirements assessment, clinical evaluation, conformity declaration, implementation of corrective action processes, and MHRA registration through the notified body SGS.","[Successful UK MDR Class IIa certification, Completed device classification and essential requirements compliance, Clinical evaluation completed, Conformity declaration issued, Corrective action processes implemented, MHRA registration achieved]",[https://ibmgbs.loopio.com/library?entry=10079117]
10079118.md,NHS App Delivery Partner Case Study,IBM,"Healthcare, Public Health Services","NHS Login, PDS (Patient Demographics Service), Wayfinder, ePS (Electronic Prescription Service), eRS (Electronic Referral Service)","Since 2022, IBM has served as NHS England‚  delivery partner for the NHS App. The multidisciplinary team of over 200 people designs, builds and operates the app using Scaled Agile, Enterprise Design Thinking and DevOps methodologies. They have direct experience with the NHS architecture, including 12 national services (e.g., NHS Login, PDS, Wayfinder, ePS, eRS) and collaboration with 17 third‚ party suppliers such as TPP, EMIS and AccuRx. The team works closely with stakeholders from all these organisations to ensure seamless integration and continuous improvement.","[Deployed over 100 releases in 2023, Delivered ministerial commitments to the Mobile First agenda, Integrated new features including Be Part of Research, 111 Online, EPS Barcode, GP Registration, Enhanced Test Results, PEP Messaging Integrations & Vaccine Booking into the NHS App]",[https://ibmgbs.loopio.com/library?entry=10079118]
10079119.md,Behavioural Science-Driven Digital Solution for Canadian Bank,Canadian bank (unnamed),"Banking, Financial Services",,"As the digital design partner of a Canadian bank in 2022, we applied Expectancy‚ Value behavioural science theory and methodology to model the decision‚ making process that clients go through when deciding to click on an offer and completing the fulfilment process. We assessed over 250 campaigns for performance across key business metrics, identified top and low performing campaigns, and analysed success factors. A 100+ page playbook was built with design and orchestration recommendations based on behavioural science evidence, best practices and standards across the bank. The playbook was used to redesign the technical solution for 40 underperforming offers.",Purchase rates increased by 420% and engagement on a new savings product rose by 36%.,[https://ibmgbs.loopio.com/library?entry=10079119]
10111324.md,National Grid Automation Case Study,National Grid,"Utilities, Energy (Critical National Infrastructure)","Automation Control Centre (ACC) platform, Dynatrace application monitoring, WinAutomation RPA, ServiceNow, Slack integration, Docker container-based applications","IBM supported National Grid in delivering critical regulated services by implementing a comprehensive automation strategy. The Automation Control Centre (ACC) platform was established to provide a single pane view of service health, integrating Dynatrace for monitoring with WinAutomation for robotic process automation. Over 110 automated bots were deployed to alert teams and execute self‚ healing actions when thresholds were breached. Additional capabilities included autonomous application management, proactive system maintenance, trend analysis, root cause analysis, anomaly detection, and ChatOps via Slack integration with ServiceNow for automatic ticket creation.","[Total incidents reduced by 50%, Over 750 P3/P4 incidents avoided, Major incidents reduced by 70%, Manual health check effort cut by 80%, AMS OPEX costs lowered by 40%, Customer satisfaction score of 85%]",[https://ibmgbs.loopio.com/library?entry=10111324]
10111327.md,IBM Support for UK Health Security Agency Test & Trace Operations,UK Health Security Agency (UKHSA),"Public Health, Government Services","ServiceNow, Jira, MuleSoft, Slack, Microsoft Teams","During the COVID‚ 19 pandemic, IBM was tasked with establishing and operating a 24/7 Level‚ÄØ2 and Level‚ÄØ3 support team for UKHSA‚  critical Test & Trace (T&T) applications. Within the first month IBM set up a fully operational support organisation, implemented governance structures based on monthly service reviews, and introduced ITIL‚ aligned SLAs and KPIs to monitor response and restoration times. The solution leveraged ServiceNow (later than Jira) for incident and change management, integrated MuleSoft for automated patching of lower environments, and added Slack and Teams channels to coordinate triage across a multi‚ supplier environment.","[Zero P1 incidents in the past two years (only two prior to engagement), Reduced monthly MuleSoft patch execution time from 0.5 days to 30 minutes, Minimal rollbacks due to high governance quality, Maximum Net Promoter Score of 10 awarded by UKHSA for 2022 and 2023]",[https://ibmgbs.loopio.com/library?entry=10111327]
10111330.md,Green IT Vision for a Major UK Retail Bank,Major UK Retail Bank (unidentified),"Banking, Financial Services",,"IBM partnered with a major UK retail bank to help it achieve its Green IT Vision and net‚ zero by 2030. Using IBM‚  Responsible Computing Framework (RCF) and sustainability commitments, IBM analysed the bank‚  IT estate to quantify carbon emissions, identify inefficiencies, and recommend mitigation actions such as utilisation‚ based optimisation of VM cores, peak levelling, and anomaly mitigation. The project delivered granular carbon insights, consistency in data capture, a 30% reduction in carbon emissions, and fostered a data‚ driven culture that improved decision‚ making and operational efficiency.","[Granular carbon emissions insights for the client‚  technology estate, Consistent data capture across the IT estate, 30% saving in carbon emissions, Enhanced data‚ driven culture boosting decision‚ making, operational efficiency, and informing Green IT strategy]",[https://ibmgbs.loopio.com/library?entry=10111330]
10120106.md,Re-launch of Adult Disability Payment,Scottish Government,"Public Sector, Government Services",,"As Scottish Government‚  strategic digital delivery partner, we led and re-launched the Adult Disability Payment in 2022. Using strategic, user-centred Enterprise Design Thinking methodology, we co‚ designed and iterated with over 1,400 research participants across all stages of the end‚ to‚ end lived experience for service users and caseworkers, including those with accessibility needs. The project employed quantitative methods (surveys, web analytics) and qualitative methods (interviews, focus groups, usability testing).","The resulting service met WCAG 2.1 AA Guidelines, achieved a 97% satisfaction rating, increased citizen uptake of the benefit by 90%, and reduced caseworker days required by 477 per year.",[https://ibmgbs.loopio.com/library?entry=10120106]
10120108.md,NHS England ‚Äì Delivery Partner for NHS App,NHS England,"Healthcare, National Health Service","FHIR-compliant Notifications & Messaging, GP Patient-Facing Services APIs, NHS Login API, Spine PDS API","Since 2022, the supplier has served as NHS England‚  delivery partner for the NHS App, building, testing and scaling a national digital service under a  £52.4‚ÄØmillion contract that supports over 6‚ÄØmillion monthly users across England‚  diverse population. The team employs DevOps methodology with continuous improvement, architecting new features for scalability, developing high‚ volume interoperable components such as FHIR‚ compliant notifications and messaging, GP patient‚ facing services APIs, and integrating with NHS Login and Spine PDS APIs. They conduct rigorous testing to identify bottlenecks and dependencies, prioritise roadmaps, and deliver more than 100 releases.

Key achievements include doubling message capacity within six weeks to support national campaigns and maintaining high performance for a large user base.","[ £52.4\u202fmillion contract value, >6\u202fmillion monthly users, >100 releases delivered, Message capacity increased by 100% in 6 weeks]",[https://ibmgbs.loopio.com/library?entry=10120108]
10120110.md,NHS England‚  Delivery Partner for the NHS App,NHS England,"Healthcare, National Health Service","TPP, EMIS, AccuRx, NHS Login, Patient Demographics Service (PDS), Wayfinder, Electronic Prescription Service (ePS), Electronic Referral Service (eRS)","IBMGBS serves as NHS England‚  delivery partner for the NHS App since 2022, designing, building and operating a national digital service. The app integrates with 17 third‚ party suppliers such as TPP, EMIS, AccuRx and 12 national services including NHS Login, PDS, Wayfinder, ePS, and eRS. Using Enterprise Design Thinking, the team delivers an end‚ to‚ end experience that incorporates integrated products and services, streamlining the SCAL integration process from expression of interest to post‚ go‚ live support, ensuring standards compliance and engaging with legal, IG and clinical stakeholders. A new integration strategy was written for the NHS App, enabling resource allocation based on value and adding 10 new integrations in 2023.","[Streamlined SCAL integration process, Added 10 new integrations in 2023, Improved resource allocation based on value]",[https://ibmgbs.loopio.com/library?entry=10120110]
10120113.md,NHS App Delivery Partner Case Study,IBM Global Business Services,"Healthcare, NHS","NHS App, NHS Login, PDS, Wayfinder, ePS, eRS","As the delivery partner for the NHS App since 2022, IBM GBS‚  multidisciplinary team of over 200 people designs, builds and operates the app. The team has direct experience with the NHS architecture, including 12 national services (NHS Login, PDS, Wayfinder, ePS, eRS) and 17 third‚ party suppliers (TPP, EMIS, AccuRx). Using Scaled Agile, Enterprise Design Thinking and DevOps methodologies, IBM GBS delivers continuous improvement and rapid releases. In 2023 the team deployed more than 100 releases, adding features such as Be Part of Research, 111 Online, EPS Barcode, GP Registration, Enhanced Test Results, PEP Messaging Integrations & Vaccine Booking to support the Mobile First agenda.","[Delivered >100 successful releases in 2023, Met Ministerial commitments for the Mobile First agenda, Expanded NHS App functionality with key services and integrations]",[https://ibmgbs.loopio.com/library?entry=10120113]
10120115.md,IBM Incident and Problem Management for NHS Test & Trace (T&T),NHS Test & Trace (T&T),"Healthcare, Public Health",ServiceNow,"In 2020, IBM partnered with NHS Test & Trace to support its Trace Services platform. The engagement involved providing 24x7 L2 and L3 support, incident response and resolution, root cause analysis, platform maintenance, patching, configuration changes, change and problem management, system monitoring, tuning and service performance reporting across COTS and custom applications, with escalation to product vendors as required. IBM established a clear process for handling incidents and problems, tailored the service to align with NHS Test & Trace working methods and industry best practices, and followed a mix of ITIL v3 and v4 processes. The approach was designed to adapt to the constantly evolving T&T environment, incorporating DevOps culture, prioritising L2 resolution, maintaining separation of duties for production access, and maintaining a knowledge base in Confluence.

The solution included daily calls with NHS Test & Trace to agree on priorities, continuous review of incidents, and a robust knowledge base that reduced fix times and increased transparency.","[Robust processes adapted to NHS Test & Trace needs, ""Agile and flexible ways of working; prioritising T&Ts needs whilst maintaining excellent SLA performance"", A detailed knowledge base for common incidents and problems, reducing fix times and increasing transparency]",[https://ibmgbs.loopio.com/library?entry=10120115]
10120116.md,National Grid (NG) Automation Case Study,National Grid,"Energy, Utilities (Critical National Infrastructure)","ServiceNow, Dynatrace, WinAutomation (RPA), Slack, Docker, Oracle","IBM supported National Grid in transforming its Application Management Services (AMS) by introducing continuous automation and a next‚ generation service model. The Automation Control Centre (ACC) platform was built to provide a single pane of glass for proactive monitoring, integrating Dynatrace application performance data with Robotic Process Automation via WinAutomation. Over 110 automated bots were deployed to alert teams and execute self‚ healing actions when health thresholds were breached. Additional capabilities included autonomous system maintenance, trend analysis, root cause investigation, Slack integration for ServiceNow ticket creation, and a ChatOps workflow to accelerate incident resolution. The solution also leveraged existing investments such as Oracle databases and Docker containerised applications.

The project focused on high‚ impact services (Tier 1, XL, complex applications like EDAP, Pre‚ entry TB Screening, MaPS) where manual effort was greatest, automating tasks such as data loads, threshold alerting, and user provisioning. A multi‚ disciplinary squad model balanced P1/P2 incident response with proactive enhancements, while short‚ term resourcing flex increased capacity.

Results over 18 months included a 50% reduction in total incidents, avoidance of 750+ lower‚ priority incidents, a 70% drop in major incidents, an 80% cut in manual health‚ check effort, a 40% decrease in AMS OPEX costs, and an 85% customer satisfaction score.","[Total incidents reduced by 50%, +750 P3/P4 incidents avoided, Major incidents reduced by 70%, Manual health check effort reduced by 80%, AMS OPEX costs reduced by 40%, Customer satisfaction score of 85%]",[https://ibmgbs.loopio.com/library?entry=10120116]
10120119.md,UKHSA Test and Trace Support ‚Äì 24x7 L2/L3 Service Management,UK Health Security Agency (UKHSA),"Public Health, Government Services","ServiceNow, Jira, MuleSoft, Slack, Microsoft Teams","IBM was engaged by UKHSA to set up and run a 24x7 Level‚ 2 and Level‚ 3 support team for critical Test & Trace (T&T) applications during the COVID‚ 19 pandemic. Within the first month IBM established a fully operational support organisation, implemented governance structures based on monthly service reviews, and introduced Service Level Agreements (SLAs) and Key Performance Indicators (KPIs). The solution leveraged ITIL4-aligned processes, integrated tools such as Jira and later ServiceNow for incident and change management, and automated MuleSoft patching to accelerate change execution. IBM also added collaboration capabilities via Slack and Teams to streamline triage across a multi‚ supplier environment.

The implementation included:
- Rapid deployment of support staff and governance frameworks.
- SLA definition for response, restoration, and change execution times.
- Automation of monthly MuleSoft patching (0.5 days ‚Üí 30 minutes).
- Continuous improvement through knowledge transfer and service acceptance controls.

Results achieved include zero P1 incidents in the past two years, significant reduction in patch turnaround time, minimal rollbacks, and an NPS score of 10 from UKHSA for 2022‚ 23.","[Zero P1 incidents over 2 years (only two prior), Reduced MuleSoft patch execution time from 0.5 days to 30 minutes per month, Minimal change rollbacks indicating high governance quality, Maximum Net Promoter Score (NPS) of 10 awarded by UKHSA in 2022 and 2023]",[https://ibmgbs.loopio.com/library?entry=10120119]
10120122.md,Green IT Vision for a Major UK Retail Bank,Major UK Retail Bank (unnamed),"Banking, Financial Services",,"IBM partnered with a major UK retail bank to support its goal of decarbonising its IT estate and achieving net‚ zero by 2030. Using IBM‚  Responsible Computing Framework (RCF), the team analysed the bank‚  IT infrastructure, quantified carbon emissions, and identified efficiency improvements such as utilisation‚ based optimisation of VM cores, levelling utilisation peaks and troughs, and mitigating energy consumption anomalies. The project produced a single view of the bank‚  IT emissions, established reliable carbon data for technology remediation decisions, and fostered a data‚ driven culture to inform Green IT strategy.","[30% reduction in carbon emissions, Granular carbon emissions insights across the client‚  technology estate, Consistency in data capture, Enhanced operational efficiency and decision‚ making through a data‚ driven culture]",[https://ibmgbs.loopio.com/library?entry=10120122]
10125681.md,Semaphore ‚Äì Secure Integrated Border System,Home Office (UK),"Aviation, Border Security",,"For Semaphore, we helped the Home Office create a secure, integrated border system that coordinated efforts across multinational airlines, UK airports, customs and police. By collaborating closely with Home Office SMEs and key stakeholders, we leveraged our industry knowledge to design and implement a game‚ changing passenger processing application that collates disparate data into a single platform.","The new system monitors 200 million travellers per year, providing real‚ time visibility and improved security across the UK border.",[https://ibmgbs.loopio.com/library?entry=10125681]
10481531.md,Oracle Database Data Migration for the Ministry of Defence,Ministry of Defence,"Defense, Government","Oracle Cloud HCM, Oracle Cloud Payroll, Oracle Cloud ERP","Our Oracle database data migration expertise is demonstrated by our rapid analysis and consolidation of 3 departmental level Oracle EBS applications onto Oracle Cloud hosted instances of HCM, Payroll and ERP applications for the Ministry of Defence. We developed a migration strategy that minimised customisations, used our Database Accelerator tools to auto discover and complete source-to-target mapping and employed the Oracle RapidMove toolkit to auto-generate migration code.","[30% faster solution development, Improved accuracy, Migrated 55,000 staff with only 4 records needing manual update, Enhanced user experience and performance, Reduced operational costs]",[https://ibmgbs.loopio.com/library?entry=10481531]
10481533.md,Customer Data Platform for Large Telco,Large Telecommunications Company,Telecommunications,"IBM Infosphere Change Data Capture (CDC), IBM MQ","For a large telco, we built a Customer Data Platform (CDP) that uses IBM Infosphere Change Data Capture (CDC) to set up a pull‚ based CDC solution that continuously mines Oracle redo logs to collate change data for 1,200 tables spread across multiple business applications (Billing, CRM, Voucher, Retail). The CDC subscriptions operate 24/7 and collect approximately 200‚ÄØGB of delta data per month. To manage source system load we set up multiple capture and apply instances and balanced CDC work. We also implemented IBM MQ as a messaging bridge between source and target. The CDP has reduced client data collection effort by 75%, enabled more frequent and accurate reporting, and drove more effective campaigns in support of business goals.","[Reduced client data collection effort by 75%, Enabled more frequent and accurate reporting, Drove more effective marketing campaigns]",[https://ibmgbs.loopio.com/library?entry=10481533]
10481534.md,Legacy system data migration,Phoenix Group (acquired Standard Life),"Insurance, Financial Services",Cloud-based solution,"When Phoenix Group acquired Standard Life we leveraged our extensive experience and expertise in legacy system data migration to migrate data from legacy Oracle EBS and SAP solutions to a new cloud based solution resulting in major upgrade and legacy decommission. We used IBM Datastage to bulk extract and load legacy Oracle data and created custom transform routines to merge SAP object data into the same target system(s). The new platform enabled business integration, streamlining of operations, and improved efficiency. We also supported the migration of data from ReAssure, acquired by Standard Life, resulting in rapid merger, on-time and under budget delivery.","[Major upgrade and legacy decommission, Business integration and streamlined operations, Improved efficiency, On-time and under-budget delivery, Over 25% reduction in operating costs, Improved colleague experience]",[https://ibmgbs.loopio.com/library?entry=10481534]
10481535.md,Demonstrate experience and expertise with Real‚ time data synchronisation,National Health Service (NHS) ESR payroll system,"Healthcare, Public Sector","Oracle Data Guard, Apache Kafka","The NHS ESR payroll system, serving over 1 million staff and the largest Oracle payroll system worldwide, required IBM to migrate two databases totalling 150‚ÄØTB to two new data centres. Using Oracle‚  Data Guard, real‚ time data sync was achieved between the sites, minimising cutover risk and enabling a rapid go‚ live while transferring more than 1‚ÄØTB of archive logs daily to ensure business continuity. Additionally, IBM enabled a government department to meet legislative requirements by implementing an Apache Kafka solution that streams events from the Declaration Management System to the Data Warehouse in real time, generating approximately 120‚ÄØmillion notifications per year with peaks up to 200 messages per second.","[Real‚ time data synchronization between two sites, Reduced cutover risk and accelerated go‚ live, Continuous transfer of archive logs ensuring business continuity, Compliance with legislative requirements for the government department, High‚ volume event streaming (120\u202fmillion notifications/year, up to 200 msgs/sec)]",[https://ibmgbs.loopio.com/library?entry=10481535]
10481536.md,Demonstrate technical architecture professional capability in Data Migration from legacy solutions,UK Health Security Agency,"Healthcare, Public Health",AWS,"When the UK Health Security Agency needed to migrate large volumes of legacy data from 200 sources, we designed and built a fully native AWS data platform. The migration involved moving old dataflows to the new system using a microservices architecture that separated processing and storage for scalability and efficiency. We also established a data governance framework, including a data catalogue and data lineage solution, to ensure data quality and compliance, and created a data pipeline template for customized ingestion.","[Consolidated existing platforms processing 0.5PB of data, Saved over  £10 million per year]",[https://ibmgbs.loopio.com/library?entry=10481536]
10481537.md,Defra Data Migration to AWS,"Department for Environment, Food & Rural Affairs (Defra)","Government, Public Sector","AWS Oracle RDS, PostgreSQL on AWS, AWS DMS","IBM migrated 20TB of relational and geospatial data from a legacy Oracle data warehouse to AWS Oracle RDS using AWS Database Migration Service (DMS) and IBM DataStage for ETL over two weekends, aligning with batch job windows to minimise business impact. Additionally, a 6TB Oracle database was upgraded from 10g to 19c, transitioning from AIX to Red Hat Linux/x86 and Windows, with the cutover completed over a weekend without disrupting business-as-usual operations. All KPIs were maintained and no performance degradation occurred.","[Successful migration of 20TB data to AWS Oracle RDS and PostgreSQL, Upgrade of 6TB database from Oracle 10g to 19c with platform transition, No disruption to BAU during weekend cutovers, All key performance indicators met, maintaining performance levels]",[https://ibmgbs.loopio.com/library?entry=10481537]
11311424.md,Green IT Vision for a Major UK Retail Bank,Major UK Retail Bank (unnamed),"Banking, Financial Services",IBM Responsible Computing Framework (RCF),"A major UK retail bank approached IBM to achieve a Green IT Vision underpinning net zero by 2030 and establish reliable carbon data for technology remediation. IBM applied its Responsible Computing Framework, leveraging its sustainability commitments and 21 goals, to analyse the bank‚  IT infrastructure, quantify carbon emissions, and recommend efficiency improvements such as utilisation‚ based optimisation of VM cores, leveling utilisation peaks, and mitigating energy consumption anomalies.","[30% reduction in carbon emissions, Granular carbon emissions insights for the client‚  technology estate, Consistent data capture enabling a data‚ driven culture, Increased operational efficiency and informed Green IT strategy]","[https://ibmgbs.loopio.com/library?entry=11311424, https:/www.ibm.com/blog/ibms-dedication-to-responsible-computing]"
11705771.md,Scottish Government Benefits Programme Delivery,Scottish Government (SG),"Public Sector, Government Services",,"IBM IX delivered 14 benefits services for the Scottish Government from discovery to live, applying User‚ Centred Design and Enterprise Design Thinking techniques. The approach included rapid prototyping, alpha releases, and a Release & Decommissioning Method (RDM) to transition solutions into production while decommissioning legacy systems.","[97% customer satisfaction, Won UK IT Awards‚Äô Project of 2023 for the Adult Disability Service delivery, $2 million potential savings by avoiding re‚ work based on incorrect hypotheses]",[https://ibmgbs.loopio.com/library?entry=11705771]
12158077.md,Case Study - Home Office Green Team,Home Office,"Government, Public Sector",,"IBM partnered with the UK Home Office to develop a pilot ‚ÄòCarbon Footprint‚Äô baseline assessment questionnaire for its DDaT Women in Technology and Sustainability programmes. The assessment captured service‚ level metrics such as power consumption, legacy service volume, travel miles, device usage, and staff green‚ issue knowledge. Using this data IBM helped the Home Office Green Team set carbon reduction targets, create an action plan to raise awareness of green impacts, and establish a training programme focused on Green IT options in build and delivery. The project also supports ongoing monitoring through annual ‚ÄòCarbon Footprint‚Äô service delivery assessments and is exploring a performance‚ league dashboard to visualise reductions by service.

Key activities included:
- Baseline assessment questionnaire development
- Carbon reduction target setting and action planning
- Awareness building via training, webinars, and sustainability community portal content
- Support for Home Office Sustainability Awareness Week 2022
- Ongoing engagement with the Green Team through governance tools, steering groups, and a proposed dashboard.

The initiative aims to embed sustainability into service delivery, influence technology decisions towards lower carbon footprints, and provide measurable progress against tangible targets.","[Established baseline metrics for carbon footprint across multiple services, Enabled Home Office teams to set and commit to specific carbon reduction targets, Created awareness and training programmes that increased staff knowledge of green IT, Provided a framework for ongoing monitoring and reporting via annual assessments and potential dashboard]",[https://ibmgbs.loopio.com/library?entry=12158077]
12228464.md,Jaguar Land Rover RPA Centre of Excellence,Jaguar Land Rover,"Automotive, Manufacturing",,"IBM established a world‚ class Robotic Process Automation (RPA) Centre of Excellence for Jaguar Land Rover, providing programme management, developers and business analysts to kick‚ start JLR‚  automation function while upskilling permanent capability. The project began with the delivery of 80 process automations, expanding from an initial onshore team to a hybrid onshore/offshore model in Year‚ÄØ2.","[Saved  £3\u202fmillion in the first year, Delivered 80 process automations saving  £18\u202fmillion per year, Expanded team to support further intelligent automation initiatives such as analytics, chatbots, machine learning and workflow solutions]",[]
12253989.md,End-to-End Automation Transformation for a South-West Police Force,South‚ West Police Force,"Public Sector, Law Enforcement","Blue Prism (RPA platform), Azure (planned future migration)","IBM delivered an end‚ to‚ end automation transformation for a South‚ West Police Force, starting from discovery through to support and maintenance. The project involved setting up Blue Prism infrastructure, establishing an RPA Centre of Excellence (CoE), designing, developing, testing and deploying four priority processes, and building a business case for long‚ term RPA investment. IBM leveraged existing process catalogues and policing automation assets to accelerate delivery, completing infrastructure one month early and delivering the first set of automations by month‚ÄØ5. The scope expanded to 14 live processes, with additional discovery workshops, catalogue development (160+ processes) and a total FTE value exceeding 40.

Key milestones included: kick‚ off, discovery of four priority processes, infrastructure configuration, CoE onboarding, full deployment of all priority processes, hyper‚ care, knowledge transfer and client handover. IBM also hosted 12 discovery workshops across seven departments, designed 21 end‚ to‚ end automations, and built a catalogue of 160+ processes.

The project resulted in significant outcomes: early infrastructure delivery, rapid development timelines (e.g., a 10‚ week build reduced to 4 weeks), 14 live processes by contract end, creation of an internal RPA CoE, and the force becoming fully self‚ sufficient in RPA. The client reported high satisfaction (NPS‚ÄØ10/10) and recommended IBM as an RPA supplier.","[Infrastructure completed one month early, Four priority processes deployed by month\u202f5; additional process delivered in month\u202f6, Expanded to 14 live processes by contract end, Created internal RPA CoE enabling self‚ sufficiency, Client NPS 10/10 and further collaboration opportunities]",[https://ibmgbs.loopio.com/library?entry=12253989]
12371602.md,Barloworld Limited ‚Äì Barloworld Business System,Barloworld Limited,"Manufacturing, Heavy Equipment Distribution",,"IBM partnered with Barloworld Limited, a South African conglomerate and worldwide Caterpillar dealer, to develop and deploy the Barloworld Business System (BBS). The initiative aimed to create a common cross‚ functional transformation methodology modeled on Danaher‚  approach, improve operational performance across diverse divisions, enable talent mobility, and embed lean principles throughout the organization. IBM applied Lean transformation, Hoshin Kanri strategy deployment, value stream mapping, daily improvement coaching, and executive development frameworks to align strategic projects, streamline processes, and build an in‚ house continuous improvement capability.

Key deliverables included:
- Design and rollout of BBS as a shared improvement methodology across corporate and equipment divisions.
- Alignment of cross‚ functional initiatives with strategic goals.
- Lean culture adoption from Caterpillar, positioning Barloworld as the best‚ performing global dealer.
- Training over 10,000 employees in continuous improvement techniques.
- Reduction of recruitment onboarding time by >60%, vehicle maintenance turnaround by 50%, and off‚ highway truck repair time by 61%.

IBM served as a trusted strategic advisor, coach, and training partner, managing scope, cost, and quality through clear phase definitions, steering committee reviews, and resource optimization from European to local African teams.","[>60% reduction in recruit‚ to‚ onboard time, 50% reduction in standard vehicle maintenance time via drive‚ in/drive‚ out service (70+ dealer sites), 61% reduction in off‚ highway mining truck repair turnaround, Boosted Avis/Budget reservation agents achieving 1\u202fM Rand monthly revenues from 29% to 75%, Over 10,000 employees trained in continuous improvement and problem‚ solving techniques]",[https://ibmgbs.loopio.com/library?entry=12371602]
12371989.md,Barfield Site Consolidation Project,Barfield (Air France KLM Engineering and Maintenance),"Aviation, Aircraft Engineering & Maintenance",,"IBM partnered with Barfield to consolidate three operational sites into a single location. The goal was to reduce the company‚  physical footprint, improve on‚ time delivery performance, and enhance employee engagement while avoiding disruption to staff and customers. IBM applied its collaborative, learn‚ by‚ doing approach to guide the reorganization and transformation management.","[38% reduction in physical footprint, 15% improvement in on‚ time delivery (OTD), enhanced employee engagement and unified team culture]",[]
12381592.md,Design_4Value Implementation for a Large UK Telecoms Organisation,Large UK telecoms organisation (unnamed),Telecommunications,,"IBM applied Lean Thinking, Design Thinking and Automation to develop the Design_4Value capability. The approach focused on customer value, re‚ engineering processes across divisions to eliminate waste, address user pain points and simplify workflows. A key application was in Corporate Billing for mobile phone accounts, where IBM‚  automation reduced monthly disputes from over 2% to less than 0.3%, and cut the average time to resolve disputes by 60 days.","[Reduced dispute rate from >2% to <0.3%, Cut average dispute resolution time by 60 days]",[https://ibmgbs.loopio.com/library?entry=12381592]
12381613.md,European Electricity Network Provider ‚Äì Lean Connections Programme,European Electricity Network Provider,Energy (Renewable Grid Connections),,"IBM partnered with a European electricity network provider to optimise its ‚ÄòApplication to Energise‚Äô processes for renewable grid connections nationwide. The engagement focused on improving change management, operational planning, forecasting, and programme delivery to meet the national target of 70% renewable electricity generation by 2030. IBM applied Lean operational improvement methodology, designed future state processes, developed training materials, business intelligence dashboards, and virtual Project Studio workspaces to enhance collaboration and decision‚ making across project teams.","[Halved time-to-connect through improved process efficiency, Achieved 100% on‚ time offers for 2022 auctions unlocking regulator incentives, Reduced energise‚ to‚ technical completion timeline by 47%, cutting asset values and interest costs, Completed projects 18 months ahead of schedule, Withdrew non‚ viable projects early via better monitoring, Trained and certified internal Lean Connections team accredited by Cardiff University]",[https://ibmgbs.loopio.com/library?entry=12381613]
12381826.md,Lundbeck Pharmaceutical Innovation Case Study,Lundbeck,"Pharmaceuticals, Life Sciences",,"IBM partnered with Lundbeck, a Danish pharmaceutical company operating in a highly regulated sector, to drive innovation and improve operational efficiency. By challenging existing paradigms and identifying areas where changes could be made without revalidating regulated processes, IBM helped Lundbeck reduce change‚ over times between batches by up to 95% and cut chemical R&D lead times by 75%. The engagement focused on process optimization, rapid delivery of digital solutions through IBM Garage, and leveraging AI assistants for advisory projects.","[Reduced batch change‚ over time by up to 95%, Cut chemical R&D lead times by 75%, Enhanced innovation capability while maintaining regulatory compliance]",[https://ibmgbs.loopio.com/library?entry=12381826]
12385113.md,Data-as-a-Service AMI,Fluvius,Utilities ‚Äì Electricity & Gas Distribution,Hybrid Cloud (IBM/Kyndryl Data Centre),"Fluvius, the Flemish electricity and gas distribution grid operator, partnered with IBM (and technology partner Sagemcom) to extend its Head End System (HES) hub for smart meter deployment. The project involved migrating communications to 5G LTE, re‚ architecting the core solution from legacy technology to a microservices, component‚ based architecture on Kubernetes, and deploying the Hub on a hybrid/private cloud. IBM delivered an end‚ to‚ end digital transformation covering manufacturing, delivery, data collection, integration, customer accessibility, and sustainable energy billing solutions.

Key deliverables included a programme operating model, automated KPI monitoring framework, daily automated KPI dashboards, firmware update management, real‚ time fault monitoring, and a unified dataflow management/reporting framework that supports multi‚ vendor, multi‚ utility provision. The solution enables differential KPIs for various contract terms to coexist within one dataflow.

IBM also managed scope creep, cost control, and quality through change‚ management processes, cost‚ to‚ serve attribution, automated regression testing with Robot Framework, and cyber‚ secure commissioning of meters.

The result is a scalable, low‚ cost per meter point AMI platform that can be extended to other utilities and countries, supporting up to 7‚ÄØmillion devices and opening new data service opportunities for Fluvius.","[Reduced CAPEX and streamlined OPEX (commercial details confidential), Provided metering operations on business KPIs and Data-as-a-Service to support market integration, Enabled expansion to other utilities with a plan to extend to 7\u202fmillion devices, Delivered lowest cost per meter point for AMI across Europe]",[https://ibmgbs.loopio.com/library?entry=12385113]
12385132.md,Southern Water‚  Wholesale Optimisation,Southern Water,"Utilities, Water Sector",,"IBM led the value engineering and business case management for a 2‚ year delivery of Southern Water‚  Wholesale Optimisation program. The project used process analytics and live operations data to forecast achievable benefits, allowing monthly revisions to delivery cost, benefit and value realisation. IBM applied data science and analytics to identify that 56% of rising main failures were preventable through operational changes rather than asset replacement.",The solution prevented at least six pollution incidents per year post‚ implementation and enabled the client to reduce planned capital expenditure by identifying unnecessary interventions.,[]
12385135.md,Digital Operations AIOps Platform for a Major U.S. Wireless Operator,Major U.S. Wireless and Mobile Network Operator,Telecommunications,"AI-driven alerting, API integration, Process automation","IBM collaborated with the operator to co-create a Digital Operations ‚ÄúAIOps‚Äù platform that enriches and analyzes multi‚ source operational data, introduces AI‚ driven alerting, and leverages APIs, process automation, and scripting to trigger automated actions and resolutions. The solution integrates real‚ time monitoring into the IT Service Management system.","[80% of operational monitoring automated, 37% reduction in signal noise, 40% reduction in ops monitoring manpower, 71% reduction in processing time]",[https://ibmgbs.loopio.com/library?entry=12385135]
12393802.md,Avon and Somerset Police RPA Implementation,Avon and Somerset Police,"Public Sector, Policing",,"IBM partnered with Avon and Somerset Police to design, implement, and scale a Robotic Process Automation (RPA) solution from 2019 to 2023. The project delivered 44 automations across the force, freeing up approximately 70 full‚ time equivalent staff for higher value activities. IBM established an in‚ house Automation Centre of Excellence (CoE), providing governance, demand management, lifecycle methodology, and operational support. The CoE framework includes Vision & Strategy, Organisation & People, Governance & Demand Management, Automation Lifecycle, and Operate pillars to ensure scalable delivery and ongoing automation capability.","[44 automations delivered, 70 FTE freed for higher value work, Established sustainable in‚ house RPA capability via a Centre of Excellence]",[https://ibmgbs.loopio.com/library?entry=12393802]
12394839.md,Guardian Air Command and Control System L2 Support Case Study,,"Defence, Military",,"This case study details how an unnamed supplier has delivered Level‚ 2 (L2) support for the Guardian Air Command and Control (C2) system in the Falkland Islands. The Guardian system is a mission‚ critical capability for the Royal Air Force, providing real‚ time situational awareness to military leaders. Over more than two decades the supplier has designed, deployed and now supports the system with high availability (>95%) and safety‚ related requirements governed by the Military Aviation Authority.

Key aspects of the implementation include:
- Redundant, resilient architecture and user‚ friendly design to minimise failure risk.
- Multi‚ level 24/7 support (L1 on‚ site, L2 remote/onsite from a secure List‚ÄØX location, and L3 logistics).
- Service management via SolarWinds for monitoring, CMDB, asset tracking and reporting.
- Structured training programmes aligned with JSP‚ÄØ822, delivered through classroom sessions, e‚ learning and hands‚ on simulations.
- Event and problem management processes using SolarWinds alerts, Rational Incident Management System and escalation procedures.
- Knowledge transfer via technical publications, workshops, safety briefings and collaboration tools such as Kahootz.

The supplier achieved the required high availability targets since 2021, met SLA commitments for Severity‚ÄØ1/2 incidents, and successfully deployed the latest iteration of Guardian to the Falkland Islands in 2024 despite logistical challenges. The project was recognised with a Highly Commended award at the 2024 MCA awards.

Outcomes:
- Sustained >95% system availability across all iterations.
- Rapid incident resolution within SLA, including on‚ site fixes for P2 incidents.
- Comprehensive training and documentation that enabled local L1 teams to handle routine issues independently.
- Improved stakeholder visibility through monthly/quarterly performance reports.
- Recognition by the Military Aviation Authority and industry awards.","[Maintained >95% availability, Met SLA for Severity\u202f1/2 incidents, Successful 2024 deployment to Falkland Islands, Highly Commended at 2024 MCA awards]",[https://ibmgbs.loopio.com/library?entry=12394839]
12404548.md,"Health Service Executive (HSE), Ireland ‚Äì Digital Vaccination Transformation",Health Service Executive (HSE),"Healthcare, Public Health Services","Salesforce Experience Cloud, Salesforce Marketing Cloud, Salesforce Service Cloud, Salesforce CRM Analytics, MuleSoft Integration Layer, Amazon Connect","IBM Consulting partnered with Irelands Health Service Executive to transform traditional vaccination processes into a modern digital service during the COVID‚ 19 pandemic. The project delivered a comprehensive Salesforce‚ based solution that enabled 100% digital registration, appointment scheduling, and communication for over five million citizens. IBM led the end‚ to‚ end transformation using its Garage methodology (Co‚ create, Co‚ execute, Co‚ operate), assembling a global multidisciplinary team of clinicians, architects, developers, and technical experts. The solution integrated Salesforce Experience Cloud for public registration, Salesforce Marketing Cloud for SMS/email communications, Salesforce Service Cloud for call centre operations, and Salesforce CRM Analytics for real‚ time insights. MuleSoft enabled connectivity with GP systems, pharmacy networks, the national Irish Health Identifier lookup, Eircode verification, and Amazon Connect telephony services.

Critical data protection was achieved through Own Backup, providing automated high‚ frequency daily backups, rapid recovery, sandbox seeding, and audit trails, which proved essential during a significant cyber‚ attack. The implementation also included role‚ based access controls and regular security audits to meet stringent health data privacy requirements.","[Recorded over 10.6\u202fmillion COVID‚ 19 vaccinations, 2.8\u202fmillion booster shots, and 1\u202fmillion flu vaccinations, Sent over 50\u202fmillion digital communications, Implemented 35 major releases over 45 months, Optimised efficiency by automating 70% of previously manual processes, Improved information quality through centralised data collection, Enhanced responsiveness with rapid deployment capabilities, Increased employee and customer satisfaction, Net Promoter Scores 9‚ 10/10, Maintained continuous operation during a cyber‚ attack]",[https://www.ibm.com/case-studies/health-service-executive]
12404572.md,UK Health Security Agency (UKHSA) Transformation Programme,UK Health Security Agency,"Healthcare, Public Health","Salesforce Service Cloud, Experience Cloud, MuleSoft","IBM led a comprehensive transformation programme for the UKHSA, delivering the Managed Quarantine Service (MQS) and International Arrivals Service. As prime contractor, IBM managed end‚ to‚ end implementation with a multidisciplinary team of over 50 specialists to deliver a secure, integrated solution built on Salesforce technologies. The architecture centred on a Salesforce Service Cloud case management system, complemented by an Experience Cloud customer portal and MuleSoft integration platform, processing over 2‚ÄØmillion records daily with automated workflow management and real-time reporting.","‚Ä¢ 80% reduction in manual processing through digitisation of paper‚ based workflows
‚Ä¢ Securely processed over 100,000 cases involving sensitive personal data
‚Ä¢ Over 100 successful releases deployed over nine months
‚Ä¢ Automated workflows improved staff productivity
‚Ä¢ Real‚ time performance metrics provided unprecedented operational visibility",[https://www.ibm.com/case-studies/uk-health-security-agency]
12408664.md,"Health Service Executive (HSE), Ireland",Health Service Executive (HSE),"Healthcare, Public Health Services","Salesforce Experience Cloud, MuleSoft, Marketing Cloud","IBM designed and implemented a nationwide public-facing vaccination portal for Irelands five million citizens using Salesforce Experience Cloud. The portal included secure citizen authentication with multi-factor verification, integration with the National Health Identifier system, Eircode address verification, personalized dashboards, document upload, multilingual support (English, Irish, Polish), queue management via QueueIt, caching strategies, robust security and compliance measures, accessibility features in collaboration with the National Council for the Blind of Ireland, Google Analytics integration, MuleSoft backend services, and Marketing Cloud automated communications.","[Served over five million citizens, Processed 10.6 million COVID-19 vaccinations, Maintained 99.9% uptime during peak registration periods, Achieved full accessibility compliance certification, Received high user satisfaction scores of 9-10/10, Zero breaches of citizen data despite targeted cyber-attacks]",[https://ibmgbs.loopio.com/library?entry=12408664]
12408667.md,UK Government Agency - Customs Portal Implementation Project,UK Government Agency,"Government, Customs & Trade Compliance","Salesforce Service Cloud, Salesforce Experience Cloud, MuleSoft","A secure public‚ facing portal enabling traders to submit and manage import/export documentation. The project delivered Salesforce Service Cloud and Experience Cloud components, with MuleSoft handling integration. Key technical work included designing the core platform, building Lightning Web Components for document upload, multi‚ step forms, SSO via Government Gateway OAuth, responsive design, and accessibility enhancements (WCAG 2.2 AA). A comprehensive DevOps pipeline using Atlassian tools, automated regression testing, Selenium/Cucumber front‚ end tests, and custom caching solutions were implemented to support high‚ volume submissions.","[Platform capable of processing high volumes of customs declarations at a national level, Passed independent accessibility audit with zero critical issues, Successful adoption across mobile, tablet, and laptop devices]",[https://ibmgbs.loopio.com/library?entry=12408667]
12408671.md,Case Management System Implementation for UK Health Security Agency,UK Health Security Agency (UKHSA),"Public Sector, Healthcare, Public Health","Salesforce Service Cloud, Amazon Connect","IBM implemented a secure, enterprise‚ scale case management system for the UK Health Security Agency, delivering the Managed Quarantine Service and International Arrivals Service. The solution was built on Salesforce Service Cloud with advanced case routing, SLA management, configurable workflows, document management, audit trails, role‚ based access controls, and hierarchical case relationships. It integrated seamlessly with Amazon Connect to enable automated case creation from inbound calls, screen‚ pop displays, click‚ to‚ dial, call recordings, priority routing, real‚ time queue management, transcription, and sentiment analysis.","[Manual case processing time reduced by 80%, Average case handling time decreased by 40%, First contact resolution improved by 35%, Call handling times reduced by 45%, System processed over 100,000 cases involving sensitive data, 99.9% availability maintained with error rate dropped from 2% to 0.02%]",[https://ibmgbs.loopio.com/library?entry=12408671]
12408673.md,Enterprise‚ wide Case Management Solution for a Major UK Transport Operator,Major UK Transport Operator (rail franchises),"Transportation, Rail","Salesforce Service Cloud, MuleSoft, Salesforce Einstein","The implementation delivered an enterprise‚ wide case management platform using Salesforce Service Cloud to replace 12 legacy systems, consolidate customer interactions across multiple rail franchises serving over 2‚ÄØbillion passengers annually, and integrate telephony, finance, and back‚ office systems. The solution included automated case routing, a centralised knowledge base, real‚ time dashboards, PCI DSS compliant payment handling, AI‚ powered case classification, and MyTrailhead training for users.","[>20% reduction in average case handling time, >20% improvement in first contact resolution, Consolidated view of customer interactions across all channels, Successful adoption via MyTrailhead training, Unified way of working across contact centres, Enhanced customer experience through AI‚ powered classification, Recognition with Salesforce Partner Innovation Award for Service Cloud Excellence]",[https://ibmgbs.loopio.com/library?entry=12408673]
12408687.md,Air Canada Case Study,Air Canada,"Aviation, Airline Industry","MuleSoft Cloudhub, Runtime Fabric on AWS","IBM implemented and supports a MuleSoft integration layer for Air Canada, modernising their legacy mainframe passenger reservation system. The solution handles sensitive passenger data and complex integrations with government systems, supporting high‚ traffic operations such as shopping, booking, reservation management, departure control, and dynamic pricing. It includes over 300 APIs processing more than 250‚ÄØmillion transactions per day, a high‚ availability production environment spanning 500 virtual cores, a comprehensive DevOps pipeline across six environments, and 24/7 application management services. IBM also executed a Mule †3 to Mule †4 migration.","[Zero security breaches while processing over 250M daily transactions, Average response time under 200\u202fms for critical operations, 300% improvement in time‚ to‚ market for new integrations, Modernised legacy mainframe systems and enhanced security compliance]",[https://ibmgbs.loopio.com/library?entry=12408687]
12408696.md,MuleSoft Implementation for the US Department of Veterans Affairs,US Department of Veterans Affairs,"Healthcare, Government (Veterans Affairs)","MuleSoft Enterprise Integration Platform, Salesforce","The project involved designing, implementing, and supporting a MuleSoft-based enterprise integration platform for the VA‚  Digital Transformation Centre initiative. It connected over 170 medical centres and clinics nationwide, integrating healthcare systems, benefits systems, and citizen-facing digital services across multiple SaaS platforms, legacy systems, and third‚ party services. The implementation included automated CI/CD pipelines, reusable integration patterns, proactive monitoring, high-volume document processing APIs (handling 14 million documents annually), secure authentication flows, fault‚ tolerant architectures, and compliance with federal security standards.","[Unified platform for 170+ distributed medical centres and clinics, Reduced processing time from 15 days to 15 minutes through automated integrations]",[https://ibmgbs.loopio.com/library?entry=12408696]
12409459.md,Implementation example,Public Health Sector,"Healthcare, Public Health","Salesforce, OwnBackup","IBM worked with a public health client to create comprehensive backup and disaster recovery plans for clinical data. Using OwnBackup, IBM delivered daily, weekly, monthly, and annual backups with retention policies. The solution included automated backup schedules, granular restoration via the OwnBackup dashboard, and audit-ready records for compliance.","[Secured critical business data and metadata, Ensured robust data integrity, Enabled seamless compliance with regulatory requirements through automated backup and retention processes]",[https://ibmgbs.loopio.com/library?entry=12409459]
12424508.md,Disclosure & Barring Service Transformation Programme,Disclosure and Barring Service (DBS),"Public Sector, Government Services",AWS,"IBM delivered a large‚ scale technical transformation for the Disclosure and Barring Service, establishing an integrated product backlog aligned to a programme‚ level roadmap. The approach combined agile delivery, design thinking, DevSecOps and AWS Well‚ Architected Framework principles to build a modern, cloud‚ native service that replaced legacy processes and improved user experience.","[25% increase in DBS customer satisfaction across the user community, streamlined backlog management with direct linkage between tasks and business value, enhanced governance through stage gates and shared definitions of ready/done]",[https://ibmgbs.loopio.com/library?entry=12424508]
12702971.md,Enterprise Scale SRE/DevOps Discipline for DWP,Department for Work and Pensions (DWP),Government/Public Sector,AWS,"IBM partnered with the Department for Work and Pensions to design, build and operate an enterprise‚ scale Site Reliability Engineering / DevOps platform on AWS. The solution focused on achieving zero outages for cloud tooling while keeping costs under budget. Key actions included documenting failure scenarios, assessing probabilities and cost of mitigation, and implementing a robust SRE discipline across the organization.","[600% increase in delivery of changes, Success rate of change deliveries rose to over 99.5%]",[https://ibmgbs.loopio.com/library?entry=12702971]
12752145.md,Award-winning work with Social Security Scotland,Social Security Scotland,"Public sector, Social security benefits",,"In our award‚ winning work with Social Security Scotland we designed, prototyped, built and scaled digital services for 17 devolved benefits (1.4M applicants) on time and within budget, taking a user‚ centred approach. We involved 1200+ users across diverse user groups including those with accessibility issues. We developed solutions aligned to GOV.UK-equivalent design guidelines, including accessibility, content and service design, using agile methods. We conducted pilots before national launches to ensure alignment with user needs, minimising risk. As a value‚ add, we boosted team productivity with automation and new workflows, allowing additional user focus.","[NPS score of 100 in 2024, User experience score between 75-95%]",[https://ibmgbs.loopio.com/library?entry=12752145]
12752148.md,Customs Declaration Service Delivery for HMRC,HM Revenue & Customs (HMRC),"Public Sector, Government ‚Äì Tax and Customs Services",,"Since 2016, we‚Äôve partnered with HMRC to deliver its Customs Declaration Service, processing 82 million declarations worth over  £1 trillion to the UK economy in 2024. In rainbow teams, we unite with HMRC, contingent labour, and over 10 suppliers through shared agile practices, such as Scrum and SaFe, and unified governance. We ensure a ‚Äòone team‚Äô approach through shared priorities, common tooling, automation, and co-location. Close working with HMRC and suppliers enabled us to increase speed of delivery as value‚ add, halving release cycles to 8 weeks. The platform has securely handled a 4x rise in declarations, saving 60 minutes per declaration, while supporting critical trade needs that ensure UK ports and airports operate smoothly.","[Halved release cycle time to 8 weeks, Handled a 4x increase in declarations, Saved 60 minutes per declaration]",[https://ibmgbs.loopio.com/library?entry=12752148]
12752152.md,Demonstration/ Experience of technology stack,Department for Work and Pensions (DWP),"Public sector, Government","AWS, Kafka","As part of our continued engagement with DWP Integration, we contracted on an outcome basis to deliver a modern, scalable self‚ service integration platform. We deployed a microservices‚ based architecture to allow product teams and government agencies to deliver policy changes (e.g., tax‚ free childcare, free broadband) 50% faster and at lower cost. We used DevOps principles and AWS, Kafka, CI/CD (GitLab, Jenkins, Docker) to provide scalable, resilient architecture, reducing risk. Our full‚ stack software engineering includes HTML5, Java, and API gateways, with automated testing tools such as Selenium, Cucumber, and JMeter, adding value through faster release cycles and improved quality while maintaining security controls compliant with HMG standards.","[Delivered policy changes 50% faster, Reduced cost of delivery, Scalable and resilient architecture, Improved release cycle speed and quality, Maintained compliance with HMG security standards]",[https://ibmgbs.loopio.com/library?entry=12752152]
12752155.md,DWP AI Lighthouse Programme,Department for Work and Pensions (DWP),"Public Sector, Government Services",,"Since July‚ÄØ2023, IBM has supported DWP‚  AI Lighthouse programme by rapidly mobilising a multi‚ disciplinary team from 10 to 60 full‚ time equivalents. Within two weeks the required roles were sourced via IBM‚  central resourcing process and platform, which accesses over 3000 DDaT skilled resources, and agile‚ experienced new joiners across Architecture, Data, Product and Delivery were onboarded. Adopting an agile delivery method, the team delivered ten prototypes and three production‚ ready MVPs, achieving up to 77% efficiency gains. Risks were managed through a robust RAID process, proactive dependency management and early demand signalling. As a value‚ add, IBM‚  client engineering team delivered an IBM‚ invested prototype that has since been scaled to production.","[Rapid mobilisation of 60 FTEs from 10 in two weeks, Delivered 10 prototypes and 3 MVPs, Achieved up to 77% efficiency gains, Robust risk management via RAID process, Prototype scaled to production]",[https://ibmgbs.loopio.com/library?entry=12752155]
12752157.md,Navigating governance,Social Security Scotland (SSS),"Public sector, Social security services",,"We are working with Social Security Scotland (SSS) from 2017 to date to deliver benefits at pace, launching the first benefit and Agency on time within 12 months while supporting evolving legislation, unexpected changes in ministerial direction and large‚ scale data transfer. We navigated internal governance (e.g., Architectural Review Board) and external governance (e.g., Digital Assurance Office) successfully. To minimise risk and disruption we co‚ created delivery governance, prioritising a single programme backlog on business value/effort via Release and Delivery Boards. As a value add, we helped optimise SSS governance by implementing scaled agile (SAFe) and delivered agile coaching.","[Delivered 17 benefits in 7 years, Launched first benefit and Agency within 12 months, Optimised governance with SAFe and agile coaching]",[https://ibmgbs.loopio.com/library?entry=12752157]
12752159.md,At DWP Apply for NINo,Department for Work and Pensions (DWP),"Government, Public Sector",,"Delivered a user‚ centric, Service Standard and WCAG compliant service in 12 weeks, passing both Alpha & Beta assessments. The project integrated assessment preparation into sprints alongside early GDS engagement and Service Standard checklist tracking. User research, analytics, a Performance Framework, and accessibility testing were used to mitigate risks.","[Met all service goals, Exceeded  £108 million savings over 10 years, Reduced processing time by ~60%, Improved customer satisfaction to 88%]",[https://ibmgbs.loopio.com/library?entry=12752159]
12905487.md,Case Study: Successful Multi-Disciplinary Team Provision,Department for Work and Pensions (DWP),"Public Sector, Government IT Services",AWS,"IBM supported DWP‚  AI Lighthouse programme by rapidly mobilising agile multi‚ disciplinary teams ranging from 10 to 60 full‚ time equivalents. Within two weeks IBM sourced the required Data, Design, Architecture, Product and Delivery roles from its central resourcing platform (over 4,000 DDaT skilled resources) and onboarded new joiners with Agile experience across multiple disciplines. The team adopted an agile delivery method with sprint reviews and retrospectives to ensure high‚ quality output. They delivered 12 Generative AI proof‚ of‚ concepts (POCs) and three minimum viable products (MVPs), including the GAIL MVP, which has since been scaled to production.

The project demonstrated IBM‚  ability to quickly assemble and manage a skilled workforce, maintain rigorous quality assurance, and deliver tangible AI capabilities for a large public‚ sector client within a tight timeframe.","[Rapid mobilisation of 10‚Äì60 FTEs within 2 weeks, Delivered 12 Gen AI POCs and 3 MVPs (including GAIL MVP), Scaled IBM‚ invested prototype to production, Demonstrated robust risk management, RAID process, and proactive dependency handling]",[https://ibmgbs.loopio.com/library?entry=12905487]
12905523.md,Case Study ‚Äì Delivering Outcomes at Pace for the Scottish Government,Scottish Government (Social Security Scotland),"Public Sector, Social Security & Benefits",,"Since 2017, we partnered with the Scottish Government to design, prototype, build and scale digital services that enable low‚ income and disability benefits. The project involved creating a brand new agency ‚Äì Social Security Scotland ‚Äì from scratch under stringent ministerial deadlines. Working in a rainbow team of suppliers, contingent labour and permanent staff, we modernised high‚ volume public services using agile practices, co‚ design workshops, Jira for backlog management, Confluence for documentation and regular stakeholder engagement to deliver shared outcomes at pace.","[17 new digital benefit application services delivered on time and within budget, 90+% of applications submitted online, reducing processing times and improving accuracy,  £6.9\u202fbn issued in payments supporting over 2.2\u202fmillion vulnerable citizens, Positive user and advocacy group feedback on accessibility and inclusivity, Data sharing with 11+ entities across 164 system interfaces for automated processing, Upskilling 25 SG technical resources embedded within the team]",[https://ibmgbs.loopio.com/library?entry=12905523]
12905536.md,IBM partnered with DWP to transform the Covid‚ impacted Apply for a National Insurance Number service,Department for Work and Pensions (DWP),"Public sector, Government services",AWS,"IBM worked with DWP to redesign and digitise the paper‚ based Apply for a National Insurance Number service that had been halted by Covid, creating a backlog of about 500,000 applications. Using an Agile iterative methodology, IBM‚  multi‚ disciplinary team delivered a minimum viable product (MVP) within eight weeks, then continuously released enhancements every two weeks. The solution was built on AWS with a microservices architecture, containerisation, load balancers and queues to ensure high availability and scalability. It replaced legacy systems such as CAMLite/DRS with new microservices, incorporated DevOps practices including CI/CD pipelines and automated testing, and leveraged user research and data analytics to prioritise backlog items.

The project achieved significant operational improvements:  £117‚ÄØmillion in savings (exceeding the target of  £108‚ÄØm), a 60% reduction in decision‚ making time, 88% customer satisfaction, 99.99%+ availability across more than 100 production deployments, and rapid response capabilities such as deploying a new solution within three days to handle refugee applications during the Ukraine war.","[ £117 million savings, 60% reduction in decision-making time, 88% customer satisfaction, 99.99%+ service availability, 100+ zero‚ downtime deployments]",[https://ibmgbs.loopio.com/library?entry=12905536]
12905542.md,DWP Ask,Department for Work and Pensions (DWP),"Public Sector, Government Services","AI Strategy, Responsible AI framework, Generative AI, AI-powered question‚ answering system","IBM delivered the DWP‚ÄØAsk service, an AI‚ powered question‚ answering system deployed live in 32 job centres. The solution provides real‚ time policy guidance to work coaches and claimants, enabling faster decision‚ making and reducing the need for manual research. It is part of a broader suite of AI services that includes a Responsible AI framework and generative‚ AI proof‚ of‚ concepts such as GAIL.","[Improved work coach efficiency, Enhanced claimant service quality through faster policy guidance, Reduced time to answer complex queries]",[https://ibmgbs.loopio.com/library?entry=12905542]
12905569.md,Transforming the NHS App,NHS England (NHSE),"Healthcare, Public Sector Digital Services","Azure? (not explicitly stated, but implied cloud platform for deployment)","IBM partnered with NHS England to transform the NHS App into England‚  digital front door to healthcare services. The project involved modernising a critical public‚ facing digital service that supports 35‚ÄØmillion users, 11‚ÄØmillion monthly active users and 500‚ÄØ000 daily logins. IBM implemented a cross‚ functional ""rainbow"" team blending IBM and NHSE staff, adopted a one‚ team culture, delivered under pressure with well‚ being initiatives, and applied agile product‚ led practices including fortnightly sprints, automated deployment pipelines, user‚ centred design, and continuous feedback loops. The solution integrated eight online consultation providers, migrated the app from Xamarin to Swift & Kotlin, and introduced prescription barcode functionality.","[Increased message volumes to ~1\u202fmillion/day, saving  £13\u202fmillion, Prescription barcode usage grew 325% in 2024, saving 66,537 GP practice days, Native migration improved performance and reduced maintenance costs, 72.2% of practices now use online consultation functionality, Maintained zero‚ downtime deployments and high service stability]",[https://ibmgbs.loopio.com/library?entry=12905569]
4632004.md,Immigration and Asylum System (IABS),UK Home Office,"Government, Public Sector ‚Äì Immigration & Border Services",,"IBM designed and implemented the Immigration and Asylum System (IABS) for the UK Home Office. IABS provides secure biometric and biographic identity management, watchlist management capabilities, and biometric matching for Immigration, Border Force and HMPO. The system is accredited to hold and process data at an IL5 impact level, handling sensitive personal information of visa and asylum applicants. IBM has operated and monitored IABS since its inception in 2009, managing security clearances, crypto material, SOC alerts, and maintaining accreditation through ongoing documentation and updates.","The IABS system was successfully accredited as planned and has operated for over seven years without any known security breaches, demonstrating robust secure service delivery and compliance with UK government data protection standards.",[https://ibmgbs.loopio.com/library?entry=4632004]
4637895.md,Scottish Social Security Benefit Products,Scottish Government,"Public Sector, Government Services",,"At Scottish Government we placed all of the roles listed into agile teams. They worked together to develop the first Scottish Social Security benefit products and become the winning Change and Transformation project at MCA Awards 2020. These roles worked together, and collaborated with client technical, product and policy leads to agree prioritised Sprint goals based on iterative MVPs. They validated results in 483 sessions with 1400 users, gathering critical feedback to drive outcomes aligned to user needs.","The collaboration resulted in 8 new high quality benefit services, changing the benefit experience for 100,000 households averaging over 97% customer satisfaction.",[https://ibmgbs.loopio.com/library?entry=4637895]
4637902.md,Working with a large UK police‚ force to deliver a digital service,Large UK Police Force (unnamed),"Public Sector, Law Enforcement",,"The project involved assessing the maturity of an established UK police force in agile delivery and developing an agile approach to support the creation of a digital service. The team trained, coached and mentored police staff in Agile, SCRUM and digital skills, reinforcing backlog curation practices to ensure stories could be created at pace and achieve the required velocity. A similar coaching and mentoring approach was deployed for the Disclosure and Barring Service (DBS), working as a joint agile team with the Home Office to deliver the award‚ winning BasicCheck digital service.","Improved agile maturity within the police force, accelerated backlog creation and delivery of a high‚ quality digital service. The DBS project resulted in the award‚ winning BasicCheck digital service.",[https://ibmgbs.loopio.com/library?entry=4637902]
4637903.md,DWP Customer Information System (CIS) Private Beta,Department of Work and Pensions (DWP),"Government, Public Sector",,"IBM delivered a private beta for the DWP‚  Customer Information System (CIS). The digital front‚ end service, known as ‚ÄòSEFm‚Äô, was built using the UK Government Digital Service (GDS) model and standards. IBM transitioned the programme to increasingly agile delivery cycles, accelerating value delivery to the business. The service entered a private beta with 500 users, during which results and feedback were collected and managed before scaling it to the full live user base of 89,500.","[Accelerated value delivery through agile cycles, Successful private beta with 500 users, Full deployment to 89,500 live users]",[https://ibmgbs.loopio.com/library?entry=4637903]
4637904.md,Home Office Disclosure and Barring-Service (DBS) Basic Check Service,UK Home Office,"Public Sector, Government Services","GOV.UK PaaS, Notify, Identity & Access Management services, GOV.pay, .verify","For the Home Office Disclosure and Barring-Service (DBS) we developed a basic check service that was one of the first to combine GOV.pay, .verify and Notify services together. The solution met GDS security and accreditation standards for public-facing secure services through continuous integration and adherence to GDS API standards, allowing future changes to those services without disruption.","[Increased user satisfaction by 17% for the 350,000 checks per year that the service supports]",[https://ibmgbs.loopio.com/library?entry=4637904]
4637906.md,National Law Enforcement Data Platform (NLEDP),UK Home Office,"Government, Public Sector, Law Enforcement",POLE data architecture,"IBM worked with the UK Home Office to design the National Law Enforcement Data Platform (NLEDP) ‚Äì the replacement programme for the Police National Computer (PNC) and Police National Database (PND). The new system ingested data from PNC, PND and numerous other government systems. Data was exchanged securely, including API integrations with organisations such as DVLA for driver information. The system was underpinned by POLE data architecture to link records between systems.","The platform serves approximately 200,000 users; PNC holds over 12 million personal records and PND holds over 1.6 billion searchable records, providing a critical national infrastructure solution for law enforcement.",[https://ibmgbs.loopio.com/library?entry=4637906]
4637907.md,"Improving Benefits Processes for Over 100,000 Households",Scottish Government,"Public Sector, Government Services",,"The Scottish Government and IBM collaborated to redesign digital benefits services using user‚ centred design principles. The project involved engaging more than 1,400 citizens across 483 sessions in 40 locations, prioritising a backlog delivered through agile sprints with continuous user testing. An evolutionary architecture enabled incremental changes, allowing multiple product teams to align around a common approach and produce eight benefit services.","[93% customer satisfaction, Improved benefits processes for over 100,000 households]",[https://ibmgbs.loopio.com/library?entry=4637907]
4637908.md,Stop the Traffik,Stop the Traffik (charity programme),"Human trafficking prevention, Social services",,"IBM designed a service that aggregates complex data sets from multiple sources and presents them in graphical reports and dashboards for analysts. The solution was used to analyze large-scale relationships, enabling quick actions by law enforcement.","The report led to multiple investigations across 16 countries, significantly disrupting human trafficking operations for several months.",[https://www.ibm.com/case-studies/stop-the-traffik]
4637909.md,BP Castrol Service Design Lifecycle,BP Castrol,"Oil & Gas, Automotive Lubricants",,"At BP Castrol, we use metrics and KPIs throughout the service design lifecycle. KPIs are monitored through real-time dashboards, which draw data from multiple sources. Typically, we monitor 20-30 KPIs per service, focusing on 3-6 core measures. This example included loyalty measures such as Net Promoter and Customer Effort score. Targets are based on market research and past service experience (including private and public beta feedback). Performance against these targets during the private Beta phase was a key factor in deciding 35 service ideas that went forward to public Beta, and subsequently into the global full release.",Selection of 35 service ideas for public beta and eventual global full release based on KPI performance; improved decision-making through real-time dashboards and data-driven targets.,[https://ibmgbs.loopio.com/library?entry=4637909]
4637910.md,Online Criminal Record Check Service for DBS,DBS,"Public Sector, Government Services",,"The team delivered 15+ projects that included successful GDS assessments, including the online criminal record check service for DBS. The project achieved an exemplar GDS rating and passed a Beta assessment against all GDS criteria, incorporating the Service Design Manual and the 12 principles of the Technology Code of Practice. Shadow assessments were built into sprint cycles with iterative prototyping and user‚ testing. Data was leveraged to earn the ‚ÄúBest Use of Customer Insight‚Äù award at the 2020 UK Customer Satisfaction Awards.","[Achieved exemplar GDS rating, Received Best Use of Customer Insight award (2020 UK Customer Satisfaction Awards), Increased user satisfaction from 76% to 93%, Processed over one million applications]",[https://ibmgbs.loopio.com/library?entry=4637910]
4637911.md,BasicCheck Online Criminal Record Service,DBS,"Government, Public Sector Digital Services",,"We worked with DBS on the online criminal record ‚ÄòBasicCheck‚Äô service. Having been involved in Discovery, another supplier delivered the Alpha phase, before we then successfully took on the delivery of the Beta. This service achieved an exemplar GDS rating and was awarded ‚ÄúBest Use of Customer Insight‚Äù at the 2020 UK Customer Satisfaction Awards. After conducting agile and iterative Knowledge Transfer / Transition, we built upon the work completed during Alpha to optimise the overall delivery. Following this success, our approach secured the Beta delivery of a new DBS service, again building on another suppliers‚Äô Alpha delivery.","[Exemplar GDS rating, Awarded ‚ÄòBest Use of Customer Insight‚Äô at 2020 UK Customer Satisfaction Awards]",[https://ibmgbs.loopio.com/library?entry=4637911]
4637912.md,Change and Transformation Project ‚Äì First Scottish Social Security Benefit Products,IBM & Scottish Government,"Public Sector, Government Services",,"IBM partnered with the Scottish Government to redesign and launch the first set of social security benefit products for Scotland. The project involved engaging over 1,400 citizens through 483 user‚ research sessions across 40 locations, prioritising sprint goals for minimum viable products (MVPs) that aligned with stakeholder needs, and iterating rapidly with a wide range of users including businesses, civil service staff, government officials, and the general public. An evolutionary architecture approach was deployed, delivering guided incremental changes through multiple agile product teams to ensure value delivery and ease of design.","[Delivered 8 new benefit products that changed the experience for approximately 100,000 households, Achieved an average customer satisfaction score of over 93%]",[https://ibmgbs.loopio.com/library?entry=4637912]
4637917.md,Social Security Scotland‚  launch of their first benefits for low-income families,Scottish Government (Social Security Scotland),"Public Sector, Government Services",,"The agile delivery partner introduced a user‚ centred design approach to a mixed team, conducting research with a diverse user group and iteratively increasing prototype fidelity through regular testing. This process resulted in the delivery of a digital benefits service.",[Digital uptake of 90%],[https://ibmgbs.loopio.com/library?entry=4637917]
4637918.md,COVID‚ 19 Rapid Response Team for Nightingale Hospitals,Government Gold Command,"Healthcare, Public Sector",,"Working with Government Gold Command we successfully formed a COVID 19 rapid response team to quickly scale delivery and management capacity. We were tasked to identify and onboard a team experienced in NHS systems architecture, security and service management to provide a technical blueprint for the Nightingale hospitals. Our team worked closely with NHS Digital‚  technical and project leadership to effectively assess and validate the technical readiness of 10 hospitals. Additionally, we extended Security Operations to provide 24/7 monitoring and alerting services; standing up additional resource to deliver against rapidly changing demands and short lead times, driven by the pandemic.","Rapid identification and onboarding of a specialized team, creation of a technical blueprint for Nightingale hospitals, assessment and validation of technical readiness for 10 hospitals, provision of 24/7 security monitoring and alerting services, and scalable delivery capacity to meet urgent pandemic demands.",[https://ibmgbs.loopio.com/library?entry=4637918]
4637920.md,DWP Searchlight Project,Department for Work and Pensions (DWP),"Government, Public Sector",,"IBMGBS Business Analyst services were employed by DWP to select the right mix of capability around existing delivery teams, enabling rapid mobilisation of the Searchlight project. The initiative supported 90,000 DWP users in managing 65 million National Insurance records. Through joint scrum teams and one‚ to‚ one mentoring, a collaborative upskilling environment was created for less experienced staff, with weekly knowledge sharing and training sessions focused on user and business research insights. This approach successfully transitioned responsibilities to the in‚ house DWP teams, who then took over delivery of new service features and capabilities.","[Rapid mobilisation of Searchlight project, Enhanced in‚ house capability through upskilling and mentoring, Successful transition of responsibilities to DWP internal teams, Improved delivery of new service features]",[https://ibmgbs.loopio.com/library?entry=4637920]
4637921.md,Design Thinking Implementation for Student Loans Company,Student Loans Company (SLC),"Education Finance, Student Lending",,"Our business analysts delivered Enterprise Design Thinking training and accreditation to the SLC team, enabling them to better understand user experience. The BAs co‚ created with SLC to identify 14 personas, map their as‚ is journeys and pain points, and based on a customer‚ experience‚ led strategy developed a prioritised backlog of desired outcomes and a service design blueprint that empowers SLC to lead this contemporary method themselves.","[Improved baseline understanding of user experience, Defined vision for future services, Created 14 personas with mapped journeys and pain points, Prioritised backlog of deliverables, Service design blueprint enabling internal ownership]",[https://ibmgbs.loopio.com/library?entry=4637921]
4637925.md,Experience of collaboration in order to achieve successful outcomes for users and the client organisation,NHS Test and Trace,"Healthcare, Public Health",,"IBM partnered with NHS Test and Trace to design, develop, and deploy national agent‚ based and public‚ facing services. The project involved close collaboration between IBM‚  service, UX, content designers, user researchers, policymakers, clinical experts, product owners, and technical stakeholders to meet stringent policy and business requirements while addressing user needs. IBM delivered the solution from conception through deployment, providing extensive training for over 700 users across more than 50 sessions.","[Reduced cognitive burden on the public, Decreased manual effort for business users, Improved data quality for studies]",[https://ibmgbs.loopio.com/library?entry=4637925]
4637926.md,Basic Check Service,Home Office (DBS),"Public Sector, Government Services",AWS EC2,"IBM supported the delivery of the award‚ winning ‚ÄòBasic Check‚Äô service and its evolution into a family of end‚ user products for the Home Office‚  DBS division, following GDS Standards. The implementation involved event‚ driven architectures, Docker/Kubernetes, Java and Node.js microservices on AWS cloud hosting.","[3x increase in customers applying online, Year‚ on‚ year completion rate improved to 94.4%]",[https://ibmgbs.loopio.com/library?entry=4637926]
4637929.md,Front‚ End Remodelling of DWP‚  Customer Information System,Department for Work and Pensions (DWP),"Public Sector, Government Services",,"IBM designed and delivered the front‚ end remodelling of DWP‚  Customer Information System, a critical national infrastructure project. The work spanned from discovery through to the current beta phase, supporting multidisciplinary teams that prioritized user needs. IBM facilitated twice‚ weekly sessions with Product Owners, User Researchers, and Designers to feed insights from user testing into the product backlog, integrating service design, UX design, performance analysis, architecture, and development expertise to build the right product.",[Reduced footfall into local offices by 100%],[https://ibmgbs.loopio.com/library?entry=4637929]
4637930.md,Scottish Government and IBM win Change and Transformation MCA award,Scottish Government (in partnership with IBM),"Public Sector, Government Services",,"The Scottish Government partnered with IBM to redesign and improve benefits processes for over 100,000 households. Using a human‚ centric design thinking approach, the team engaged more than 1,400 citizens across 483 sessions in 40 locations, prioritised backlog items, and delivered multiple MVPs through iterative sprints. An evolutionary architecture enabled incremental changes that simplified the design process and aligned multiple product teams around a common approach.","[93% customer satisfaction, Improved benefits processes for over 100,000 households, Received the Change and Transformation MCA award]",[https://ibmgbs.loopio.com/library?entry=4637930]
4637932.md,Conversational Bank,Lloyds Bank,"Banking, Financial Services",IBM Cognitive Platform (Watson),"At Lloyds Bank, IBM employed a product‚ centric approach to deliver the first stage of the Conversational Bank‚Äîa cutting‚ edge cognitive platform. The solution was co‚ designed with customer insights and feedback, reviewed through delivery and deployment cycles, and aimed at rapid adoption by end users. Multi‚ disciplinary squads worked in joint IBM‚ client teams, prioritising continuous evolution and data‚ driven decisions to enhance the bank‚  customer experience.","[+10 point NPS improvement over traditional engagement approaches, Established a product mindset and ways of working for ongoing measurement and improvement]",[https://ibmgbs.loopio.com/library?entry=4637932]
4637937.md,Expert approach to managing risks,Lloyds Bank,"Financial Services, Banking","Cloud deployments (generic), Cloud native services","IBM delivers full‚ lifecycle end‚ to‚ end risk management for Lloyds Bank, operating within the governance and culture of programmes that manage a mission‚ critical Business Portfolio of 100+ applications. The engagement includes bootcamps across multiple stakeholders and suppliers to foster shared ownership, joint identification and mitigation of internal and external risks, and formulation of business and technical strategies. The overarching portfolio is achieving faster cloud deployments while leveraging cloud native services, all the while balancing disruption risk to customer services and maintaining financial data integrity and security.","[Accelerated cloud deployment timelines, Enhanced utilization of cloud native services, Maintained data integrity and security for financial operations]",[https://ibmgbs.loopio.com/library?entry=4637937]
4637941.md,Document Digitization for US Veterans,US Veterans,"Government, Veterans Affairs",,"IBM deployed a production-level content‚ intelligence platform that combines image processing, OCR, and deep learning techniques to digitize handwritten forms. The solution automated the intake of 40% of handwritten documents for the US Veterans program, reducing data digitization time from 15 days to 15 minutes.","[Automated 40% of handwritten form intake, Reduced digitization time from 15 days to 15 minutes, Freed over 200 full‚ time employees per year]",[https://ibmgbs.loopio.com/library?entry=4637941]
4637942.md,Digitising Cursive Handwriting for Insurance Claims at Barmer,Barmer,Insurance,"Planet AI, Cloud hyperscaler commodity services","The project involved capturing data from cursive handwriting in various formats using a Content-Intelligence platform that employs proprietary AI technologies to digitise, recognise and search through handwritten documents. The solution was deployed for several insurance clients, notably Barmer, where it processed more than 13,000 claims per day.","[Digitised over 13,000 claims daily, Freed up 500,000 hours of manual work per year by implementing an additional smart search capability]",[https://ibmgbs.loopio.com/library?entry=4637942]
4637943.md,Capturing Data from Structured Forms for German Insurers,AOK (German insurer),Insurance,"Planet AI, Hyperscience","The Content Intelligence platform was deployed to ingest and digitize large volumes of structured forms for a major German insurer. Using connectors with Planet AI and Hyperscience, along with proprietary table‚ extraction technology, the solution extracted key‚ value pairs from both forms and tables. The implementation handled over 10‚ÄØmillion documents per year for AOK and enabled the processing of more than 13,000 forms per day from structured sources.","[Ingested >10\u202fM documents annually, Digitized >13\u202fk forms daily, Improved data capture accuracy and speed]",[https://ibmgbs.loopio.com/library?entry=4637943]
4637944.md,AI & Data Reporting Implementation for Audi,Audi,Automotive,"AWS Textract, AWS Comprehend","IBM‚  AI & Analytics consultants applied machine learning and data science technologies on AWS, specifically using Textract and Comprehend, to develop an AI‚ driven data reporting solution for Audi. The project aimed to address technical issues in the customer submission process and improve overall data quality.",[Reduced customer submission errors by 90%],[https://ibmgbs.loopio.com/library?entry=4637944]
4637945.md,DWP AI/ML Implementation,Department of Work and Pensions (DWP),"Public Sector, Government Services",,"At DWP we applied commoditised machine learning and bespoke deep learning techniques together, to improve prediction accuracy up to 95%. This included the use of random forest modelling, principal component analysis to reduce dimensionality, various nearest neighbour methods to cluster the data, and bespoke convolutional neural networks.",[Improved prediction accuracy up to 95%],[https://ibmgbs.loopio.com/library?entry=4637945]
4637952.md,Cloud Migration PoC for a Home Office Border System,Home Office (UK),"Government, Border Control",AWS,"IBM led a proof‚ of‚ concept to determine the most suitable technology for a component of the Home Office‚  border system migration to the cloud. The PoC evaluated an AWS commodity option versus a custom‚ coded solution, ultimately pivoting to assess and select a newly available Home Office‚Äìdeveloped service.",[],[https://ibmgbs.loopio.com/library?entry=4637952]
4637957.md,BP Transformation toward an Integrated Energy Company,BP,"Energy, Oil & Gas",,"We are partnering with BP on their transformation toward an integrated energy company. Regulation is driving significant change demanding the need to be open, collaborative and connected. BP‚  response is a shift to a portfolio & product approach. Working as their global digital-transformation-partner over the past four years, we have set the foundation for change through establishing trailblazing digital product teams across their business (20+B2B/B2C/internal products, 30+ markets), and are enabling acceleration through connected innovation to enhance products and offers; training teams in product mindset, product management skills, agility and design thinking; extending this operating model to new ecosystem-based value pools.","Foundation for change established, digital product teams created across multiple products and markets, accelerated innovation, enhanced products and offers, trained teams in product mindset and agile practices, extended operating model to new ecosystem-based value pools.",[https://ibmgbs.loopio.com/library?entry=4637957]
4637959.md,Social Security Scotland Agency Implementation,Scottish Government,"Public Sector, Government Services",,"As their agile service design partner, we led a product‚ centred design approach from the outset, performing research with diverse groups of people across thousands of research sessions, uncovering a range of user needs, rapidly prototyping concepts and then iterating these through ongoing user feedback. This introduction of best practice enabled the first benefit to launch 6 months early, have a digital uptake of 90%, average application completion times less than 5 minutes and receive high user satisfaction.","[Benefit launched 6 months early, Digital uptake of 90%, Average application completion time <5 minutes, High user satisfaction]",[https://ibmgbs.loopio.com/library?entry=4637959]
4637960.md,IBM transformed Liverpool FC into a product‚ focussed organisation,Liverpool Football Club (LFC),"Sports, Football club",,"IBM worked with Liverpool FC to build a product‚ centric culture and user‚ centred design methodology. Through extensive quantitative and qualitative research, IBM helped LFC develop new engagement ideas and launch its first premium mobile video subscription experience in the LFCTV‚ Go App for a 600‚ÄØmillion worldwide fanbase. Ongoing analytics were used to interpret behavioural data and drive further research and design decisions, maintaining the user‚ centred service at scale.","[Improved existing fan experience, Enabled competition for a global audience of new fans, Rapid development and launch of premium mobile video subscription (LFCTV‚ Go App), Data‚ driven insights to sustain and grow the service]",[https://ibmgbs.loopio.com/library?entry=4637960]
4637961.md,World Class Service Initiative at DWP,Department for Work & Pensions (DWP),"Public Sector, Government Services",,"IBM worked with senior stakeholders across DWP departments to co-create and manage a long‚ term vision for a World Class Service. The initiative focused on improving service delivery, reducing incidents, and enhancing user experience through strategic stakeholder engagement and technology solutions.","[Major Incidents reduced by 75%, Lost user hours decreased by 550k, Highly‚ Commended award at the 2020 MCA Awards, Wider adoption of the approach across other government departments including HMRC]",[https://ibmgbs.loopio.com/library?entry=4637961]
4637963.md,Common Platform for Social Security Services,Scottish Government,"Public Sector, Government & Social Services","AWS, Adobe Experience Manager (AEM), Spring Boot microservices, API Gateway, MQ, REST, PostgreSQL, Oracle, DynamoDB, CouchDB, Redis, MongoDB","At Scottish Government, an IBM engineering team designed and manages a unified platform that consolidates all social security services and benefits for citizens. The solution automates AWS cloud‚ native Infrastructure as Code (IaC) deployments, integrates Adobe AEM forms and SPM case management, and connects multiple internal applications and external data sources to assess and pay entitlements. Backend services are built on secure Java microservices using Spring Boot, an API Gateway, and a mix of MQ and REST interfaces. The front‚ end is delivered via Adobe AEM or custom HTML5 and Node.js. Data storage spans SQL databases (PostgreSQL, Oracle) and NoSQL stores (DynamoDB, CouchDB, Redis, MongoDB).","[Automated infrastructure provisioning with IaC on AWS, Unified integration of multiple services and external sources for social security benefits, Improved efficiency in entitlement assessment and payment processes, Scalable, secure microservices architecture supporting government workloads]",[https://ibmgbs.loopio.com/library?entry=4637963]
4637966.md,"At IKEA, IBM designed and delivered their multi-channel e-commerce transformation",IKEA,"Retail, E-commerce",,"IBM designed and delivered a multi‚ channel e‚ commerce transformation for IKEA across 40 countries. The project used the Scaled Agile Framework with a mix of Kanban and Scrum, employing a Big Room planning approach that involved all stakeholders to secure commitment to agreed programme increment objectives. Priorities were tracked via a programme backlog managed by an integrated product management team.",[],[https://ibmgbs.loopio.com/library?entry=4637966]
4637967.md,Working with DWP‚  transformation team,Department for Work and Pensions (DWP),"Public sector, Government Services",,"IBM delivered public-facing and internal services for the Department for Work and Pensions, including ‚ÄòGet Your State Pension‚Äô, ‚ÄòCheck Your State Pension‚Äô and ‚ÄòFind Your Pension‚Äô. The work was aligned to the Digital Service Standard from discovery through to live, addressing complex user needs. IBM designed user journeys in line with the Service Standard and Style Guide (including assisted digital user standards), using Plain English and existing pattern libraries. IBM also helped update and review content as part of the team.","[Services were simple to use without citizen confusion, Project successfully passed all Service Standard assessments]",[https://ibmgbs.loopio.com/library?entry=4637967]
4637968.md,IBM partners with LloydsBank to run a DevOps and Test Driven Development (TDD) environment,LloydsBank,"Financial Services, Banking","AWS Code Commit, AWS","IBM collaborated with LloydsBank to implement a DevOps and TDD environment focused on Business Intelligence service delivery. The approach centers on Continuous Integration, Minimal Viable Product generation, continuous prototyping, and automated testing coverage for both services and UI. IBM‚  TDD methodology is executed by cross-functional squads using AWS Code Commit and DevOps workflows that manage static and unit testing, deployment, and multi-level automated regression tests for UI, integration, and performance.","[Accelerated development speeds, Improved code quality, Reduced manual testing costs by 50%]",[https://ibmgbs.loopio.com/library?entry=4637968]
4637969.md,Whole Farm Approach (WFA) system,Defra,"Agriculture, Environmental Policy (Government)",,"IBM designed and delivered the Whole Farm Approach (WFA) system for Defra, providing a one‚ stop shop for farmers to interact with the department, obtain policy information, and submit assessments and surveys. The project prioritized accessibility from the outset, creating accessibility personas, using IBM‚  research and Accessibility toolkit, and building the solution in compliance with WCAG 2.1 standards. Testing included popular assistive technologies such as JAWS and Apple/Android screen readers, and user research involved participants with additional needs. The final product was independently verified as compliant.","[Accessibility compliance achieved (WCAG 2.1), Independent verification of accessibility, Improved farmer engagement through a unified platform]",[https://ibmgbs.loopio.com/library?entry=4637969]
4637972.md,Developing 7 new low‚ income benefit services for Scottish Government,Scottish Government,"Public sector, government services",,"We worked with the Scottish Government in developing seven new low‚ income benefit services. We designed and created end‚ to‚ end services to inform our online and offline channels, including the interactions between these channels to give users freedom and control. We researched, designed, tested and built services incorporating desktop and mobile first interfaces as well as phone and postal channels for each service.","The resulting service is highly accessible and used by over 90,000 Scottish residents, achieving a 97% positive user satisfaction score.",[https://ibmgbs.loopio.com/library?entry=4637972]
4637973.md,Developing 7 New Low-Income Benefit Services for Scottish Government,Scottish Government,"Public Sector, Government Services",,"The project involved collaborating with the Scottish Government to design and deliver seven new low‚ income benefit services. Through continuous user research, citizen engagement, and a hypothesis‚ driven prototyping approach, a living library of over 100 global user needs was created. These insights were regularly reviewed, communicated, and prioritized by product owners, guiding service roadmapping, backlog creation, and the overall design direction for content, products, and services.","[User‚ centred prioritisation of future services based on a comprehensive needs library, Successful delivery of seven new benefit services, Recognition with the Change and Transformation award at MCA Awards 2020]",[https://ibmgbs.loopio.com/library?entry=4637973]
4637974.md,Food Standards Agency Service Registration for Local Councils,Food Standards Agency (FSA),"Public Sector, Food Safety & Regulation",,"IBM collaborated with the Food Standards Agency to design and implement a digital service that allows food businesses across 387 local councils to register. Using UX flows, blueprints, prototypes, and regular playbacks, IBM communicated concepts to council representatives, enabling them to evaluate and provide feedback on the proposed service.","[All 387 local councils engaged with the FSA in at least one activity, Positive reception from councils leading to a net promoter score of 9.5/10 for IBM]",[https://ibmgbs.loopio.com/library?entry=4637974]
4637975.md,Innovation Garage function for the NHS Data Security Centre,NHS Data Security Centre,"Health, Public Sector",,"IBM defined, set up and delivered an Innovation Garage function for the NHS Data Security Centre. The initiative shifted from a technology‚ focused approach to a strategic, user‚ led methodology for defining, designing, delivering and scaling digital solutions. Squads employed user research, organisational design, policy applicable to the NHS, business analysis and data science to co‚ deliver the Innovation Factory, enabling rapid MVP development such as the Business Intelligence and Risk Platform and the Policy Toolkit.","[Shifted to a strategic, user‚ led approach for cyber solution delivery, Enabled rapid MVP creation and scaling (e.g., Business Intelligence & Risk Platform, Policy Toolkit), Improved efficiency in creating, editing and submitting cybersecurity policies]",[https://ibmgbs.loopio.com/library?entry=4637975]
4637976.md,NHS Digital Online Data Access Request Service Change Programme,NHS Digital,"Healthcare, Public Sector (Health IT)",,"At NHS Digital we led the change programme for their online data access request service to tackle increased demand resulting from COVID-19. We took a user‚ led approach and ran a rapid discovery phase, identifying failures/pain points and bottlenecks within the service. This informed the backlog which prioritised the resolution of the most feasible and highest value failures/pain points. Each failure was analysed and the root cause determined to inform the activities required to resolve it.",[Reduced the length of time an application took from start to finish by 20%],[https://ibmgbs.loopio.com/library?entry=4637976]
4637977.md,Genomics Service Development at Manchester Foundation Trust,Manchester Foundation Trust (MFT),"Healthcare, Genomics Services",,"At Manchester Foundation Trust we used user‚ focused research methods‚Äîinterviews, focus groups and design thinking workshops‚Äîto co‚ create a genomics service with clinicians, scientists and researchers. The team designed and developed a production‚ ready patient genomic management application that enables rapid reporting for Genomic Variant Advisory Boards. Rapid iteration, fast feedback loops and remote usability testing were key to the development process.",The iterative and user‚ centric design approach led MFT to secure an additional  £500‚ÄØK in external grant funding to continue developing the service.,[https://ibmgbs.loopio.com/library?entry=4637977]
4637978.md,New Food Business Registration Service for the Food Standards Agency,Food Standards Agency,"Government, Public Sector (Food Safety)",Heroku,"IBM designed a new food business registration service to serve 387 local councils. The project required complex public inputs, so IBM used interactive prototyping with the gov.uk prototyping kit. Over 30 iterations of code‚ based prototypes were built‚Äîbasic UX prototypes for interaction testing and higher fidelity front‚ end prototypes for end‚ to‚ end journey validation. These prototypes were hosted on Heroku to facilitate communication between designers, SMEs, and developers building the live service.","[Rapid iterative design through over 30 prototype iterations, Improved stakeholder understanding of complex interactions, Enhanced collaboration between UX designers, front‚ end developers, and business stakeholders, Efficient handoff to development teams via Heroku-hosted prototypes]",[https://ibmgbs.loopio.com/library?entry=4637978]
4637979.md,Food Standards Agency new food business registration service,Food Standards Agency,"Public sector, Food safety",gov.uk Design System,"At the Food Standards Agency, IBM built a new food business registration service, replacing paper processes from 387 Local Councils. Hosted on gov.uk, the service used components and patterns from the gov.uk Design System, including experimental patterns and components from Github, with evidence of their efficacy contributed back to the community. By using gov.uk patterns for common elements like address-entry, we could focus on resolving areas of greatest risk and error.","The service delivery resulted in significantly higher quality data being entered by users, an increase in local council trust in the data and an NPS score of 9.5.",[https://ibmgbs.loopio.com/library?entry=4637979]
4637980.md,Delivering 7 new low‚ income benefit services to Scottish residents,Scottish Government,"Public sector, government services",,"We worked with the Scottish Government to deliver seven new low‚ income benefit services to Scottish residents, conducting user research throughout the project lifecycle with over 1,300 users. From extensive discovery research to identify as‚ is experiences and needs, continuous user research and testing in the Alpha phase provided vital direction for delivery teams and product owners. In Beta/Live, user research continues to uncover areas for improvement based on feedback from active services, as well as conducting further research to inform product roadmaps and explore impact on smaller user groups.",[97% positive user satisfaction rating],[https://ibmgbs.loopio.com/library?entry=4637980]
4637981.md,Redesigning Career Support for Psychologists,The British Psychological Society,"Psychology, Professional Association",,"We worked with The British Psychological Society to redesign career support for psychologists. Qualitative research was used to inform service concepts, and in-depth interviews, literature review and meta-analysis were conducted to identify themes, trends, gaps and audiences. A quantitative survey of over 10,000 psychologists helped understand and segment needs, using purposive sampling of internal and external audiences. The mixed‚ methods approach included focus groups, depth interviews, journey mapping, action research, co‚ production prototyping, and a quantitative survey to test and prioritise solutions. The result was a redesigned grading system, CPD framework, and career roadmap for psychology disciplines across four nations.","[Redesigned grading system, Updated CPD framework, Career roadmap implemented across 4 nations]",[https://ibmgbs.loopio.com/library?entry=4637981]
4637982.md,User Research and Design for Scottish Government Low‚ Income Benefit Services,Scottish Government,"Public Sector, Government Services",,"The project involved researching, designing, and delivering seven new low‚ income benefit services for residents of Scotland. User research was conducted in 483 sessions with over 1,300 members of the public, claimants, and staff. Qualitative findings were analyzed using affinity mapping and thematic analysis by a cross‚ functional team to remove bias and uncover common pain points across user groups. Quantitative data identified drop‚ off points and processing times for applications. The result was an evidence‚ based, user‚ centred service that achieved a 97% positive user satisfaction rating.","[Evidence-based design of seven new benefit services, 97% positive user satisfaction rating, Improved understanding of user needs across public, claimants, and staff]",[https://ibmgbs.loopio.com/library?entry=4637982]
4637983.md,Food Standards Agency Food Business Registration Service,Food Standards Agency,"Public Sector, Food & Beverage Regulation",,"IBM was engaged by the Food Standards Agency to develop a food business registration service that would replace existing processes across 387 local councils. The project involved research with food business operators, inspectors, policy makers and large enterprises, leading to the identification of at least three separate services to address user needs. IBM used roadmaps, storytelling and personas to communicate insights and options to stakeholders and board members, enabling clear direction for the project. This approach resulted in a highly successful Alpha and Beta phase, culminating in the live deployment of the service.","[Successful Alpha and Beta phases, Live deployment of the registration service across 387 local councils]",[https://ibmgbs.loopio.com/library?entry=4637983]
4637986.md,Health Navigator Clinical Coaching and Remote Monitoring,Health Navigator,"Healthcare, Clinical Services",,"We worked with Health Navigator to design clinical coaching and remote monitoring to support reduced unplanned admissions for at risk groups. We advocated inclusive practices by embedding the Health Equity Assessment tool and user‚ centred considerations such as socioeconomic needs, protected characteristics, digitally excluded and vulnerable groups by ensuring this was incorporated into delivery. Co‚ delivery of community‚ action based research and testing including outreach to communities/faith groups addressed equalities/access challenges across a demographic sample of staff and clinicians in primary/social/acute and voluntary care, resulting in more accessible services.",25-40% reduction in acute admissions and services that work for all users,[https://ibmgbs.loopio.com/library?entry=4637986]
4637987.md,"Experience of working with education, training, and social care providers",Torbay and South Devon NHS Foundation Trust (and other NHS & local authority partners),"Healthcare, Social Care",,"We supported Torbay and South Devon NHS Foundation Trust in developing medical education training facilities using a user‚ centred, co‚ design approach with iterative testing. The project involved creating new models for training medical practitioners in care techniques. Additionally, we worked with Kent and Medway NHS and Social Care Partnership Trust and Bradford City Council to conduct research with vulnerable groups (asylum seekers, homeless individuals, sex workers) to understand the impact of hate crime, producing an extensive report.",Improved training models for medical practitioners; comprehensive insights into hate crime effects on vulnerable populations; enhanced collaboration between healthcare providers and social care teams.,[https://ibmgbs.loopio.com/library?entry=4637987]
4637988.md,Experience of helping to build and maintain a user research community of practice in an organisation,The British Psychological Society,"Psychology, Professional Association",,"We worked with The British Psychological Society to redesign career support for Psychologists. We established a design and user research community of practice with the BPS research team, Ravensbourne University and psychologists as practicing researchers, with specialist skills such as participatory and community research and multi‚ method qualitative techniques. The community was established with a focus on key research objectives for the project, design thinking principles and a ‚ÄòLiving Lab‚Äô to maintain the community, with regular review and user feedback to continually assure, improve and innovate the research community of practice.","Improved and sustained user research practices within the BPS organization, fostering continuous innovation and quality assurance in career support services.",[https://ibmgbs.loopio.com/library?entry=4637988]
4637989.md,Food Standards Agency ‚Äì New Food Business Registration Service,Food Standards Agency (FSA),"Public Sector, Food Safety & Regulation",,"IBM partnered with the Food Standards Agency to replace paper-based food business registration processes used by 387 local councils. The project involved a cross-functional delivery team‚Äîincluding data scientists, architects, developers, and designers‚Äîwho conducted user research, observation, and testing with both food business operators and Environmental Health Officers. This user‚ centred approach ensured that the needs of all stakeholders were understood and integrated into the design of the new digital service, fostering buy-in from policy makers, local council representatives, and executive leaders.","[Successful transition to a fully digital registration process, Improved adoption and smooth rollout across 387 councils, Net Promoter Score of 9.5/10 awarded by FSA]",[https://ibmgbs.loopio.com/library?entry=4637989]
4637990.md,Experience of helping inexperienced delivery teams adopt user-centred practices and embed them into their agile workflow,Department for Work and Pensions (DWP),"Public Sector, Government Services",,"IBM was invited by DWP to co-create an overhaul of a service used by over 90,000 DWP employees to view National Insurance data. The project involved an Agile and user-focused transformation where a mixed DWP/IBM team worked transparently, encouraging attendance at sprint reviews, running regular lunch and learns, and collaborating with Agile coaches and IBM Design Leadership. The team advocated GDS Service Manual principles, Agile best practice, iterative and user-focused delivery. With IBM‚  support, the DWP is now fully self-sufficient in delivering both design and delivery of this program, and has expanded the agile and user-centred workflow to numerous other projects.","[DWP achieved full self-sufficiency in design and delivery of the National Insurance data service, Expanded agile and user-centred workflow to multiple other projects]",[https://ibmgbs.loopio.com/library?entry=4637990]
4637995.md,BPme Application ‚Äì Global Digital Payment Platform,BP (British Petroleum),Oil & Energy Retail,,"BP, PayPal and IBM collaborated as a multi‚ supplier team to create a seamless experience for customers in a highly complex operational and technical environment. The project delivered BP‚  global digital payment platform, covering the full product lifecycle from high‚ level business requirements through design, UX/UI, development, testing and support.","[Lean back‚ office operations, Enhanced loyalty program, Supply‚ chain optimisation using QR code, Business analytics for BP dealers to make better decisions]",[https://ibmgbs.loopio.com/library?entry=4637995]
4637996.md,IBM and Scottish Government win MCA Awards 2020 for first Scottish Social Security benefit products,Scottish Government,"Public sector, Government services",,"IBM partnered with the Scottish Government to redesign and deliver a suite of social security benefits, including Carer‚  Allowance and Young Carers Grant. The project involved over 1,400 citizens in user research across 483 sessions at 40 locations, using IBM Design Thinking to align user needs with service delivery. Sprint goals were prioritized based on MVPs, iterated, and validated through continuous user feedback, resulting in eight new high‚ quality benefit services that transformed the benefit experience for Scottish households.","[Implemented eight new benefit services, Improved customer satisfaction to over 97%, Served approximately 100,000 households]",[https://ibmgbs.loopio.com/library?entry=4637996]
4637999.md,Experience moving a product successfully through different lifecycle phases,Scottish Government,"Public Sector, Government Services",,"IBM and Scottish Government have built a new benefits delivery service. IBM has been involved from inception through to running a live service with over 4000 applicants a day. Services undergo Digital First assessments (Scottish Government GDS equivalent) to move from Discovery, Alpha and Beta into Live. Our teams have shifted from Discovery research to gathering feedback on live services and identifying continuous improvement opportunities. We maintain DevOps pipelines to make the rollout of improvements to Scottish residents fast and effective. We successfully moved 8 products through the different lifecycle phases that resulted in a 97% user satisfaction score.","[Over 4000 applicants per day, 97% user satisfaction score, Successfully moved 8 products from Discovery to Live]",[https://ibmgbs.loopio.com/library?entry=4637999]
4638001.md,IBM assists major London NHS Foundation Trust in IT delivery transformation,London NHS Foundation Trust,Healthcare,,"IBM was asked to assist a major London NHS Foundation Trust to provide insight on their IT delivery programmes and help prioritise and accelerate their IT/delivery transformation as part of a future Electronic Health Records implementation. IBM worked with the Trust to provide insight, guidance and support, including prioritisation, delivery improvements, insight/comparisons from comparable programmes, ‚Äògo live planning‚Äô and process/structure and ideas/improvements.","9 project go‚ lives on time in 3 months (previously none were on time), 80% reduction in reporting time, new governance including weekly agile scrums, watch lists and Delivery Programme Project Accuracy increasing by 30%",[https://ibmgbs.loopio.com/library?entry=4638001]
4638002.md,"IBM applied iterative methods to overhaul a service used by over 60,000 DWP employees",Department for Work and Pensions (DWP),"Public sector, Government services",,"IBM applied iterative methods to overhaul a service used by over 60,000 DWP employees to view National Insurance data. The team worked with stakeholders to apply agile methodologies pragmatically and proportionately, communicating to technical and business stakeholders at the end of each sprint via show-and-tells. They walked through the architecture with the technical community and demonstrated the business functionality via user experience sessions. The project followed GDS Service Manual principles: Agile best practice, iterative and user-focused delivery.","[Won the best public sector project award at the National Technology Awards, Enabled DWP to expand their Agile transformation using the acquired expertise]",[https://ibmgbs.loopio.com/library?entry=4638002]
4638003.md,IBM and Scottish Government Build Low‚ Income Benefits Services,IBM (in partnership with the Scottish Government),"Public Sector, Government Services",,"IBM and the Scottish Government collaborated to design and deliver seven new low‚ income benefits services. The project relied on extensive user research and co‚ creation activities, employing both quantitative methods (surveys, web analytics) and qualitative techniques (interviews, focus groups, usability testing). Insights gathered informed hypotheses for testing and were translated into user stories that guided the development of the services delivered to Scottish residents.",The resulting services achieved a 97% satisfaction rating among users.,[https://ibmgbs.loopio.com/library?entry=4638003]
4638005.md,IBM helped a leading bank to design and deliver complex digital transformation initiatives in Mobile Banking,Leading Bank (unnamed),"Banking, Financial Services",AWS,"IBM partnered with a major banking institution to architect and execute mobile banking digital transformation projects, leveraging cloud and DevOps capabilities similar to those required for the Barring MVP. The engagement employed a core‚ flex staffing model that allowed IBM to scale up by 20% during peak demand periods and scale down by 25% when client needs decreased. Technical resource fulfillment was further supported through access to IBM‚  global DevOps Centre of Competence and its ecosystem of partners, including AWS Premier Partners.","[Scalable workforce model: +20% capacity during peaks, -25% during troughs]",[https://ibmgbs.loopio.com/library?entry=4638005]
4638008.md,Agile Governance for DBS Digital Service,DBS Bank,"Public Sector, Government Services","GOV.UK.Pay, GOV.UK.Verify, GOV.UK.Notify","The project embedded agile design and governance practices into DBS‚  agile workflow to develop a new digital service and products hosted on GOV.UK, enabling citizens to self‚ serve a Basic Disclosure application digitally. The team focused on processes and metrics rather than documentation, worked collaboratively with clear expectations, and used an agile team, DevOps tooling, and UX Design. It was the first service to use GOV.UK.Pay, GOV.UK.Verify and GOV.UK.Notify services.","[GDS alpha assessment passed on first attempt, Won the Institute of Customer Service Award for Best Use of Customer Insight in 2020]",[https://ibmgbs.loopio.com/library?entry=4638008]
4638009.md,VOTE Measurement Framework Used with NHS,National Health Service (NHS),Healthcare,,"The VOTE measurement framework was introduced to the NHS to support delivery of high‚ profile digital services during the pandemic. The framework reports weekly on Velocity, Outcomes delivered and to be delivered, Technical debt carried, and Experience of teams, providing transparency that informs decision‚ making.","[Improved visibility into team performance, Enhanced ability to make correct decisions based on real‚ time metrics, Successful delivery of digital services during a critical period]",[https://ibmgbs.loopio.com/library?entry=4638009]
4638015.md,VOTE Measurement Dashboard Implementation for NHS,National Health Service (NHS),Healthcare,,"We embed robust reporting processes in our delivery to meet the needs of our client, including flash reporting on project progress against deliverables. Alongside traditional delivery metrics that include progress against the plan, commercial status and technical results, we introduced our VOTE measurement dashboard, reporting weekly on team Velocity, Outcomes delivered and to be delivered, Technical debt carried and Experience of teams (how sustainable is delivery). VOTE is a proven approach and ensures transparency that leads to correct decisions. We used it successfully with the NHS to deliver a high-profile digital solution during the pandemic in less than 8 weeks.","[Transparent reporting leading to correct decisions, Delivered a high‚ profile digital solution within 8 weeks during the pandemic]",[https://ibmgbs.loopio.com/library?entry=4638015]
4638017.md,DWP Apply‚ for‚ a‚ Nino Project,Department for Work and Pensions (DWP),"Public sector, Government services",,"The project involved coordinating a wide range of stakeholders across Digital, Operations and Policy within DWP to deliver the ‚ÄòApply-for-a-Nino‚Äô service. Clear communication was tailored from high‚ level walkthroughs to detailed technical reviews to bridge varying levels of technological understanding. Performance dashboards were created to monitor service performance and inform product decisions.","[Delivery completed within 8 weeks, Reduced footfall into local offices by 100%]",[https://ibmgbs.loopio.com/library?entry=4638017]
4638019.md,Experience of client side delivery and ability to deliver on time and to budget,Disclosure and Barring Service (DBS),"Public Sector, Government Services",,"IBM partnered with the Disclosure and Barring Service (DBS) for the Home Office to launch a new digital service that allows citizens to check police records. IBM supplied skilled technical and leadership resources, employing DevOps tooling and Scrum methodology to focus on essential functionality and maintain clear communication with multiple stakeholders. The team delivered an award‚ winning citizen-facing online application that met Government Digital Service (GDS) standards, meeting a legislative deadline without prior internal agile or digital delivery experience.","[Delivered the GDS standard public beta application on time, Completed within budget, Achieved a customer satisfaction rating of 93%]",[https://ibmgbs.loopio.com/library?entry=4638019]
4638020.md,Semaphore Programme ‚Äì AWS Migration Project,Home Office (UK Government),"Public Sector, Government IT",AWS,"For the Home Office, IBM has been delivering the Semaphore programme for over a decade. The team creates Return on Investment Models (ROMs), Impact Assessments (IAs), and navigates agreed Change Control processes to support project approvals. They employ both bespoke and ‚Äòt‚ shirt‚Äô size estimating principles against pre‚ agreed criteria, proactively generating ROMs when needs arise rather than merely responding to requests. For the Semaphore programme‚  AWS migration, IBM initially proposed a ROM to underpin the business case, providing narrative documentation and presentation support for the approvals board.","Successful approval and execution of the Home Office‚  AWS migration project, demonstrating effective cost estimation, risk assessment, and governance processes over a long‚ term partnership.",[https://ibmgbs.loopio.com/library?entry=4638020]
4638021.md,Front‚ end remodelling of the Customer Information System for DWP,Department for Work and Pensions (DWP),"Public sector, Government",,"For DWP we supported the front‚ end remodelling of the Customer Information System (Critical National Infrastructure) from Discovery to Beta. Our Product Managers embraced GDS service standards, supporting multidisciplinary teams prioritising user experience and accessibility to inform next iterations of the product. We facilitated twice‚ weekly sessions to feed insights from user testing into the product backlog.","Delivered the product within 8 weeks, achieving a 100% reduction in footfall into local offices; passed GDS Alpha and Beta assessments on first attempt, enabling DWP to secure funding for subsequent phases; the service is now live on GOV.uk.",[https://ibmgbs.loopio.com/library?entry=4638021]
4638023.md,DWP Stakeholder Alignment and SOW Development,Department for Work & Pensions (DWP),"Government, Public Sector",,"At DWP we developed a strong and trusted relationship with senior stakeholders across departments, influencing and co‚ creating strategy and the ongoing management of the long‚ term vision. We turned competing views into tangible sets of requirements and deliverable Statements of Work (SOWs), aligning outputs to achieve the joint vision and refining them within each SOW.","Major Incidents down by 75%, lost user hours reduced by 550,000, won Highly‚ Commended at the 2020 MCA Awards, and led to wider adoption with other Government Departments including HMRC.",[https://ibmgbs.loopio.com/library?entry=4638023]
4638025.md,Experience of building services which meet user needs,Scottish Government,"Public Sector, Government Services",,"We worked with Scottish Government to iteratively research, design and deliver 7 new low‚ income benefit services to Scottish residents. User research was conducted, as part of each iteration, with 600 sessions conducted to collect the needs of over 2000 members of the public, claimants and staff. Qualitative findings and thematic analysis helped uncover common areas of pain and need across user groups, with quantitative data used to identify drop‚ off points and time taken to process applications. This iterative approach to service improvement resulted in the delivery of an evidence‚ based user‚ centred service.",[97% positive user satisfaction rating],[https://ibmgbs.loopio.com/library?entry=4638025]
4638026.md,Experience of implementing MS Dynamics as a case management system,National Security Organisations (UK),"Government, Public Sector, National Security",AWS,"IBM developed an MS Dynamics 365 case management solution to triage information reports for UK national security organisations, replacing a spreadsheet-based workflow. The system integrates with Microsoft Exchange for email handling, SharePoint for document storage, and a bespoke database/reference data service. IBM used a hybrid agile scrum team: low‚ level development in an IBM‚ provisioned AWS environment and high‚ level deployment in the client‚  secure environment.","[Retired over 55 spreadsheets, Created more than 5,000 cases, Logged over 12,000 reports, Saved 15‚Äì20 hours per day across the team]",[https://ibmgbs.loopio.com/library?entry=4638026]
4638027.md,Experience of working with Rosa product set,NCSC/HMG,"Government, Public Sector (National Security)","Rosa hosting environment, RedHat OpenShift","IBM delivered the first solution deployed on the Rosa hosting environment to map Critical National Infrastructure across sectors. The project adopted a RedHat OpenShift containerised approach and, in collaboration with DXCA, built and established necessary platform services within the Rosa environment, including user authentication and application audit. The solution integrates with Rosa Mail/Docs for sharing information across government departments and is accessible via Rosa fixed terminals, mobile devices, and other government systems.","[Mapped critical national infrastructure across multiple sectors, Established platform services (authentication, audit) in Rosa environment, Enabled secure sharing of information through Rosa Mail/Docs, Provided multi-device access for Cabinet Office and NCSC users]",[https://ibmgbs.loopio.com/library?entry=4638027]
4638030.md,National Cyber Incident Reporting Interface,NCSC (UK Government),"Cybersecurity, Public Sector",,"IBM led the development of a new national cyber incident reporting interface for public reporting of cybersecurity and cyber‚ crime incidents through a single entry point hosted on gov.uk. The team conducted extensive user research across stakeholder communities, including law enforcement, HMG employees, and members of the public, deriving user needs from a diverse and inclusive user base. Public focus groups and individual user interviews informed solution development and accessibility testing rounds. Development was carried out in compliance with the GDS Service Manual, passing alpha and beta stages with a roadmap to move to live status.",Compliance with GDS Service Manual; successful completion of alpha and beta phases; established roadmap for live deployment.,[https://ibmgbs.loopio.com/library?entry=4638030]
4638031.md,IBM partners with DEFRA to provide fully‚ outsourced ITIL compliant 24x7 support and helpdesk,"DEFRA (UK Department for Environment, Food & Rural Affairs)","Government, Public Sector",,"IBM delivers a fully‚ outsourced, ITIL v3 compliant 24x7 support and helpdesk service to DEFRA. The engagement covers a portfolio of 600 applications in production, with IBM managing the entire product lifecycle for 115 applications, including change management. Release management is handled through CI/CD pipelines and DevOps tools. A team of over 50 professionals provides this capability, employing SEI‚ CMMiL3 compliant processes alongside project management frameworks such as PRINCE2, SAFe, and agile Scrum.","24x7 ITIL‚ compliant support for a large application portfolio; streamlined change and release management via CI/CD; adherence to industry best practices (SEI‚ CMMiL3, PRINCE2, SAFe, Scrum); improved operational reliability and compliance for DEFRA‚  critical systems.",[https://ibmgbs.loopio.com/library?entry=4638031]
4638032.md,DBS. IBM supported Disclosure and Barring Service in delivering a new public-facing criminal record and background-check digital service,Disclosure and Barring Service (DBS),"Public Sector, Government Services",,"IBM worked with the Disclosure and Barring Service to develop, test, and launch a new online platform for criminal record and background checks. The project followed an agile scrum methodology, progressing through discovery, alpha, private and public beta phases before going live. IBM‚  teams built proof‚ of‚ concepts and UX prototypes, continuously iterating based on user and stakeholder feedback. Security and technology requirements were met with automated security testing and a mature DevOps approach that aligned with Government Digital Service (GDS) design standards.","[Successful delivery of the public-facing digital service meeting all technical and security requirements, Recognition by GDS for high maturity in DevOps practices, including automated security testing, Enhanced user experience through iterative prototyping and stakeholder engagement]",[https://ibmgbs.loopio.com/library?entry=4638032]
4638035.md,Experience of building services which meet user needs,NHS (National Health Service),"Healthcare, Public Sector",,"IBM and NHS Test and Trace are delivering new national agent and public-facing services for contact tracing from discovery into live. The team applies user‚ centred methodologies across all phases of service development, including extensive user research, use of design systems, analytics, and data‚ driven design. Designers select appropriate methods from the GDS Service Manual, IBMs Enterprise Design Thinking framework, and IBM Garage methodology‚Äîan end‚ to‚ end model for accelerating digital transformation. These methods are agreed with stakeholders and actioned each sprint, enabling rapid iteration and testing of designs to ensure services address user needs before they are built and released.","[Rapid iteration and testing of designs, Ensured services meet user needs prior to build and release]",[https://ibmgbs.loopio.com/library?entry=4638035]
4638036.md,National Security Organisations,National Security Organisations,"Government, Public Sector, Defense",Microsoft Dynamics,"IBM established an Automation World as a centre of excellence to deploy business productivity tools (MS Dynamics) for National Security Organisations. The goal was to provide solutions directly to business areas in other Worlds, enabling them to solve their respective problems and become more self‚ serving. This capability allowed teams across the organisation to save time spent on manual repetitive processes and focus more effort on higher value work through reusable and adaptable templates and components, with seamless low to high delivery.","[Reduced manual repetitive process time, Increased focus on higher value work, Reusable and adaptable templates and components, Enhanced self‚ serving capabilities for business teams]",[https://ibmgbs.loopio.com/library?entry=4638036]
4638037.md,Student Loans Company,Student Loans Company,"Education, Student Finance",,"IBM conducted Enterprise Design Thinking workshops with over 100 customer‚ facing staff to design a visionary future customer experience for the Student Loans Company. The project covered the entire supply and delivery chain, including disabled student assessment by third‚ party specialists (DWP), student childcare providers paid directly (SLC), education providers paying tuition fees (DfE), validating student parents‚Äô income and facilitating loan repayments (HMRC), overseas payment providers, etc. IBM communicated the vision across multiple personas and journeys, converging into a single Service Design Blueprint that encompassed varied digital products.","[Developed a unified service design blueprint, Aligned multiple stakeholders around a shared customer experience vision, Enabled integrated capabilities across people, processes, and technology]",[https://ibmgbs.loopio.com/library?entry=4638037]
4638038.md,NCSC - Working as a strategic delivery partner for the NCSC,National Cyber Security Centre (NCSC),"Cybersecurity, Public Sector",,"IBM adopted an agile and iterative DevOps approach to capability development for the NCSC, establishing a bi‚ weekly rhythm of delivery of capability ready for deployment to end users. This fail‚ fast, rapid response culture keeps the development team closely connected with end users, enabling IBM to truly understand the client‚  mission and pressures. By gradually maturing each capability, IBM ensures that business value is delivered while simultaneously addressing security, policy, and supportability requirements in proportion to the maturity of the functionality.","[Business value delivered incrementally, Security, policy, and supportability requirements addressed alongside functional development, Enhanced collaboration between IBM and NCSC end users]",[https://ibmgbs.loopio.com/library?entry=4638038]
4638039.md,Case Study: GDS,Disclosure and Barring Service (DBS),"Government, Public Sector",,"IBM partnered with DBS to design and deliver a new public‚ facing criminal record and background‚ check digital service in accordance with the Government Digital Service (GDS) standards. The project followed an end‚ to‚ end delivery model that included discovery, alpha, beta and live stages, using agile scrum teams to iteratively develop proofs of concept and UX prototypes. IBM‚  DevOps practices‚Äîautomated security testing and continuous integration‚Äîwere highlighted during GDS assessments. The service also incorporated a joint teaming approach with DBS, embedding GDS governance and user‚ centric design throughout the sprint cycles.","‚Ä¢ Successfully passed the GDS Alpha assessment against Digital Service Standard criteria.
‚Ä¢ Demonstrated high maturity in DevOps and automated security testing.
‚Ä¢ Delivered a live, accessible public service on GOV.uk that meets government accessibility and usability standards.",[https://ibmgbs.loopio.com/library?entry=4638039]
4638040.md,Co‚ Create of UI/UX Design for SNCB MoveSafe App,NMBS/SNCB (Belgian National Railway Company),"Transportation, Railways",,"IBM partnered with NMBS/SNCB to co‚ create the user interface and user experience of the innovative ‚ÄòSNCB MoveSafe‚Äô mobile application. The project involved designing a dark mode compliant with AAA accessibility standards, implementing haptic feedback, voice‚ over support, and integrating native alert components with custom React Native components. IBM iX Garage Benelux facilitated design thinking workshops with key NMBS/SNCB stakeholders, including the branding team, and conducted user acceptance testing and feedback loops via InstaBug, Twitter, and Facebook accounts.","[The app achieved #1 ranking in the Apple iOS App Store, Received very positive feedback from users on the App Store and social media]",[https://ibmgbs.loopio.com/library?entry=4638040]
4638043.md,IBM partners with UK‚  largest foodservice company to build a microservices architecture for secure cloud ERP integration,UK‚  largest foodservice company (unnamed),"Foodservice, Food Distribution","AWS, SAP ERP (Business Suite) via EDI, SOAP web services, OData REST","IBM collaborated with the UK‚  largest foodservice company to design and implement a well‚ formed microservices architecture that securely integrates with an external cloud ERP system. The solution leveraged AWS tags for metadata on service calls to aid root cause analysis, SAP EDI integration, SAP SOAP web services, and REST‚ based OData endpoints for SAP Business Suite functionality. IBM‚  Experience Orchestrator asset was used as a GraphQL layer to provide a scalable alternative to traditional RESTful APIs for integration.",,[https://ibmgbs.loopio.com/library?entry=4638043]
4638044.md,Partnered with a UK Integrated Energy Company to develop a new end-to-end experience for the customer in a mobile loyalty and fuel payments app,UK Integrated Energy Company,"Energy, Utilities",,"IBM partnered with a UK integrated energy company to build a mobile loyalty and fuel payments application. The project covered the full product lifecycle, including high‚ level business requirements, design, UX/UI, development, testing, and ongoing support. IBM supplied a global codebase with geographic variations in functionality, supported by a Git mono‚ repo for both iOS and Android apps. The first production release occurred in January 2018, followed by bi‚ weekly releases of tested app upgrades. This initiative was executed as an Agile at Scale Garage project involving squads, tribes, and a guild.","Successful implementation of a scalable mobile application with frequent, reliable releases (every two weeks). Demonstrated effective Agile practices across multiple teams and maintained high quality through continuous testing and support.",[https://ibmgbs.loopio.com/library?entry=4638044]
4638046.md,London commuter operator c2c partners with IBM to build new mobile app,c2c (London commuter operator),"Rail transport, Public transportation",Pico4UK ticketing system,"IBM partnered with London commuter operator c2c to develop and launch a new mobile application that integrates the Pico4UK ticketing system. The solution provides a unified customer record across all channels, enabling both passengers and staff to view and manage ticket purchases from any device. This integration supports c2c‚  strategy to shift customers toward digital tickets as part of post‚ Coronavirus recovery efforts.","[Nearly 5 million tickets sold in the UK via Pico4UK, generating  £130 million in revenue, Improved customer experience through a single, cross‚ channel ticketing record, Enhanced operational efficiency for staff managing ticket purchases]",[https://ibmgbs.loopio.com/library?entry=4638046]
4638052.md,IBM partnered with a UK Public Health Company,UK Public Health Company,"Public Health, Healthcare",,"IBM collaborated with a UK public health organization to apply IBM Design Language principles exclusively for vulnerable users and people with specific needs, ensuring accessibility compliance with AAA accessibility, WCAG 2.0 AA, and WCAG 2.1 standards.",Improved accessibility and usability for vulnerable user groups; alignment with industry regulations and best practices in design and development.,[https://ibmgbs.loopio.com/library?entry=4638052]
4638057.md,IBM works with Wimbledon,Wimbledon Championships,"Sports, Tennis Event Management","IBM Watson Assistant, Watson Campaign Automation, Hybrid Cloud (IBM Cloud), IBM Watson","IBM partnered with the Wimbledon Championships to deliver a comprehensive digital experience for fans and participants. The solution included on‚ court data collection, a virtual concierge powered by Watson Assistant, personalized alerts via Watson Campaign Automation, ticketing and calendaring integration, television graphics, commentary and press systems, player services, on‚ site fan WiFi, a large client hospitality program, and additional support services. Mobile applications provided personalized feeds and enabled fans to capture and share their own Wimbledon Story, while SlamTracker extended beyond scores to analyze player, match, and tournament data. A Cognitive Social Command Center leveraged IBM Watson and hybrid cloud technologies to deliver real‚ time content and engage fans with relevant insights.","[Enhanced fan engagement through personalized content and interactive features, Real‚ time delivery of match analytics and insights, Improved operational efficiency for event staff via integrated services, Increased social media interaction and user-generated content]",[https://ibmgbs.loopio.com/library?entry=4638057]
4639945.md,Experience using Vivansa ‚Äì lxr.CCN 2.3.1,DG TAXUD (European Union Taxation and Excise Authority),"Government, Public Sector - Taxation & Excise","Vivansa SOAP-CCN/CSI connector, lxr.CCN 2.3.1 (deprecated CSI stack), lxr.CCN 2.7 (Java native stack)","IBM is responsible for all IT operations, deployment and testing of over 120 applications that manage the Common Communication Network (CCN), handling approximately ‚Ç¨1‚ÄØbillion in transactions per year for DG TAXUD across 28 EU member states. The team uses Vivansa as a SOAP-CCN/CSI connector for key DG TAXUD central applications such as SPEED2. IBM provides Level‚ÄØ1‚ 3 support for the CCN and has extensive experience deploying and operating the lxr product. The project involves migrating from the deprecated CSI stack (lxr.CCN 2.3.1) to a Java native stack (lxr.CCN 2.7), leveraging innovative thinking to improve performance and maintainability.","[Successful deployment of Vivansa connector for critical tax applications, Improved support coverage with Level\u202f1‚ 3 CCN support, Transition from legacy CSI stack to modern Java native stack, enhancing system stability and future scalability]",[https://ibmgbs.loopio.com/library?entry=4639945]
4639947.md,Supporting 24x7 Data Acquisition and Data Preparation services,Multinational Telco,Telecommunications,Big Data platform,"IBM provided a 24x7 data acquisition and preparation service for a multinational telecommunications company, supporting all L2-L3 application development across the UK and more than fifteen countries in Europe. The engagement followed ITIL processes to ensure operational transparency and knowledge transfer, aligning with IBM‚  ""Prevent Vendor Lock-in"" principle and upskilling the client‚  internal staff. The service delivered high reliability and a significant reduction in Level 3 tickets through deep root‚ cause analysis, leading to multiple extensions of the contract over more than seven years.","[24x7 data acquisition and preparation support across UK and >15 European countries, Implementation of ITIL processes for operational transparency, Upskilling of client‚  internal personnel, High reliability and significant reduction in L3 tickets, Contract extended multiple times over 7+ years]",[https://ibmgbs.loopio.com/library?entry=4639947]
4639949.md,Home Office National Policing System on AWS,UK Home Office,"Government, Public Sector (Policing)",AWS,"At the Home Office, IBM developed a national policing system on AWS using micro‚ services with an API‚ first approach. Technical documentation and knowledge base creation were embedded throughout development, alongside upskilling of the workforce in new technologies and methods. The software lifecycle was managed with integrated open source tools: Jira for agile delivery, Confluence for knowledge management, Zephyr for test management, GitLab for source control, and automated testing tools such as Cucumber and Selenium. Release automation utilized Jenkins to ensure key documentation was produced and maintained while upskilling resources.","[Embedded technical documentation throughout the development lifecycle, Upskilled workforce on modern technologies and methods, Integrated agile delivery with Jira, Confluence, Zephyr, GitLab, Cucumber, Selenium, and Jenkins]",[https://ibmgbs.loopio.com/library?entry=4639949]
4639951.md,"Driving value by rapidly collating and making data accessible for reporting, analytics, exchange, and applications using Azure PaaS architecture at an enterprise level.",Nestl√©,Food & Beverage (Consumer Goods),"Azure PaaS architecture, Azure Data Lake, Power BI Self Service","Nestl√© partnered with IBM to build an enterprise‚ scale data analytics factory that rapidly collates and distributes data across 273,000 employees. Using IBM‚  auto‚ ETL end‚ to‚ end accelerator, the solution was designed, built, and run on Azure PaaS, significantly reducing build time through standard components and templates. Data is ingested into Azure Data Lake, transformed via predictive modelling, and made accessible to users through Power BI Self Service dashboards.","[Reduced build time for analytics projects, Rapid delivery of insights at enterprise scale, Over 100 successful reporting projects deployed within 12 months]",[https://ibmgbs.loopio.com/library?entry=4639951]
4639953.md,Scottish Government Benefit Processing Platform,Social Security Scotland,"Public Sector, Government Services",Cloud Hosting Platform (generic),"Designed and built a first‚ of‚ kind Scottish Government Benefit Processing Platform for Social Security Scotland. Within five months delivered a fully automated, resilient infrastructure and security service that provided a secure cloud hosting platform on which the application went live. The logging, monitoring and alerting solution processed both structured and unstructured data from hundreds of sources, enabling 80‚ÄØbillion events in the first five months to be securely routed, processed, stored and visualised.","[Fully automated and resilient infrastructure, Secure cloud hosting platform for application launch, Processing of 80\u202fbillion events within first five months]",[https://ibmgbs.loopio.com/library?entry=4639953]
4639954.md,Parking App UI Development for Major Global Car Brand,Unnamed Global Car Brand,Automotive,"Cloud-native development, Microservices architecture","IBM‚  Cloud Application Practice developed the user interface for a parking application used by a major global car brand. The UI, built with Angular, delivers dynamic visibility of both on‚ street and off‚ street parking options and guides drivers to available spaces. It integrates microservices that provide real‚ time parking data, high‚ fidelity maps, and payment gateway services to enable seamless user experience.","[Real‚ time parking availability displayed, Improved driver navigation to open spots, Seamless payment integration]",[https://ibmgbs.loopio.com/library?entry=4639954]
4639957.md,Etihad Airlines partnered with IBM to deliver an Azure powered data platform using Power BI,Etihad Airlines,"Aviation, Airline","Azure Data Lake, Power BI","Etihad saw an explosion in the amount of data they need to collect and analyse, so they used a single Azure Data Lake to consolidate this data to enable rapid, simple and faster analysis. We deployed Power BI to develop a number of custom reports to deliver actionable insight on-demand to their executive team. This solution offered real-time data analysis across numerous roles, from analysts and data scientists to executives, to create, view and modify reports and visualisations.","[Real‚ time data analysis across multiple roles, Rapid, simple and faster analysis of consolidated data, Actionable insight on-demand for executive decision making]",[https://ibmgbs.loopio.com/library?entry=4639957]
4639959.md,POLE Data Architecture Implementation,Secure Client,,Elasticsearch,"For a secure client, IBM designed and implemented a POLE data architecture as the fundamental building blocks of a workflow management system. Users could create POLE entities with numerous attributes and link them to existing entities by defining relationships. The passage of a case through the system was driven by business rules using POLE data as input; users could create their own dashboards reporting on POLE activity, and data access could be restricted by POLE attributes. The POLE architecture enabled Elasticsearch to be implemented, on top of which IBM applied a custom UI providing a ‚ÄòGoogle-like‚Äô search for users.",,[https://ibmgbs.loopio.com/library?entry=4639959]
4639962.md,Beta Delivery of the NHS Hotel Quarantine Service,NHS Test & Trace (UK),"Health & Life Sciences, Public Health",,"IBM‚  Health & Life Sciences team partnered with NHS Test & Trace to develop a high‚ profile, highly regulated public‚ facing digital tracing service. Using product‚ centric, user‚ focused approaches across all phases of service development‚Äîincluding research, design systems, analytics and data‚ driven design‚Äîthe team accelerated the beta delivery of the NHS Hotel Quarantine service to less than one month after the COVID policy introduction, while ensuring strict compliance with privacy and data integrity regulations.","[Accelerated beta launch in under one month, Maintained stringent regulatory compliance for privacy and data integrity, Enabled rapid deployment of a critical public health service]",[https://ibmgbs.loopio.com/library?entry=4639962]
4639963.md,Experience of preparing for and passing GDS service assessments or equivalent,Disclosure & Barring Service (DBS),"Public sector, Government services","GOV.UK.Pay, GOV.UK.Verify, GOV.UK.Notify","In 2018 IBM worked with DBS to develop a new digital service and products hosted on GOV.UK which allowed citizens to self‚ serve a Basic disclosure application digitally. It was the first service to make use of GOV.UK.Pay, GOV.UK.Verify and GOV.UK.Notify services and was implemented using an agile team, Dev Ops tooling and UX Design.","[GDS alpha assessment passed on first attempt, Won the Institute of Customer Service Award for Best Use of Customer Insight in 2020]",[https://ibmgbs.loopio.com/library?entry=4639963]
4639964.md,EY‚  Diligence Edge Solution ‚Äì Human‚ in‚ the‚ Loop ML Feedback,Ernst & Young (EY),"Professional Services, Consulting, Financial Services",,"We applied sophisticated semi‚ automatic feedback ‚Äòhuman‚ in‚ the‚ loop mechanisms to EY‚  Diligence Edge solution to revolutionise their due diligence process around mergers and acquisitions. These captured implicit and explicit user feedback on the relevancy and recall of outputs of a machine learning model. The feedback was captured in a ‚Äúfeedback loop‚Äù database which populated dashboards, enabling data scientists to perform targeted improvements to the model.",EY‚  ability to make better decisions based on actionable insights from thousands of data‚ room documents at a faster pace and deeper level than ever before.,[https://ibmgbs.loopio.com/library?entry=4639964]
4639968.md,IBM partnered with ExxonMobil to capture the shift towards mobile,ExxonMobil,"Oil & Gas, Fuel Retail","Apple Pay, Samsung Pay, Credit Card, Debit Card","IBM collaborated with ExxonMobil to develop a seamless, integrated mobile payment solution that enabled customers to pay for gasoline via their phone, watch, or car. The solution supported multiple payment methods including credit card, debit card, Apple Pay, and Samsung Pay, and was designed to enhance both security and convenience while differentiating the brand and boosting customer loyalty.","[First large-scale implementation of Apple Pay in a retail environment, Increased customer loyalty through mobile payment convenience, Captured 20% market share of B2C payments for a multinational banking partner, Zero security incidents reported]",[https://ibmgbs.loopio.com/library?entry=4639968]
4639969.md,Demonstrable expertise in promoting successful app take-up and use,Wimbledon,"Sports, Tennis Event","Apple TV, Web, Mobile","The IBM team and Corporate Marketing worked closely with Wimbledon to deliver web, mobile, and Apple TV experiences to an audience of 12 million visitors. With a new Apple TV app, IBM gives every fan a personalised ticket to the legendary event wherever they are with personalised content, opportunities for social sharing, and real-time insights.

With 69M+ digital visitors, 98% more mobile visits, 110M video views, a 25% annual increase, and a 24% social media audience increase, SlamTracker goes beyond scores to analyse player, match and tournament data. Real-time content delivery provides fans with insights faster than ever before.","[69M+ digital visitors, 98% more mobile visits, 110M video views, 25% annual increase in engagement, 24% increase in social media audience]",[https://ibmgbs.loopio.com/library?entry=4639969]
4639970.md,Northumbrian Water Modern Data Warehouse on Microsoft Azure,Northumbrian Water,"Utilities, Water Supply","Azure Data Factory, Azure Data Lake Store, Azure SQL Data Warehouse (Synapse), Azure Databricks","IBM designed, built, tested and deployed a modern data warehouse solution for Northumbrian Water to capture and analyze data from its network of approximately 300,000 SCADA sensors. The architecture ingests JSON sensor data into Azure Data Lake Store via Azure Data Factory, loads it into Azure SQL Data Warehouse (Synapse), and leverages Azure Databricks for data science and insight generation.","[Enabled cost‚ effective access to big data technologies, Provided organizational insights through data science capabilities, Reduced reliance on traditional high‚ cost analytics approaches]",[https://ibmgbs.loopio.com/library?entry=4639970]
4639971.md,Etihad Airways Data Platform on Microsoft Azure,Etihad Airways,"Aviation, Airline","Microsoft Azure Data Platform, Azure Data Lake, Power BI","Etihad Airways generated significant data volumes and faced fragmented, siloed, and poor quality data. Partnering with IBM, they built a unified data platform on Microsoft Azure to ensure consistent data quality across departments and divisions. A single data lake/reporting platform was delivered, ingesting data from multiple sources‚Äîincluding Etihad‚  MDM repository‚Äîinto a data mart that provides real‚ time mobile access with visualizations via Power BI.","[Faster decision‚ making, Enhanced ability to support operational research, Improved data quality and consistency]",[https://ibmgbs.loopio.com/library?entry=4639971]
4639972.md,IBM partnered with the global retailer H&M to transform their costly Netezza data and analytics platform to the cloud,H&M,Retail,"Microsoft Azure Synapse Analytics, Azure Data Factory, Azure Synapse/Hyperscale","IBM worked with H&M to migrate their legacy Netezza data and analytics environment to Microsoft Azure. Using Azure Data Factory as the ETL tool, they consolidated relational and non‚ relational time‚ sensitive data from multiple sources into a single Azure Synapse/Hyperscale (PaaS) data warehouse. The project also involved translating 1,400 Informatica workflows and 3,000 mappings into Azure‚ ready equivalents to enable insightful analysis.","[Reduced costs by paying only for the resources used, Leveraged Azure‚  scale for improved performance, Increased predictability with transparent, usage‚ based licensing models]",[https://ibmgbs.loopio.com/library?entry=4639972]
4639973.md,Etihad Airways builds data platform on Azure,Etihad Airways,"Aviation, Airline","Azure, Power BI","Etihad Airways partnered with IBM to build a data platform on Microsoft Azure. The solution integrated multiple data sources‚Äîincluding customer information, flight data, logistics, fuelling and refreshments volumes‚Äîinto a single data lake and reporting platform. Data is constantly updated and ingested into a data mart, enabling real‚ time mobile access and visualisations via Power BI.","[Faster decision‚ making, Greater ability to support operational research, Improved data quality and consistency]",[https://ibmgbs.loopio.com/library?entry=4639973]
4639974.md,Azure data & analytics platform for Heineken,Heineken,"Beverage, Brewing",Microsoft Azure Data Platform,"IBM partnered with Heineken to replace a siloed, non‚ performant legacy application with an Azure data and analytics platform. A structured team of Azure SMEs‚Äîincluding Data Architects, Data Engineers, and Data Modellers‚Äîprovided high‚ level design, built the ETL pipeline, and developed a common data model. The team rapidly delivered the platform and transferred knowledge to Heineken‚  internal staff, enabling an end‚ to‚ end solution that was transparent, cost effective, and truly insightful.","[Transparent implementation, Cost-effective delivery, Enhanced business insight]",[https://ibmgbs.loopio.com/library?entry=4639974]
4639975.md,Methven Data Warehouse Implementation,Methven,Manufacturing,"Microsoft Azure, Power BI, Microsoft Dynamics 365 CE & Supply Chain, Kingswaysoft connector","IBM designed, built and deployed a Kimball data warehouse for Methven, a large manufacturing company with operations in the UK, Australia, New Zealand and China. The solution pulls data from Microsoft Dynamics 365 Customer Engagement (CE) and Supply Chain modules via a Kingswaysoft connector, stores it in Azure, and enables rapid analysis across multiple dimensions using Power BI.","Provides excellent visibility of stock levels, customer orders, service issues, returns and wholesale distributor channel profitability; transforms the organization from merely accessing data to delivering real business insight.",[https://ibmgbs.loopio.com/library?entry=4639975]
4639978.md,"IBM partnered with Nestle to design, build and support a Microsoft Azure Data and Analytics Platform",Nestl√©,"Food & Beverage, Consumer Goods",Microsoft Azure,"IBM led the programme from initial design, strategy and roadmap through go‚ live and extended hyper‚ care support. The solution was fully integrated, enabling multiple repeatable deployments, train‚ the‚ trainer and knowledge transfer approaches were used to rapidly skill up Nestl√© employees. The platform enables Nestl√© to deliver analytics at speed and scale with over 100 projects to date.","[Rapid delivery within five months, Fully integrated Azure data and analytics platform, Repeatable deployment model, Skilled internal workforce via train‚ the‚ trainer, Analytics delivered at speed and scale for more than 100 projects]",[https://ibmgbs.loopio.com/library?entry=4639978]
4639980.md,Etihad Azure Data & Analytics Architecture,Etihad Airways,"Aviation, Airline",Microsoft Azure,"IBM designed a reference Azure data and analytics architecture for Etihad Airways. The design was reviewed by architects from an independent supplier, who rubber‚ stamped and guaranteed the solution for the client. IBM then built and successfully deployed the platform, enabling real‚ time insights across multiple mobile devices used by Etihad staff and customers. Ongoing support for the solution has been handed over to another supplier in certain geographies.","[Real‚ time insights delivered across multiple mobile devices, Validated architecture guaranteed by a neutral third party, Scalable data & analytics platform deployed within the airline]",[https://ibmgbs.loopio.com/library?entry=4639980]
4639982.md,IBM partnered with a global petrochemical company to implement Workday and build a new data warehouse,Global Petrochemical Company (unnamed),Petrochemicals,Workday,"IBM worked with the client to develop a data model, debug and test the ETL processes for the clients new data warehouse. The project addressed issues of disparate, siloed, duplicate data and poor data quality, enabling the platform to deliver timely, insightful data at a manageable cost.","[Resolved data quality and duplication problems, Improved data accessibility across global geographies, Enabled timely insights with reduced costs]",[https://ibmgbs.loopio.com/library?entry=4639982]
4639983.md,Nestl√© Cost Case Underwriting with Azure,Nestl√©,"Food & Beverage, Consumer Goods",Microsoft Azure,"IBM performed a comprehensive architectural analysis and measured Azure service volume consumption across all Nestl√© data platforms. This enabled the creation of an accurate, transparent cost estimate tailored to Nestl√©‚  requirements. The approach was used to inform Nestl√©‚  cost case, with underwriting based on actual data volumes and Azure services usage. As the project evolved and new services were added, the model flexed accordingly.","[Client expressed satisfaction with the transparent and consistent pricing mechanism, Increased confidence in IBM‚  architectural capabilities]",[https://ibmgbs.loopio.com/library?entry=4639983]
4639984.md,Methven Data Warehouse on Azure,Methven,Manufacturing,"Microsoft Azure, Microsoft Dynamics 365 CE, Microsoft Dynamics 365 Supply Chain Management, Power BI","IBM designed, built and deployed a Kimball data warehouse hosted in Microsoft Azure for Methven, using a Kingswaysoft connector to integrate with their existing Microsoft Dynamics 365 Customer Engagement (CE) and Supply Chain systems. The solution enables rapid analysis of complex data across multiple dimensions via Power BI dashboards.","[Improved visibility of stock levels, customer orders, service issues, returns, and wholesale distributor channel profitability, Transition from merely accessing data to providing actionable insights]",[https://ibmgbs.loopio.com/library?entry=4639984]
4639985.md,"Microservice Development Experience (includes Java, Spring Ecosystem, no SQL and RDS database etc.)",Scottish Government,"Public Sector, Government Services","Amazon DynamoDB, Amazon RDS Aurora PostgreSQL","We are building Scottish Governments new benefit system. Ensuring simplicity and reusability, a squad designed and built two Microservices in Java using Spring Boot (Spring Ecosystem). We deployed DynamoDB to provide a NoSQL Service which actively controls state locking for our Terraform scripts. One Microservice makes use of Amazon RDS Aurora Database and is PostgreSQL compatible. We created a Postcode lookup Microservice used 12,000 times a day by citizens to quickly select their address; and an adaptor Microservice used 4,800 times a day to translate XML to JSON between the digital channel and the case management system.",[],[https://ibmgbs.loopio.com/library?entry=4639985]
4639989.md,A global telecommunication company needed to grow their customer base and increase their customer satisfaction,Global Telecommunication Company (unnamed),Telecommunications,"Public Cloud, Multiple Cloud Providers","IBM worked with over 25 organisations to successfully transform a complex, global IT estate using multiple Cloud providers across 120 different integrated applications. The solution was rebuilt on the public cloud to enable growth, modernise business processes and provide a flexible platform for future expansion. Agile at Scale supported by DevOps allowed rapid iteration and collaboration among vendor, contractor, supplier and delivery teams operating under different commercial constructs.","[Increased customer satisfaction, Modernised business processes, Flexible platform for future growth]",[https://ibmgbs.loopio.com/library?entry=4639989]
4639990.md,Digital NINo Service Implementation,Department for Work and Pensions (DWP),"Government, Public Sector",,"In March 2020 applying for a NI number in person was suspended due to COVID. By July, there was a backlog of c.350,000 applications growing by 70,000 per month, DWP needed to find an urgent alternative to reopen the service. IBM re‚ designed and delivered a digital NINo service in 8 weeks using design thinking, agile and DevOps automation methods. Our approach enabled incremental value and improvement to service performance with a 57% saving of applicants‚Äô time using the service. In addition, processing time has significantly reduced and we have created model which will deliver  £108m of savings over 10 years.","[57% reduction in applicant time, Significant reduction in processing time, Projected  £108 million savings over 10 years]",[https://ibmgbs.loopio.com/library?entry=4639990]
4639993.md,"Experience using WebLogic Server ‚Äì 10.3.6, Oracle Service Bus 11.1.1.6",NHS Electronic Staff Record (ESR),"Healthcare, Public Sector HR & Payroll","WebLogic Server 10.3.6, Oracle Service Bus 11.1.1.6, E-Business Suite","A team of 50 developers modernised the HR and payroll services for NHS England and Wales, the largest Oracle payroll system in the world (~1.7 million users). All Java Virtual Machines were upgraded to WebLogic 10.3.6, enabling the E‚ Business suite and Oracle Service Bus 11.1.1.6. Through APIs, external integrations with ESR were exposed to deploy new services such as a Self‚ Service Portal that allows all NHS staff to perform activities‚Äîpreviously requiring local HR administrators‚Äîsuch as viewing payslips and booking holiday in a single interface.","[Simplified user experience for over 1.7M employees, Improved employee satisfaction by consolidating payroll and HR functions into one portal, Reduced administrative overhead for local HR teams]",[https://ibmgbs.loopio.com/library?entry=4639993]
4639995.md,HMRC SoTF Programme Migration,Her Majestys Revenue and Customs (HMRC),"Government, Public Sector ‚Äì Taxation",Azure,"The HMRC Service Transformation Framework (SoTF) programme is a mission‚ critical initiative transforming the technology underpinning tax payments. As Delivery Lead, we took ownership and accountability for the programme, re‚ planning, accelerating, and delivering 85 business services from SAP to Azure on time. We introduced a one‚ team approach across the programme, centred on deep collaboration across all stakeholders through multi‚ supplier planning workshops, joint RAID reviews, a single integrated plan, and collaborative Agile ceremonies, including daily stand‚ ups.","[On‚ time delivery of 85 business services, Stabilised and improved services, Saved HMRC approximately  £18\u202fmillion in extended support/project costs, Ensured all suppliers met contractual commitments]",[https://ibmgbs.loopio.com/library?entry=4639995]
4639996.md,IBM/Shell B2B Global Marketplace for Mining Industry,IBM and Shell,Mining,,"IBM/Shell created the worlds first B2B global marketplace for the mining industry (Oren). The project employed an agile approach that included workshops and interviews with internal/external stakeholders, such as functional teams, users, designers, and board-level executives across different countries. A multitude of written materials were produced in various formats and tailored to specific audiences and languages, complemented by verbal communication through face-to-face meetings and presentations at the board level. The initiative aims to accelerate mining industry digitisation, transform mining workflows, and build new capabilities.",Not explicitly detailed in the document.,[https://ibmgbs.loopio.com/library?entry=4639996]
4639997.md,DWP moves apply for a NINO service online,Department for Work and Pensions (DWP),"Public Sector, Government Services",,"The Department for Work and Pensions needed to quickly move its ""apply for a National Insurance Number"" service online to resolve a significant backlog caused by Covid. IBM facilitated the project by conducting daily morning stand‚ ups, ensuring close collaboration between client and IBM teams, and delivering tailored show‚ and‚ tell sessions at the end of each sprint. The architecture was reviewed with the technical community and business functionality demonstrated through user experience sessions. The service was launched in 8 weeks.",[57% increase in efficiency],[https://ibmgbs.loopio.com/library?entry=4639997]
4639999.md,HMRC DC Exit Program ‚Äì Accelerating Asset Discovery,Her Majestys Revenue and Customs (HMRC),"Government, Public Sector (Taxation & Customs)",Discovery as a Service (DaaS),"IBM helped HMRC identify 5,500 assets required for a critical data centre exit program. By introducing Discovery as a Service (DaaS), IBM automated the design and delivery process for both internal and external suppliers. The solution included detailed mapping of services to technical components and an enhanced performance dashboard, providing a higher level of data quality and enabling faster completion.","[Accelerated project completion by 30%, Delivered milestones earlier than original timelines, Improved data quality and visibility through automated processes]",[https://ibmgbs.loopio.com/library?entry=4639999]
4640001.md,BP Chargemaster AWS‚ Based Serverless Platform,BP Chargemaster,"Electric Vehicle Charging, Energy & Transport","AWS Lambda, Amazon API Gateway, Kinesis (Kenesis), Auto‚ scaling, Kong","IBM designed, developed and now manages a 24/7 AWS‚ based serverless platform for BP Chargemaster, the largest UK operator of vehicle chargepoints. The platform links and manages chargepoints, billing and customer mobile experience using native AWS services such as Lambda, API Gateway, Kinesis and auto‚ scaling. It integrates 7,000 public chargepoints, tens of thousands of home and workplace chargepoints, and serves approximately 100,000 customers via the app. IBM also used Kong in a separate engagement with a UK police force.","[Integrated 7,000 public chargepoints, Connected tens of thousands of home/workplace chargepoints, Supported ~100,000 customers using the mobile app, Enabled 24/7 operation and automated scaling]",[https://ibmgbs.loopio.com/library?entry=4640001]
4640002.md,Batch File Transfer Platform for Pensions Integration,Department for Work & Pensions (DWP),"Public Sector, Government, Pension Services",Cloud,"IBM designed, developed, and operates a large‚ scale batch file transfer platform that integrates across cloud, legacy, and external systems to transform and securely transfer hundreds of files daily against dynamic schedules, including payment processing. The solution supports multiple protocols (HTTPS, FTPS, SFTP), complex data transformations, transient storage for consolidation, and automated recovery mechanisms to ensure committed delivery. It handles jobs ranging from minutes to weekly intervals.","The platform reliably maintains and pays the pensions of over 10 million citizens, ensuring secure, timely, and accurate file transfers across diverse systems.",[https://ibmgbs.loopio.com/library?entry=4640002]
4640003.md,American Airlines Microservices Common Platform,American Airlines,"Aviation, Airline",IBM Cloud,"IBM partnered with American Airlines (AA) to migrate legacy applications to a cloud-based microservices architecture. The project involved establishing an Architecture Guild and development squads, designing the management and operating model, setting technologies, policies, standards, and common techniques for services. IBM worked in mixed teams with AA to develop and operate a platform that supports all AA business applications across channels and locations, including an award‚ winning customer experience tablet application used by staff on the ground and in the air, which synchronizes with microservices when connected.","[Successful migration of legacy apps to cloud-based microservices, Improved operational efficiency through shared platform, Enhanced customer experience via tablet application]",[https://ibmgbs.loopio.com/library?entry=4640003]
4640004.md,Common Platform for All Social Security Services and Benefits,Scottish Government,"Public Sector, Government",AWS,"At Scottish Government we designed, developed and operate a common platform for all social security services and benefits provided to citizens. The experienced IBM engineering team automated Infrastructure as Code solutions on AWS. Full-stack development teams integrated case management, and multiple applications and external sources to assess and pay entitlements. The back-end comprises of secure microservices some in Java, most as Node.js, an API Gateway, and offers both MQ and REST as transport. The entire environment, including all networking and all configuration, is source-controlled as-code and is completely destroyed and instantiated regularly in staging environments.",[Solution has won awards],[https://ibmgbs.loopio.com/library?entry=4640004]
4640005.md,Secure Containers Platform for MoD,UK Ministry of Defence (MoD),"Government, Defense","Amazon Web Services (AWS), Microsoft Azure, Private Cloud","IBM created a secure containers platform that was cloud‚ supplier agnostic to support the MoD in their implementation of Agile working practices. Working in partnership, we built an Infrastructure‚ as‚ Code pipeline implementing Rancher, Kubernetes and Terraform to allow rapid and fully‚ automated deployment of containers to the target cloud environment. The solution was built and deployed initially in AWS, then developed to extend to Azure and private cloud. Delivering using Agile over the last 4 years, we iterated the platform, further developing the automated build, test, verification and monitoring of application modules, maintaining and supporting the service and templates for 100+ developers.","[Rapid and fully‚ automated deployment of containers, Cloud‚ supplier agnostic architecture, Support for 100+ developers with reusable templates, Continuous improvement over 4 years using Agile practices]",[https://ibmgbs.loopio.com/library?entry=4640005]
4640006.md,IBM built and support the new Contact Tracing system for NHS Test and Trace,NHS Test & Trace (UK National Health Service),"Healthcare, Public Health",,"IBM designed, implemented, and provides 24/7/365 live support for a new contact tracing solution used by England‚  NHS Test & Trace program. The system replaces an older legacy platform and is deployed rapidly‚Äîmultiple times per week‚Äîusing DevOps pipelines managed by IBM‚  live‚ support team. A UK‚ based support crew monitors the solution in shifts, ensuring high reliability and robustness as virus case numbers fluctuate.","[Rapid deployment of multiple updates each week, 24/7/365 operational availability, Improved tracing capabilities replacing legacy system, High reliability and robustness under changing conditions]",[https://ibmgbs.loopio.com/library?entry=4640006]
4640007.md,Experience in driving efficiencies in cloud hosting costs through taking advantage of modern containerisation and scaling technologies.,Department for Work and Pensions (DWP),"Public sector, Government","Amazon EKS, Kubernetes","IBM developed a containerised platform based on DWPs Application Reference Architecture in a Kubernetes cluster on Amazon EKS. The platform hosts the Employment Income production micro‚ services and is also used for prototyping, development, test and staging across multiple complex components. It was built with cost reduction and efficient scaling as primary goals: entire environments are created from code only when needed and destroyed after testing or overnight. All elements are dynamically scaled, with resources minimised by default, enabling many more test environments while halving hosting costs.","[Halved hosting costs, Increased number of test environments, Efficient scaling and resource minimisation]",[https://ibmgbs.loopio.com/library?entry=4640007]
4640009.md,Social Security Scotland Digital Skills Upskilling,Social Security Scotland,"Public Sector, Social Services",,"We worked collaboratively to help build and up-skill Social Security Scotlands in‚ house teams. We created a central document library to provide the foundations for active knowledge transfer, defined user guides and training plans by role, paired IBMers with each person to follow these plans, carried out on‚ the‚ job learning with monthly assessments on development progress and appropriate content iterations, and developed communities of practice for different skill types to reinforce learning and coaching across teams. This mentoring helped create permanent in‚ house digital skills in Analysis, Development, Testing and DevOps, allowing IBM to scale back our team.","[Permanent in‚ house digital skills in Analysis, Development, Testing and DevOps, Reduced need for external IBM resources through knowledge transfer]",[https://ibmgbs.loopio.com/library?entry=4640009]
4640012.md,Experience of successful service transition from incumbent supplier and management of exit handover activities,Maersk,"Container Shipping, Logistics",,"IBM rapidly landed a team to take responsibility for delivery of vertically-integrated business-critical services across 600 applications, managing the exit of two long-term incumbent vendors. IBM created and managed a comprehensive plan to transition and transform (adding additional benefits) the services, using 3 waves, tracking progress with data.","The incumbent suppliers had a one-year handover provision, but activities were successfully completed within 9 months, with no service impact and added benefits from the transformation.",[https://ibmgbs.loopio.com/library?entry=4640012]
4640014.md,Nationwide Multi-Channel Development Centre,Nationwide Building Society,"Financial Services, Banking",,"Nationwide, the world‚  largest building society, sought a dynamic, scalable, customer‚ centric development model that enabled rapid innovation while minimizing risk to customers. IBM established the Multi‚ Channel Development Centre, which built high‚ volume digital services from discovery through to live using a continuous CI/CD DevOps approach with frequent deployments. Nationwide‚  formal ITIL service management was integrated to approve releases, creating an ongoing process that tightly controlled the safety of every iteration.","[Rapid innovation and deployment cycles, Low risk of negative customer impact, Millions of members use the services for critical transactions daily, Best Online Banking Provider awards]",[https://ibmgbs.loopio.com/library?entry=4640014]
4640015.md,Large scale platform implementations using industry leading containerisation solutions,Department for Work and Pensions (DWP) ‚Äì Employment Income,"Public Sector, Government Services","Amazon EKS (Kubernetes on AWS), GitLab, Concourse CI/CD, Ansible, Terraform, Docker, Vagrant","IBM has built a containerised micro‚ service platform for DWP Employment Income based on the Department‚  Application Reference Architecture. The solution runs in a Kubernetes cluster on Amazon EKS and is managed through GitLab and Concourse pipelines. Ansible (and Terraform) are used to rapidly instantiate, update, and re‚ release containers that are fully defined as code in version control. IBM delivered the initial CI platform within three months, established Green‚ Zone DevOps standards, and now assists DWP and other supplier teams with onboarding into the managed Kubernetes environment.","[Delivered initial CI platform in 3 months, Rapid, code‚ defined container lifecycle management, Established industry‚ leading DevOps templates and standards, Enabled onboarding of additional teams onto a shared Kubernetes platform]",[https://ibmgbs.loopio.com/library?entry=4640015]
4640016.md,"Security architecture - in particular, convincing example(s) of implementing a ‚ÄòDevSecOps‚Äô way of working within teams.",Department for Work & Pensions (DWP),"Government, Public Sector",,"DWP and IBM have been collaborating on digital security since 2019 as part of a Tier‚ÄØ1 programme aimed at modernising all aspects of security across digital applications. IBM works with the Department to implement security‚ focused DevSecOps ways of working in all digital initiatives, developing principles, streamlining security reviews, and deploying a range of security tooling including dynamic vulnerability scanning. The programme supports secure digital operations by enabling rapid response to risks and incidents, using DevOps practices to monitor, live‚ configure or rapidly re‚ release components to close vulnerabilities and dynamically balance risk.","[Modernised security across all digital applications, Implemented DevSecOps principles and streamlined security reviews, Deployed dynamic vulnerability scanning tools, Enabled rapid response to risks and incidents through continuous monitoring and rapid component re‚ deployment]",[https://ibmgbs.loopio.com/library?entry=4640016]
4640017.md,Digital Disclosure Application for the Disclosure & Barring Service,Disclosure & Barring Service,"Public Sector, Government Services","AWS Lambda, GOV.UK.Pay, GOV.UK.Verify, GOV.UK.Notify","In 2018 IBM partnered with DBS to develop a new digital service that allows citizens to self‚ serve a disclosure application for the Disclosure & Barring Service. The solution leveraged AWS Lambda to build serverless RESTful micro‚ service APIs, acting as the middle layer between the user experience and business applications while integrating more complex external services. This was the first service to incorporate GOV.UK.Pay, GOV.UK.Verify and GOV.UK.Notify within the serverless API tier.",[Won the Institute of Customer Service Award for Best Use of Customer Insight in 2020],[https://ibmgbs.loopio.com/library?entry=4640017]
4640018.md,Co‚ operative Bank IT Separation and Data Centre Exit,Co‚ operative Bank,"Banking, Financial Services",,"Co‚ operative Bank needed to deliver IT separation from their legacy businesses and a data centre exit, moving over 250 services in a 24 month timeframe. They chose IBM as their Transformation Partner working with 200+ client resources and 250+ resources from other suppliers. The programme comprised 12 migration and technical workstreams delivered through multiple releases, with IBM managing the end‚ to‚ end delivery, governance and architectural/technical leadership. This covered mission critical systems, including core banking with 100+ data feeds.","The programme was a success receiving public reference recognition for meeting the exit outcome and delivering on time, to budget with zero outages.",[https://ibmgbs.loopio.com/library?entry=4640018]
4640019.md,IKEA Retail e-commerce Transformation,IKEA,Retail,,"At IKEA, IBM co‚ ordinated one of the most complex global retail, e‚ commerce transformations, with high levels of integration. IBM introduced robust governance processes to ensure a consensus‚ oriented delivery approach which included the business users, delivery teams and architecture across 10+ vendors (400+ FTEs). Projects RAIDs and detailed plans were interlocked, assisted by automation, into an integrated delivery plan highlighting cross‚ workstream dependencies. Weekly programme delivery boards included participation of all projects to provide transparency while increasing accountability. Fortnightly C‚ suite delivery boards shaped the roadmap actively.",Our understanding allowed our client to accelerate their transformation and improve their revenue by &gt;$1B.,[https://ibmgbs.loopio.com/library?entry=4640019]
4640020.md,RBS Separation & Migration Programme,Royal Bank of Scotland (RBS),"Banking, Financial Services",,"IBM worked with RBS to integrate complex Managed Service Provider (MSP) plans across L1-3 levels for their separation and migration programme. Using a custom-built set of tools, IBM integrated 40+ MSP projects (L3) and workstream (L2) plans, encompassing 10,000 line items, and rolled them up weekly to track progress, align and manage dependencies, flag resource constraints, and identify impacts on the critical path. The transparent and automated roll-up enabled RBS workstream leads to manage their own end-to-end workstream plans more efficiently.","[Reduced maintenance overhead for workstream leads, Improved quality of plan tracking, Increased transparency at steering board level, Enhanced responsiveness to changes]",[https://ibmgbs.loopio.com/library?entry=4640020]
4640021.md,IBM Provides Technical Delivery Managers for 24‚ Month Migration Program,Multinational Consumer Goods Client,Consumer Goods,AWS,"IBM leveraged its resourcing capabilities to supply eight specialist Technical Delivery Managers to a multinational consumer goods client. The team managed a 24‚ month programme that migrated 900 services to AWS across eight workstreams, including four technical streams focused on migrations and infrastructure shared‚ services projects. IBM rapidly ramped up the delivery managers to create forecast‚ based delivery plans using estimates from IBM, the client, and supplier teams, incorporating confidence levels based on team votes. The team integrated across workstreams to ensure timely delivery of cross‚ workstream technical dependencies.",[90 migrations completed successfully],[https://ibmgbs.loopio.com/library?entry=4640021]
4640022.md,Ability to create central architecture capability,Multinational consumer goods client,Consumer Goods,AWS,"IBM has the ability to create a central architecture capability for SoTF, as done for a multinational consumer goods client, migrating 900 services to AWS. The solution involved establishing guilds centered around various architecture competencies within the Design Authority (DA), ensuring strong interlock and technical direction between workstreams. Architects in these guilds produced over 100 migration documents, high‚ level designs, and solution designs using standard templates, which were then governed by the DA for additional guidance and assurance. This integrated model facilitated key decisions, seamless communication, and a joined‚ up technical approach.","Centralized architectural governance, streamlined migration documentation, improved decision making and communication across workstreams, and successful migration of 900 services to AWS.",[https://ibmgbs.loopio.com/library?entry=4640022]
4640023.md,Experience of aligning solutions with Enterprise architecture,BAE Systems,"Defense, Aerospace",,"As part of implementing a hugely complex, nationally critical Product Lifecycle Management (PLM) programme for BAE Systems, IBM led both the definition of their enterprise architecture (based on the TOGAF framework) and ensured that the programme delivering the various elements of the PLM solution were aligned to the strategic business, enterprise, information and technology architecture. By aligning all levels of architecture via a common framework, consistency of the solution was achieved, decision making accelerated, and architectural assurance/governance across the programme was streamlined.",The approach was recognised by BAE Systems as a critical success factor in delivering the PLM programme on time and on budget.,[https://ibmgbs.loopio.com/library?entry=4640023]
4640025.md,Co-operative Bank Data Centre Exit,Co‚ operative Bank,"Financial Services, Banking",,"IBM delivered a workstream integrator capability for the Co‚ operative Bank‚  data centre exit program. Using resources from IBM‚  data centre exit practice, which has completed over 50 complex migration programmes, IBM managed 12 workstreams involving 450 client and supplier staff to migrate more than 250 services. In this integrator role, IBM coordinated end‚ to‚ end delivery plans, maintained the programme critical path, provided daily updates, facilitated close supplier collaboration, and executed proactive escalations when required. This enabled better and rapid decision‚ making when dependencies changed, resulting in a successful delivery on time and within budget.","[Successful delivery of the data centre exit program on schedule, Completion within budget]",[https://ibmgbs.loopio.com/library?entry=4640025]
4640026.md,World Class Service Transformation Initiative,Department for Work & Pensions (DWP),"Public Sector, Government Services",,"IBM partnered with DWP to remove years of process and technical debt through a successful migration. Using a 2-in-a-box model, IBM supported DWP workstream leads in coordinating programme governance, including reporting and impact assessment of design decisions. IBM led detailed management of design artefacts via Design Authority governance, enabling accelerated sign‚ offs and rapid decisions. To simplify day‚ to‚ day delivery, IBM worked with DWP leads to streamline governance processes, resulting in improved reporting, reduced management overheads, and more effective decision making.","[Accelerated sign‚ offs, Rapid decisions, Improved reporting, Reduced management overheads, More effective decision making]",[https://ibmgbs.loopio.com/library?entry=4640026]
4640027.md,IBM was responsible for 3rd party management and integration for a Big Six Energy firms Smart programme,Big Six Energy firm (unnamed),Energy,,"IBM managed third‚ party integration for the Smart programme of a major energy company, coordinating 16 external partners to deliver five major releases. By enforcing standardised templates and integrating L2/L3 plans into a central MSP, IBM enabled semi‚ automated roll‚ ups that could be completed on demand. Plans were updated weekly with changes flagged to identify dependency impacts, ensuring successful delivery of third‚ party work.","Successful delivery of the programme‚  releases; adoption of the integration process across other programmes within the client organization, improving third‚ party delivery success.",[https://ibmgbs.loopio.com/library?entry=4640027]
4640028.md,IBM Leads Migration for a Major UK Bank,Major UK Bank (unnamed),"Banking, Financial Services","x86, midrange, zSeries","IBM brought technological breadth and cloud knowledge when leading the migration for a major UK Bank. We ran technical planning sessions across 8 business units and 3 ADM partners, using our extensive IT knowledge, to ensure best practice was followed for each technology (x86, midrange, zSeries) and migration pattern (service, platform). Joint steering provided technical governance and a senior supplier technical interface. Our technical PMs, with specialist IT knowledge, acted as day‚ to‚ day interface into delivery partners, to properly assure and engage on delivery progress.","[Faster issue resolution, Improved assurance of technical plans, Better engagement]",[https://ibmgbs.loopio.com/library?entry=4640028]
4640030.md,DWPs Legacy Data Centre Exit Programme,Department for Work and Pensions (DWP),"Public Sector, Government",,"IBM managed the establishment of a Design Authority for DWP‚  Legacy Data Centre Exit Programme into Crown Hosting. The Design Lead oversaw the development of a Technical Reference Architecture, supported by design standards and templates (High, Low, and Migration Designs) across multiple delivery partners. A comprehensive Design Register was created, and a document review process established to produce and assure a baseline set of over 100 designs through review and approval. Status and progress tracking were monitored daily and via weekly programme governance.","[High quality design artefacts produced on time, Daily status monitoring and weekly governance ensured timely delivery]",[https://ibmgbs.loopio.com/library?entry=4640030]
4640031.md,IBM Migration Programmes at Two Major High Street Banks,IBM,"Banking, Financial Services",,"IBM led successful migration programmes for two major high‚ street banks. The project involved overall Design Authority governance and the oversight of more than 1,000 architecture decisions on a single programme. IBM used standard Architecture Decision templates to capture solution options, implications, rationale/recommendations, and approvals. Progress was tracked in a central Architecture Decision log, with actions recorded within the programme RAID and Design Authority minutes. Decisions were ratified by approvers from the client, IBM, and supplier organisations, ensuring delivery aligned with enterprise architecture and migration design.","[Successful migration of both banks, Alignment to enterprise architecture and migration design, Effective governance of over 1,000 architecture decisions]",[https://ibmgbs.loopio.com/library?entry=4640031]
4640032.md,At a major high street bank IBM built a cloud infrastructure and migrated applications from 6 existing data centres,Major high street bank (unnamed),"Banking, Financial Services",Cloud infrastructure migration,"IBM partnered with the client‚  Enterprise Architecture and Platform Architecture teams to establish a joint Design Authority. The authority included stakeholders from Application, Data, Infrastructure, Network and Security domains. Together they aligned on architectural direction, decision making and standards, approved architecture decisions and high/low level design documents through collaborative reviews, resulting in standards compliance, integrated designs and faster, empowered decision making.","[Standards compliance, Integrated designs across the organization, Quicker, empowered decision making]",[https://ibmgbs.loopio.com/library?entry=4640032]
4640033.md,IBM Leads AWS Migration of Home Office‚  Nationally Critical Semaphore Application,Home Office (UK Government),"Public Sector, Government IT",AWS,"IBM embedded enterprise, solution, cloud, integration, data and security architects into the multi‚ supplier workstreams responsible for migrating the Home Office‚  nationally critical Semaphore application to AWS. The architects worked across delivery teams, reviewing and advising on architectural decisions daily, collaborating with both client and supplier stakeholders to investigate issues, solve problems, and recommend optimal solutions that aligned with business objectives.",Enhanced decision‚ making through continuous architectural guidance; reduced risk of misalignment between suppliers and the Home Office; accelerated migration timeline by ensuring decisions were made quickly and accurately. The engagement resulted in a smoother transition to AWS and stronger governance over the critical application‚  architecture.,[https://ibmgbs.loopio.com/library?entry=4640033]
4640035.md,IKEA e-commerce transformation,IKEA,"Retail, E-commerce",,"At IKEA, IBM worked in a large mixed supplier environment (10+) leading the design and delivery of a global, complex multi-channel e-commerce transformation across 40 countries. We used the Scaled Agile Framework with a mixture of Kanban and Scrum delivery approaches to manage this challenging IT change programme. Using SAFe ceremony and Big Room planning, we shaped each 12 week increment and used it as a platform to collaborate with the many different suppliers to build and communicate the integrated delivery plan. Alignment was key to delivering the priorities defined in the plan, ensuring everyone was aware of inter-dependencies.",[],[https://ibmgbs.loopio.com/library?entry=4640035]
4640036.md,Migrating to Crown Hosting saved DWP  £50Mpa+,Department for Work and Pensions (DWP),"Public Sector, Government",Crown Hosting Private Cloud,"The Department for Work and Pensions (DWP) migrated over 1,500 servers and more than 60 critical applications to a new private cloud hosted by Crown Hosting. This transition enabled the exit of a long‚ term outsourcing contract, allowing DWP to refactor its infrastructure, eliminate technical debt accumulated over ten years, and improve performance across key batch processes.","[ £50 million per annum cost savings, Reduction of 10+ years of technical debt, Performance improvement: key batch times reduced from 8+ hours to under 4 hours, 1 million user‚ hours saved through World Class Service improvements, 73% reduction in major incidents per month]",[https://ibmgbs.loopio.com/library?entry=4640036]
4640037.md,IBM has been Nationwides digital transformation partner since 2011,Nationwide,"Banking, Financial Services",,"Since 2011 IBM has partnered with Nationwide to drive its digital transformation across all channels. The engagement involved establishing a Digital Development Centre that implemented the Scaled Agile framework, enabling the delivery of services such as a Mobile Banking App and an Internet Bank. IBM set up seven multi‚ disciplinary delivery teams to produce a wide range of technical components and user features, adjusting resource mixes throughout development cycles.","[Won the UK User Experience Award, First to bring Apple Pay to the UK]",[https://ibmgbs.loopio.com/library?entry=4640037]
4640040.md,IBM DevOps Factory Delivery for a Large UK Bank,Large UK Bank (unnamed),"Banking, Financial Services",AWS,"IBM established a centralized, cloud‚ native DevOps factory to deliver synergy across multiple lines of business applications. The team built, ran, and industrialized the capability, providing continuous management automation, build automation, deployment automation, test automation, and continuous compliance. The standardized toolset‚ÄîSplunk, MongoDB, Grafana, Jenkins, GitHub, AWS, and Oracle‚Äîwas deployed bank‚ wide to support engineering practices.","[Improved engineering practices, Approximately 50% efficiency gains passed to the client]",[https://ibmgbs.loopio.com/library?entry=4640040]
4640041.md,IBM partners with Lloyds Bank to run a DevOps and Test Driven Development (TDD) environment,Lloyds Bank,"Banking, Financial Services",AWS Code Commit,"IBM partnered with Lloyds Bank to implement a DevOps and Test‚ Driven Development (TDD) environment focused on Business Intelligence service delivery. The approach centers on Continuous Integration, Minimal Viable Product generation, continuous prototyping, and automated testing coverage for both service logic and UI. IBM‚  TDD methodology is executed by cross‚ functional squads using AWS Code Commit, DevOps workflows that manage static and unit testing, deployment pipelines, and multi‚ level automated regression tests covering UI, integration, and performance.","[Accelerated development speeds, Measured improvements in code quality, Halved manual testing costs due to increased confidence in deployments]",[https://ibmgbs.loopio.com/library?entry=4640041]
4640042.md,New public-facing criminal record and background check digital service for DBS,Disclosure and Barring Service (DBS),"Public sector, Government services",,"For the Disclosure and Barring Service (DBS), IBM delivered a new public‚ facing criminal record and background check digital service. The team followed the gov.uk Service Manual, focusing on iteratively developing PoCs and UX prototypes to test with users and DBS stakeholders. Critical research was conducted on usability and how to elicit accurate and complete answers using multiple research methods. The solution passed the GDS Alpha assessment against the Service Standard and demonstrated a high level of maturity in understanding the user, earning praise from DBS leadership: ""IBM has been outstanding in supporting our significant transformation project"" (Deputy DBS CEO).","[Passed GDS Alpha assessment against the Service Standard, Demonstrated high maturity in user understanding and teamwork with DBS, Received positive endorsement from Deputy DBS CEO]",[https://ibmgbs.loopio.com/library?entry=4640042]
4640044.md,Social Security Scotland,Social Security Scotland,"Public Sector, Government Services",,"We helped establish Social Security Scotland based on their principles of treating everyone with dignity, fairness and respect. To deliver on this we engaged with 2,000 users and stakeholders in 600 research sessions. We gathered the needs of diverse groups such as young carers, single parent families and the bereaved through interviews, focus groups, usability testing sessions and ethnographic field studies. We sought to remove all barriers to access, ensuring services were available through multiple channels, that digital services were simple to use, met with accessibility standards, contained content to support low reading age with extensive supporting information where needed.","Removal of barriers to access, improved accessibility compliance, simplified digital services, and enhanced user experience for diverse groups including young carers, single parent families, and the bereaved.",[https://ibmgbs.loopio.com/library?entry=4640044]
4640049.md,Designing Mobile Apps for Wimbledon,Wimbledon,"Sports, Tennis Event Management","Android, Progressive Web App","As part of IBM‚  long‚ standing partnership with Wimbledon, we designed mobile apps for use across multiple services. We investigated which platforms to utilise for mobile apps focusing on maximising worldwide fan engagement. We assessed the variety of platforms ensuring platform demographics, usage and overall simplicity were considered. We identified the simplest approach was to build two Android apps, full and lite. The lite progressive web app provided a service for audiences in territories with lower bandwidth and less developed mobile hardware.",Improved experience for multi‚ million fans worldwide and increased fan engagement for Wimbledon,[https://ibmgbs.loopio.com/library?entry=4640049]
4640051.md,Student Loans Company partnered with IBM to embed new ways of working combining user centred design thinking and agile delivery,Student Loans Company,"Public Sector, Education Finance",,"IBM worked with SLC to create personas, journey maps and a service blueprint. This placed the customer at the heart of the design; identified how SLC could interact differently with the end customer to improve their experience at each stage of the journey; and set out the service measures to monitor quality and identify opportunities for improvement. The service blueprint is supported by a multi-year roadmap of 40 projects and over 100 SLC staff are now trained in Design Thinking.","Improved customer experience across the journey, establishment of service measures for quality monitoring, creation of a multi‚ year roadmap with 40 projects, and training of more than 100 SLC staff in Design Thinking.",[https://ibmgbs.loopio.com/library?entry=4640051]
4640058.md,Experience Data Modelling and creation of physical models conformant with Enterprise Data Model and organisation standards using SAP Powerdesigner.,European Banks UK Division,"Banking, Finance",Cloud Hadoop-style infrastructure,"IBM designed and created Physical Data Models (PDM) for a European bank‚  UK division, translating enterprise logical models into columnar-oriented PDMs. The models were presented in SAP Powerdesigner, simplifying design while ensuring compliance with organisational architectural standards. IBM‚  cloud-based physical modeling approach reduced complexity and table counts across the bank‚  data architecture.","[Minimized model complexity, Reduced number of data model tables, Improved analytical efficiency, Lowered infrastructure costs, Accelerated data project delivery times]",[https://ibmgbs.loopio.com/library?entry=4640058]
4640059.md,IBM works with global airline to improve customer experience,Global Airline,"Aviation, Airline",,"IBM is working with a global Airline to improve customer experience through instant information delivery across digital channels. Our highly experienced Java developers with Micro-services expertise are delivering cloud-native applications supporting digital customer-facing services. Our scrum teams develop in Java and Javascript, operating a flexible multi-partner project environment, scaling team sizes up and down to meet changing business needs.",[Rapid application deployment: dynamic rebooking application roll-out in 4 months],[https://ibmgbs.loopio.com/library?entry=4640059]
4640063.md,Automated and Performance testing of ETL / ELT services,UK Bank (unnamed),Banking/Finance,AWS,"IBM partnered with a UK bank to automate and performance test its data and ETL/ELT services. The bank had over 500 data sources and relied on a manual testing approach that was inadequate for its growing scope. IBM implemented an automated testing solution using QuerySurge on AWS, which assessed data movement from source to target repositories, verified business transformation rules, and remapped data into HDFS where needed.","[Increased test accuracy, Achieved 100% test coverage across all data architectural layers, Reduced testing costs by more than 75%, Improved resilience of the testing process]",[https://ibmgbs.loopio.com/library?entry=4640063]
4640064.md,Experience using and administering Metadata and Information Management solutions,UK Financial Services Provider,Financial Services,"Amazon S3, Hadoop, DataStage, Apache Atlas, Information Governance Catalog (IGC)","At a UK Financial Services Provider, IBM is using and administering metadata using open-source Apache Atlas and Information Governance Catalog (IGC) tooling. The platform involves DataStage ingesting Amazon S3 data into Hadoop. The Information Management solution provides ETL data lineage from source-to-report alongside integrating DQ status with business glossary management in IGC. This accelerates data discovery activities, freeing up reliance on the organisation‚  data SMEs and supporting Risk and Regulatory compliance. IBM is completing good practice through defining associated robust data governance processes and structures. IBM is a major sponsor-developer of ODPi Egeria, the world‚  first open source metadata standard.","[Accelerated data discovery, Reduced reliance on data SMEs, Supported risk and regulatory compliance, Established robust data governance processes]",[https://ibmgbs.loopio.com/library?entry=4640064]
4640068.md,The Whole Farm Approach (WFA) System Accessibility Implementation,"Defra (UK Department for Environment, Food & Rural Affairs)","Agriculture, Government Services",,"IBM updated the Whole Farm Approach (WFA) system‚Äîa one‚ stop shop that enables farmers to interact with Defra, access policy information and submit assessments and surveys‚Äîto meet WCAG 2.0 AA accessibility standards. The project involved evaluating each WCAG requirement, determining how they could be satisfied within the application or through business‚ owned content, assessing compliance levels, and addressing any limitations. IBM‚  solution was independently verified as WCAG 2.0 compliant.","[Independent verification of WCAG 2.0 AA compliance, Improved accessibility for farmers interacting with Defra services]",[https://ibmgbs.loopio.com/library?entry=4640068]
4640069.md,Providing accurate and timely information to maintain a CMDB,Department for Work & Pensions (DWP),"Public Sector, Government IT","BMC Discovery, ServiceNow CMDB","Following a data centre migration at DWP, issues were uncovered with the quality of CMDB data. IBM was engaged to take over the execution of BMCs Discovery tooling and reconfigure it to feed accurate data into the central ServiceNow CMDB. As part of this exercise, the quality of the data being ingested was validated and cleansing steps implemented, to ensure timely and consistent data population. IBM worked with application teams to identify owners of Business services and how they mapped to configuration items (over 120,000).","[Increased data accuracy, Greater confidence in CMDB data for users]",[https://ibmgbs.loopio.com/library?entry=4640069]
4640071.md,AWS-based Data Fabric for UK Bank,UK Bank (unnamed),"Financial Services, Banking","Amazon Web Services (AWS), Kafka","IBM designed and implemented an AWS‚ based data fabric that accepts JSON/XML messages via Kafka streams, integrating batch data to produce consistent data marts aligned with Lambda architectures. The solution combines real‚ time streaming and batch processing, enabling the bank to unify its data sources and support a fully digital organization.","[Enables real‚ time and batch data integration for the first time, Provides a key component for the bank‚  future fully digital transformation]",[https://ibmgbs.loopio.com/library?entry=4640071]
4640072.md,,UK Retail Bank,Banking/Finance,"AWS, Cloudera CDP7, Docker/Kubernetes, S3","IBM designed and implemented a Hadoop platform on AWS for a UK retail bank, which is now migrating to Cloudera CDP7‚Äîa fully cloud‚ native solution using Docker/Kubernetes, S3 storage instead of HDFS, and SSD caching. The project involved handling many petabytes of data and optimizing columnar physical models for cloud performance.",,[https://ibmgbs.loopio.com/library?entry=4640072]
4640074.md,Social Security Scotland,Scottish Government,"Public Sector, Government Services",,"The project involved establishing Social Security Scotland using agile delivery across the full delivery life‚ cycle, from architecture and service design to analysis and solution development. Design Thinking was employed to understand user requirements, steer product direction and shape service design. The team delivered at pace through automated build, deployment and testing processes.",[Achieved a 90% uptake of the digital services],[https://ibmgbs.loopio.com/library?entry=4640074]
4640075.md,Demonstrate experience of working with an organisation at the beginning of an agile culture change,Defence Security Intelligence (DSI),"Defense, Intelligence",,"IBM has worked with Defence Security Intelligence (DSI) since the outset of their agile journey. For one first-release custom business application, scrum teams prioritised speed to build components. Teams were successful in building components exceedingly quickly, however, due to the order they had been constructed, they did not integrate until the end delaying delivery. For release 2, IBM moved the teams to SAFe to utilise PI Planning to integrate their work out how to deliver value jointly. The impact of this shift aligned the teams around a joint goal, helping to create a cultural change towards a delivery mindset.","[Shifted from standalone scrum to SAFe framework, Improved integration timing and reduced delivery delays, Aligned teams around a shared goal, Facilitated cultural change toward a delivery mindset]",[https://ibmgbs.loopio.com/library?entry=4640075]
4640076.md,Demonstrate experience in building and coaching world-class digital service teams,Nationwide,Insurance,,"In our multi-year digital partnership with Nationwide, we have extensive experience of building new teams focusing on a shared, open, ‚Äúbadge at the door‚Äù culture. We make this happen by co-creating with Nationwide a shared team identity, co-agreeing project charters as well as fostering relationships based on mutually gained trust. Together we build clear sets of shared goals and skills for projects and ensure all resources have agile coaching so we deliver consistently. As teams ramp up/down weve ensured our shared learnings are captured in a delivery playbook so teams can continually improve and evolve.","Improved team cohesion, consistent delivery through agile coaching, documented best practices in a delivery playbook that supports continuous improvement across projects.",[https://ibmgbs.loopio.com/library?entry=4640076]
4640077.md,IBM supported the Disclosure and Barring Service (DBS) in delivering a new public-facing criminal record and background-check digital service,Disclosure and Barring Service (DBS),"Public sector, Government services",,"IBM worked with DBS to deliver a new public-facing digital service for criminal records and background checks. The project followed an agile, iterative approach using scrum teams that conducted discovery, alpha, beta (private and public), and live phases. IBM developed Proof of Concepts and UX prototypes in each sprint, gathering user and stakeholder feedback to refine the solution. The delivery met all technology and security requirements while aligning with Government Service Manual design standards.","The Government Digital Service recognized IBM‚  user‚ centric development and joint teaming approach, validating the effectiveness of the agile methodology used.",[https://ibmgbs.loopio.com/library?entry=4640077]
4640078.md,"Defence, Security and Intelligence (DSI) Agile Transformation","Defence, Security and Intelligence (DSI)","Defence, Security, Intelligence",,"IBM conceived, designed and led an agile transformation for a Defence, Security and Intelligence client. The initiative involved seeding coaches from IBM‚  global Agile Centre of Competence, pioneering hackathons and coaching sessions that included personnel from IBM, all levels of DSI and other suppliers. Challenges were tackled based on government initiatives to enhance collaboration within a complex legacy estate that had been subject to months-long build cycles and high-risk releases.","[Embedded an agile culture across the organization, Reduced build cycles from six months to three weeks]",[https://ibmgbs.loopio.com/library?entry=4640078]
4640080.md,"Provide evidence of embedding clarity, understanding and confidence to work and lead in a different way",NHS Digital,"Healthcare, Public Sector",,"NHS Digital needed to not only embed new ways of working, but to provide vision and empowerment to staff and leadership to tackle increased demand resulting from Covid-19. IBM, drawing upon our successful track record of delivering change for complex organisations globally, helped them quickly and effectively reach this goal amidst a time of significant disruption. We worked with leaders to help define a new (staff and customer centric) vision, identify improvements to communication and engagement and also developed strategies around embedding change (e.g., reward, performance management, learning, recruitment and manager development) enabling leaders to improve ways of working.","Rapidly achieved a staff‚ centric vision, improved communication and engagement, and implemented change‚ embedding strategies that empowered leadership and staff to adapt to increased demand during Covid‚ 19.",[https://ibmgbs.loopio.com/library?entry=4640080]
4640082.md,Basic Check ‚Äì Online Criminal Record Check Service,Disclosure and Barring Service (DBS),"Government, Public Sector","GOV.UK Notify, GOV.UK Verify, GOV.UK Pay","The firm designed and implemented an award‚ winning online criminal record check service for the Disclosure and Barring Service. The project involved building a fully integrated digital platform that combined GOV.UK Notify, Verify and Pay services to provide users with a seamless experience for checking criminal records. The solution was developed through iterative prototyping, sprint‚ based shadow assessments of all 14 GDS Service Standards, focused user testing, and continuous validation against user needs.","[Achieved an ‚Äòexemplar‚Äô rating in the Government Digital Service (GDS) assessment, Serves over 1,000 daily customers as of its launch in 2018, Established a foundation for future collaboration on the new GDS Barring service]",[https://ibmgbs.loopio.com/library?entry=4640082]
4640085.md,Finnair Migration to AWS,Finnair,"Aviation, Airline",AWS,"IBM migrated 400 servers and 70 applications for Finnair over a seven‚ month period from development through to production, enabling the airline to exit its on‚ premises data centre. The migration was executed using IBM‚  fully managed support service, which leveraged AWS patterns that were defined and developed during the migration and then maintained in ongoing support.","[Data centre exit, Double‚ digit cost reduction]",[https://ibmgbs.loopio.com/library?entry=4640085]
4640087.md,Cathay Pacific Migration of 117 Critical Applications,Cathay Pacific,"Aviation, Airline","AWS, Azure","IBM deployed a managed landing zone model for Cathay Pacific, migrating 117 critical applications over 20 months. The implementation involved defining multicloud landing zone deployment models and collaborating with AWS and Microsoft architects as well as client product owners to develop and support the DevOps pipeline using AWS CodeCommit and Azure DevOps. Iterations addressed end‚ of‚ life and service concerns, improved resilience, mitigated risks, and reduced outages through ITSM tooling integration (IBM Klarity and ServiceNow).","[Improved system resilience, Risk mitigation, Reduced application outages, Streamlined DevOps pipeline across AWS and Azure]",[https://ibmgbs.loopio.com/library?entry=4640087]
4640088.md,IBM‚  solution for Kone,Kone,Elevator & Escalator Manufacturing (Industrial Equipment),"Microsoft Azure, Amazon Web Services","IBM delivered a comprehensive cloud enablement and governance program for Kone, including the design and deployment of cloud-native business processes and tools, creation of IaaS infrastructure, legacy application modernization, and operation of PaaS managed services. The implementation involved configuring and administering AWS ECS/S3, AWS Code Pipeline, Azure App Service, and Azure File Storage to support Kone‚  development and operational needs.","[Increased agility for development, Improved quality through testing automation, 50% cost savings in operation compared to current vendor costs]",[https://ibmgbs.loopio.com/library?entry=4640088]
4640089.md,24/7 Service for Multinational Telecom Operator,Multinational telecom operator (unnamed),Telecommunications,"Cloud-based big data solution (platform unspecified, likely AWS/Azure)","IBM provides a 24/7 service that ""ran green"" for years, supporting the operator‚  cloud‚ based critical big data solution used by 20‚ÄØmillion customers. The support includes incident management, release activity and first response during core and extended hours on a shift basis.","[Sustained uninterrupted operation over multiple years, Enabled reliable service for 20\u202fmillion customers]",[https://ibmgbs.loopio.com/library?entry=4640089]
4640090.md,"Scaling Engineering Resources for Defra, NHS DHSC and Philip Morris International",Defra (with engagements for NHS DHSC and Philip‚ÄØMorris International),"Public Sector, Healthcare, Tobacco Industry","Azure, AWS","IBM leveraged its large pool of Azure‚ certified (25,000+) and AWS‚ certified (6,000+) professionals to meet the resourcing needs of several strategic clients. For Defra, IBM exceeded an 80‚ÄØ% employee‚ based staffing requirement by deploying 70 engineering‚ skilled resources within six weeks for a Real‚ Time Test Service project with NHS DHSC, delivering a solution in under eight weeks using agile development and multi‚ system integration. In a separate engagement, IBM supported Philip Morris International‚  AWS transformation programme, scaling up 80 cloud engineers over three months to migrate 5,000 servers.","[Rapid ramp‚ up of skilled staff (70 resources in 6\u202fweeks, 80 resources in 3\u202fmonths), Delivered solutions within tight timelines (under 8\u202fweeks for NHS DHSC project), Maintained high employee‚ to‚ contractor ratio (>80%)]",[https://ibmgbs.loopio.com/library?entry=4640090]
4640093.md,Belfius CCoE Implementation,Belfius,"Banking, Financial Services","AWS, Microsoft Azure","IBM and Microsoft partnered to develop and operate Belfius Cloud Center of Excellence (CCoE), combining Microsofts deep platform skills with IBMs architecture and operational capabilities. The collaboration created infrastructure and platform (IaaS/PaaS) solutions and shared services such as security and IAM, aiming for zero‚ touch operations through automation and resilient architecture. When a complex platform incident occurred at the bank, IBM leveraged direct access to AWS product teams to deliver an efficient resolution.","[Zero‚ touch operations via automation, Resilient architecture, Efficient incident resolution with direct support from AWS]",[https://ibmgbs.loopio.com/library?entry=4640093]
4640094.md,IBM modernised DWPs Customer Information System,Department for Work & Pensions (DWP),"Public sector, Government IT","Cloud application (front‚ end), Crown Hosting (cloud transition)","IBM modernised DWP‚  Customer Information System, a critical national infrastructure system used across government. The project was large‚ scale and highly visible, involving significant architectural input. Three major workstreams were delivered: a radically new front‚ end cloud application for 90,000 users (GDS‚ aligned, agile‚ based), a platform upgrade (waterfall‚ based), and a transition from physical infrastructure to cloud in Crown Hosting. Multiple inter‚ dependencies, suppliers, and hundreds of integrations were managed. The front‚ end application scaled without business disruption, and the platform upgrade delivered a more responsive and cost‚ effective system.","[Front‚ end application scaled without business disruption, Platform upgrade resulted in a more responsive and cost‚ effective system, Live service won DWP‚  flagship project of the year]",[https://ibmgbs.loopio.com/library?entry=4640094]
4640097.md,"""Apply for a Nino"" Digital Service Launch",Department for Work & Pensions (DWP),"Government, Public Sector",,"IBM collaborated with DWP to develop the new cross‚ government digital service ""Apply for a Nino"", reimagining the current process and moving away from face‚ to‚ face interactions. The project supported all initial Discovery and Alpha GDS assessments, accelerated due to the need to reduce footfall during the COVID‚ 19 pandemic. IBM rapidly deployed additional resources to accelerate Beta delivery and enabled the launch of the service within 8 weeks, working closely with stakeholders to develop all documentation required for the Beta service assessment.","[Service launched within 8 weeks, Reduced footfall into local offices during COVID‚ 19, Met GDS Beta service assessment requirements]",[https://ibmgbs.loopio.com/library?entry=4640097]
4640098.md,IBM partnered with DBS to build and integrate a digital service,DBS,"Banking, Financial Services",,"IBM partnered with DBS to build and integrate a digital service with a legacy estate using a DevOps approach. The project leveraged open source technologies and three existing government digital services, engaging operation teams early and securing visible executive participation to facilitate business acceptance. Universal standards such as GDS and Agile enabled stakeholders to raise and resolve issues around speed, data, and security. The team used existing technology pathways to connect with the legacy estate and addressed user experience requirements by developing ‚Äòfixes‚Äô on the new platform.","Delivered in 12 months, customer satisfaction jumped 25%.",[https://ibmgbs.loopio.com/library?entry=4640098]
4640100.md,EU Settlement Scheme Programme,IBM,"Public Sector, Government IT Services",,"On the EU Settlement Scheme programme, IBM worked in a multi‚ supplier environment with five different suppliers and civil servant teams to achieve shared delivery milestones and acceptance into early life support. Leveraging its intrinsic knowledge of the applications, IBM collaborated within this complex ecosystem to identify common operational pain points caused by technical and business‚ process issues. It advised on improvements and prioritised tactical/strategic fixes that improved the end‚ to‚ end service from both an internal case‚ working perspective and an external general public perspective.","[Improved end‚ to‚ end service for internal and external users, Client Satisfaction survey scoring 10/10]",[https://ibmgbs.loopio.com/library?entry=4640100]
4640102.md,Modernisation of the Department for Work and Pensions Customer Information System,Department for Work and Pensions (DWP),"Public Sector, Government",Cloud in Crown Hosting,"IBM fielded a team of over 100 to assist DWP modernise its Customer Information System, a Critical National Infrastructure system used across Government. The project involved three major workstreams: a radically new front‚ end application for 90,000 users (GDS‚ aligned, agile‚ based), a platform upgrade (waterfall‚ based), and a transition from physical infrastructure to cloud in Crown Hosting. IBM managed multiple inter‚ dependencies, suppliers, and hundreds of integrations.","[Front‚ end application scaled without business disruption, Platform upgrade delivered a more responsive and cost‚ effective system, Work was delivered on time and within budget]",[https://ibmgbs.loopio.com/library?entry=4640102]
4640103.md,Digital transformation of redundancy payments for The Insolvency Service,The Insolvency Service (IS),"Public sector, Government administration","Microsoft Dynamics 365, Azure, Enterprise Service Bus, API Manager, ETL tools","IBM partnered with the Insolvency Service to digitally transform its enterprise-wide redundancy payments process. The solution, built on Microsoft cloud technologies, processes end-to-end country-wide redundancy payments from initial application via an online portal through to payment integrated with the finance system. It includes MS Dynamics 365 for CRM and case management, Azure services such as Enterprise Service Bus, API Manager, and ETL tools for data migration and integration.",[Increased processing capacity by four times compared to legacy applications],[https://ibmgbs.loopio.com/library?entry=4640103]
4640105.md,Complex multi-channel e-commerce transformation,Large international retailer,Retail,,"IBM led the design and delivery of a complex multi‚ channel e‚ commerce transformation, encompassing multiple services and business arms, across 40 countries using the Scaled Agile Framework with a mixture of Kanban and Scrum delivery approaches. Using pragmatic Big Room planning, involving multiple suppliers and stakeholders, the IBM team managed the dependency alignment and agreement of 12‚ week Programme Increments. The plan and target outcomes of the PI were articulated by the team to multi‚ level stakeholders, with priorities and dependencies tracked and managed via an integrated programme backlog. IBM managed stream‚ level dependencies throughout each Programme Increment.",,[https://ibmgbs.loopio.com/library?entry=4640105]
4640106.md,"Experience of business requirements analysis, epic priority and user story development",Castrol,"Automotive, Lubricants",,"When we started our partnership with our key client Castrol they had an outdated digital presence which had 30 different sites globally, with 74 different designs. We created a new Agile Digital Garage to focus on rapidly analysing and understanding the common business and customer needs, then delivering global change. The team engaged worldwide to agree a prioritised business requirements roadmap and set of common epics. User-focused stories were collaboratively developed and prioritised to the epic for Castrols hugely diverse customers. Together we delivered an end-to-end, common, international web presence live within 6 months, including training 70 Castrol digital editors.",Delivered a unified global web presence in 6 months; trained 70 Castrol digital editors to manage content.,[https://ibmgbs.loopio.com/library?entry=4640106]
4640107.md,Lloyds Bank: Implementing DevOps and TDD,Lloyds Bank,"Banking, Financial Services",,"At Lloyds Bank, IBM runs a DevOps and TDD environment, focusing on Business Intelligence service delivery and improving operational efficiency. The approach is Continuous Integration, advocated through Minimal Viable Products defined in BDD statements, with high-levels of automated testing coverage. Together with business owners, Cucumber is used to define BDD outcomes, which are referenced throughout the pipeline using workflows that manage static and unit testing, deployment, and multi-level automated regression tests for UI, integration and performance.",Accelerated development and quality improvements; established confidence in deployment; releases linked to original BDDs have halved manual testing effort required.,[https://ibmgbs.loopio.com/library?entry=4640107]
4640114.md,Real Time Test Service for the NHS DHSC,NHS Department of Health and Social Care (DHSC),"Healthcare, Public Sector",,"IBM runs the Real Time Test Service for the NHS DHSC. To meet new requirements, IBM quickly scaled up a team of 70 (40 initially then remainder by week‚ÄØ6), including four development teams and a support team covering release, integration, live transition and product ownership. The solution integrates with multiple systems, uses agile development, and was delivered in less than eight weeks. It manages 600,000 daily test results and feeds HM Government public COVID dashboards. Currently the system handles all UK test results (up to two million daily) and has reduced end‚ to‚ end test result processing time from days to under 15 minutes.","[Managed up to 2\u202fmillion daily test results, Reduced E2E test result process time from days to <15\u202fminutes, Enabled real‚ time data feeding into government dashboards]",[https://ibmgbs.loopio.com/library?entry=4640114]
4640117.md,Nationwide Multi-Channel Development Centre,Nationwide Building Society,"Banking, Financial Services (Building Society)",,"Nationwide, the world‚  largest building society, sought a dynamic, scalable and customer‚ centric development model to extend its multi‚ channel strategy. IBM established the Multi‚ Channel Development Centre (MCDC), designed with Nationwide to accelerate transformation for its 15‚ÄØmillion members. The MCDC has successfully built high‚ volume digital services from Discovery through Alpha, Beta and Live deployment for its highly regulated, high‚ volume core banking and internet banking services, now used by millions of members for critical transactions every day.","[Built high‚ volume digital services across discovery to live stages, Enabled millions of members to perform critical transactions daily, Won the UK UX award and Best Online Banking Provider at the Your Money Direct Awards]",[https://ibmgbs.loopio.com/library?entry=4640117]
4640118.md,Experience of working with workflow integration engines e.g. Camunda,UK Police Force,"Public Sector, Law Enforcement","IBM Automation Software, Camunda BPMN Engine","In 2019 the UK Police Force assessed automating core operational and back‚ office processes with IBM. IBM deployed a team of analysis and automation specialists to assess and prioritise each process, alongside key stakeholders. From this work, IBM conducted process discovery across approximately 50 processes, of which 12 were prioritised for automation and documented in Camunda using BPMN techniques. BPMN diagrams assisted business acceptance, detailed process definition and development itself. IBM then fully developed two processes using the automation software, successfully proving the value of automation.","[Full development of two automated processes, Demonstrated tangible value of automation to the Police Force]",[https://ibmgbs.loopio.com/library?entry=4640118]
4640119.md,Experience of working on large volume API integrations with a multi supplier/ market model,Wimbledon,"Sports, Tennis, Media","IBM Cloud (AI-driven courtside capture, real‚ time data feeds)","Over IBMs 30-year ongoing partnership with Wimbledon, we have driven innovative APIs to ensure the fast and reliable capture, processing and dissemination of enormous amounts of data. We deliver data feeds, through multiple interfaces, to countless media organisations and sites within half a second of each point played on court. AI‚ driven courtside‚ capture has delivered 62,814,711 data points of score and performance data, including real‚ time ball‚ position and player‚ movement, across APIs to fans, coaches, apps and media‚ partners globally. Working with multiple suppliers in sourcing, IBM also distributes real‚ time photographs and video, integrated into a marketplace attribution model for global media.","[Delivered 62,814,711 data points of score and performance data, Real‚ time ball‚ position and player‚ movement data available within half a second, Enabled media partners to access live feeds via APIs, Supported a marketplace attribution model for global media]",[https://ibmgbs.loopio.com/library?entry=4640119]
4640120.md,Experience of working on platform as a service (PaaS) e.g. Azure Cloud Native Platform,NHS Digital,"Healthcare, Public Sector","AWS, Azure, IBM Cloud, Red Hat OpenShift","IBM supported NHS Digital in deploying a reliable, scalable environment for rapid application deployment using Platform-as-a-Service (PaaS) based on AWS native services. The solution leveraged AWS cloud‚ native datastores, automated scaling, caching and serverless computing to enable quick development and immediate deployment. IBM also highlighted similar experience with Azure Cloud Native applications, such as in policing initiatives.","Rapid application deployment, reliable environment, automated scaling, improved agility for NHS Digital‚  digital services",[https://ibmgbs.loopio.com/library?entry=4640120]
4640123.md,NHS Data Security Centre (NHSC) Cyber Incident Reporting,NHS Data Security Centre (NHSC),"Healthcare, Government IT",,"IBM delivered a rapid and robust solution for the NHS Data Security Centre‚  cyber incident reporting service. Using outcome‚ based planning, IBM took the project from discovery through to public beta, applying Agile product development in line with GDS Service Manual standards. The team performed business analysis, service design, user research, test‚ driven development, and BDD/TDD practices, ensuring a solution that met user needs and was delivered on time and within budget.","[Delivered the cyber incident reporting platform on schedule and within budget, Enabled NHSC to proactively monitor threats, risks, and emerging vulnerabilities, Improved service delivery through Agile best practices]",[https://ibmgbs.loopio.com/library?entry=4640123]
4640125.md,IBM partnered with The Insolvency Service to digitally transform the Redundancy Payments process,The Insolvency Service,"Public sector, Government insolvency services","Microsoft Azure (Azure Data Factory, Azure SQL Server, Azure Data Warehouse, Azure Key Vault, Azure Blob Storage, Azure Service Bus, Logic Apps, APIM, Azure DevOps, Docker containers), Dynamics 365","IBM collaborated with the UK Insolvency Service to overhaul its Redundancy Payments process. The project involved migrating roughly half a million contacts, half a million claims, 1.6‚ÄØmillion payments and 2.8‚ÄØmillion documents into Azure-based services. Data migration was handled via Azure Data Factory, while storage and database needs were met with Azure SQL Server/AzureDW, Key Vault for secrets, and Blob Storage. Integration between the customer portal, Dynamics †365, and the finance solution used Azure Service Bus orchestrated by Logic Apps and API Management (APIM). IBM also set up continuous integration/continuous delivery pipelines using Azure DevOps, GitHub repositories, Jenkins, and Docker containers to automate builds, tests, and deployments.","[Scalable architecture enabling 4√ó claim processing capacity compared with legacy systems, Improved flexibility and elasticity for performance scaling, Streamlined data migration and integration across multiple services]",[https://ibmgbs.loopio.com/library?entry=4640125]
4640126.md,IBM delivers Microsoft O365 SharePoint solution for Aecom,Aecom,"Engineering, Construction","Microsoft Office 365, SharePoint, Okta Identity Platform (SAML2, OpenID Connect)","IBM partnered with Aecom to design and develop a Microsoft O365 SharePoint solution that incorporates Okta for identity and access management. The implementation included security hardening, multi‚ factor authentication, and the use of SAML2 tokens in conjunction with OpenID Connect to encrypt identity data. This enabled seamless and secure remote access for employees, contractors, and partners from any device worldwide.","[Secure remote access for global workforce, Enhanced security through MFA and token encryption, Successful completion of Phase 1 in late 2019]",[https://ibmgbs.loopio.com/library?entry=4640126]
4640127.md,IBM partnered with Toyota to implement a large-scale Microsoft Dynamics 365 and Azure solution,Toyota,Automotive,"Microsoft Dynamics 365 Customer Engagement, Azure, Azure DevOps CI/CD","IBM collaborated with Toyota to deliver a pan-European Customer Excellence Program for marketing and case management. The solution leveraged templated Case Management & Single View of the Customer assets, extensive Azure-based integrations, automated UI testing, build, configuration & deployment via IBM‚  automation toolbox for Dynamics 365 Customer Engagement, and quality gate thresholds using Checkmarx, PowerApps Solution Checker & SonarCloud. Multiple IBM development teams worked in short Agile sprint cycles, deploying new developments through a CI/CD pipeline that included TestCafe/JMeter for JavaScript error detection, automated PowerShell deployment scripts, ARM templates, and continuous monitoring.",[Reduced manual deployment time by 80%],[https://ibmgbs.loopio.com/library?entry=4640127]
4640131.md,UK based insurance company partnered with IBM to utilise analytics,Large UK-based insurance company (unnamed),Insurance,"Tableau, Alteryx","A large UK based insurance company partnered with IBM to utilise analytics to improve customer understanding and analyse complex pricing structures. Establishing an agile delivery team, we explored 13 use cases across 7 workstreams in two months. IBM created 6 Tableau dashboards, powered by Alteryx models, to highlight potential customers. Overlaying customer data with open source information on a map created an enhanced customer record and allowed for product specific analysis, down to a village level.","[Improved Fraud Model precision by 10 percentage points, Identified claims leakage of 14%, Uplift of  £3.6m of annual value]",[https://ibmgbs.loopio.com/library?entry=4640131]
4640132.md,IBM partnered with Defra to provide fully‚ outsourced ITIL compliant 24x7 user support and helpdesk,"Defra (UK Department for Environment, Food & Rural Affairs)","Government, Public Sector","CI/CD pipelines, DevOps tools, Blockchain","IBM partnered with Defra to provide a fully‚ outsourced ITIL compliant 24x7 user support and helpdesk, managing a portfolio of 600 applications. The work includes the entire product lifecycle, including change management of 115 applications that IBM fully manages. The service also includes the provision of release management utilising CI/CD pipelines and DevOps tools. A team of over 50 delivers this capability; service provision follows ITILv3 practices and processes, using ITIL certified Service Managers. We deploy SEI‚ CMMiL3 compliant processes, alongside project management in PRINCE2, SAFe and agile Scrum. The project has allowed Defra to invest in emerging technologies such as Blockchain.","[Enabled Defra to invest in emerging technologies such as Blockchain, Provided 24x7 ITIL compliant support for 600 applications, Managed change and release processes for 115 applications]",[https://ibmgbs.loopio.com/library?entry=4640132]
4640133.md,Scotland Government and IBM successfully collaborated and co-created a scalable integrated cloud-based benefits solution using Agile implementation enabling citizens to apply for the Low-Income Benefits Service portal.,Scottish Government,"Public Sector, Government Services",Cloud,"The joint delivery team, comprising 6x15 Scrum squads, supported the full delivery life-cycle from architecture and analysis to solution development and package configuration. Agile processes including change and release management were employed, while IBMs DevOps approach enabled automated builds of PoC, development, test, and production environments and services.","[7 new benefits systems delivered using an agile approach in 2 years, 85% of claims made using mobiles,  £190m payments completed]",[https://ibmgbs.loopio.com/library?entry=4640133]
4640135.md,Customer Information System,Department for Work and Pensions (DWP),"Public Sector, Government Services",,"IBM partnered with DWP to develop a remediated Customer Information System. The project involved building an in‚ house digital development capability and skills in user‚ centred design. IBM worked with DWP to create joint agile delivery teams, pairing resources so learning and knowledge sharing occurred during real delivery. This approach was so successful that the DWP team became self‚ sufficient by Private Beta.","[DWP team achieved self‚ sufficiency by Private Beta, Established a legacy digital delivery capability within CIS, Positive client feedback recognising IBM‚  genuine care for leaving a lasting impact]",[https://ibmgbs.loopio.com/library?entry=4640135]
4640136.md,IBM successfully partnered with the DWP‚  internal Project Management Office (PMO) to embed Agile at scale delivery,Department for Work and Pensions (DWP),"Public Sector, Government Services",,"The DWP Customer Information System stores millions of contact records covering hundreds of data points. IBM partnered with the DWP‚  internal PMO to embed Agile at scale delivery using the LeSS (Large-Scale Scrum) framework within a waterfall environment, coordinating multiple scrum teams across a complex multi-supplier landscape. The project required strong governance and reporting, close dependency tracking, and adaptive sprint planning to manage changing timelines.","[Significant productivity benefits delivered earlier than anticipated, Substantial savings and efficiencies achieved]",[https://ibmgbs.loopio.com/library?entry=4640136]
4640138.md,IBM partners with the Home Office to replace Police systems,Home Office (UK Government),"Public Sector, Law Enforcement",,"IBM partnered with the Home Office as the application delivery partner to replace Police systems including the Police National Computer. The programme operates under SAFe methodology throughout with many specialists, sprint teams and partner organisations delivering 22 business capabilities. IBM leads Scrum teams delivering each programme increment, managing delivery velocity at a story level and working with Product Owners for Backlog refinement. IBM operates technical governance for issues (e.g., security) from delivery teams and makes decisions. Programmatically, IBM is active in governance of the programme quality and of the Agile Release Train ensuring improved efficiency and cost effectiveness over time.","[Improved efficiency, Cost effectiveness over time]",[https://ibmgbs.loopio.com/library?entry=4640138]
4640140.md,IBM‚  Design Insights for NHS DigiTrials,NHS DigiTrials Consortium,"Healthcare, Digital Health",,"IBM established a governance structure and value orchestration model to ensure transparency and rapid decision‚ making. Working with the NHS DigiTrials consortium, IBM service designers captured design insights, synthesized them into a blueprint, and co‚ created priorities with the Service Lead from the outset. During the COVID‚ 19 crisis, the team leveraged deep user knowledge and stakeholder buy‚ in to recommend shifting DigiTrials‚Äô focus toward better supporting clinical outcomes.","[Enhanced transparency and quick decision making, Alignment of design insights with senior stakeholder priorities, Strategic shift in DigiTrials focus to improve clinical outcomes during COVID-19]",[https://ibmgbs.loopio.com/library?entry=4640140]
4640142.md,IBM and Scottish Government deliver first Scottish Social Security benefit services,Scottish Government,"Public Sector, Social Services",,"IBM partnered with the Scottish Government to design and launch the first digital social security benefit services in Scotland. The project began with a small agile squad and expanded rapidly as additional work packages were added. User research involved over 1,400 citizens across 483 sessions in 40 locations, using IBM Design Thinking to align user needs with service delivery. Sprint goals focused on minimum viable products (MVPs), iterating and validating results with users and incorporating critical feedback. The team delivered eight new high‚ quality benefit services that transformed the benefit experience for 100,000 households.","[Improved benefit experience for 100,000 households, Average customer satisfaction of over 97%]",[https://ibmgbs.loopio.com/library?entry=4640142]
4640147.md,"Successfully leading strategic, user‚ centred design led processes within large complex health based organisations",NHS Data Security Centre,"Healthcare, Health Services",,"IBM defined, set up and delivered an Innovation Garage function for the NHS Data Security Centre. This enabled a shift from a technology focussed approach to cyber solutions, to a strategic and user led approach for defining, designing, delivering and scaling cyber security solutions. One outcome of the Innovation Garage was the scaling of a Cyber Associates Network which enabled us to access end users within the complex NHS ecosystem quickly so we could source ideas, iterate on designs and prove MVPs effectively. This ensured each service worked for all of its users.","[Scaling of a Cyber Associates Network, Improved user engagement and rapid iteration of cyber security solutions, Ensured services were effective for all users]",[https://ibmgbs.loopio.com/library?entry=4640147]
4640148.md,Experience of leading culture change and bringing an organisation into a user first mindset,NHS Digital,"Healthcare, Public Sector (National Health Service)",,"IBM led the change programme for NHS Digital‚  online data access request service, addressing increased demand caused by COVID‚ 19. The approach was user‚ led: a discovery phase identified key pain points in the process, followed by end‚ to‚ end definition, implementation and adoption of changes to the live service, prioritising the most feasible and high‚ value improvements first.","Improved service efficiency and responsiveness for data access requests, reduced bottlenecks during peak demand periods, and a lasting cultural shift towards a user‚ first mindset within NHS Digital.",[https://ibmgbs.loopio.com/library?entry=4640148]
4640149.md,Designing a Genomics Service at Manchester Foundation Trust,Manchester Foundation Trust (MFT),"Healthcare, NHS",,"At IBM we partnered with MFT to co‚ create a genomics service that meets the needs of clinicians, scientists and ophthalmologists. Using user‚ focused research methods‚Äîincluding interviews, focus groups, design thinking workshops and remote usability testing‚Äîwe developed a user‚ centred service that balances organisational requirements with patient and clinician needs.","[User‚ centric genomics service designed through collaborative workshops, Balanced organisational and clinical requirements, Validated functionality across diverse user groups via remote usability testing]",[https://ibmgbs.loopio.com/library?entry=4640149]
4640153.md,Headless CMS Implementation at RFU,RFU (Rugby Football Union),"Sports, Rugby",Acoustic Content CMS,"IBM designed and developed the front‚ end user experience for RFU using Acoustic Content, a headless CMS. The implementation leveraged an API‚ led architecture to enable a more innovative digital experience. A user‚ led approach was used to identify pain points, leading to a redefinition of the authoring and publishing workflow. Rigid templates and a structured process were set up to empower various business units to edit their own content, making the content lifecycle more dynamic.","[Improved innovation in digital experience, Dynamic and empowered content editing across business units, Streamlined authoring and publishing processes]",[https://ibmgbs.loopio.com/library?entry=4640153]
4640155.md,Demonstrable experience in developing e-commerce based solutions in a health-care context,AmerisourceBergen,"Healthcare, Pharmaceutical Distribution",SAP C/4HANA Commerce,"IBM‚  ecommerce team partnered with AmerisourceBergen to enable digital buying across a complex commerce portfolio. The project involved implementing a new commerce portal built on SAP C/4HANA Commerce, delivering a world‚ class experience at scale and providing flexibility for future growth.","[Significantly improved customer experience, Enhanced ability for customers to find products, Greater visibility into product availability, Updated pricing information that benefits patients]",[https://ibmgbs.loopio.com/library?entry=4640155]
4640156.md,Experience and confidence with bringing an agile approach into a new organisation,Cleveland Clinic London,Healthcare (Hospital),,"IBM introduced agile methodology to Cleveland Clinic London as part of their digital journey to open a new hospital. The engagement focused on embedding user‚ centred design, establishing continuous integration (CI) models, and implementing DevSecOps processes during the development of MVPs. By applying Kaizen principles, IBM helped streamline workflows, reduce inefficiencies in intangible processes, and create knowledge sharing opportunities that personalized every customer experience.","[Accelerated time to value and market, Improved efficiency through streamlined DevSecOps and CI practices, Enhanced end‚ product quality, Increased knowledge sharing across teams]",[https://ibmgbs.loopio.com/library?entry=4640156]
4640159.md,IBM re‚ designed a portal for DWPs Customer Information System,Department for Work and Pensions (DWP),"Public Sector, Government Services",,"IBM redesigned the portal for DWP‚  Customer Information System, which is underpinned by a large and complex database. During discovery, IBM uncovered needs related to the data, mapping and understanding the complexities of the APIs and database before beginning design. Using an iterative Garage approach, IBM worked closely with DWP users to understand how the data was used, testing prototypes early to ensure feasibility and value.","The service was adopted successfully by over 60,000 DWP users and resulted in a 12% increase in trust in the data despite the data source not changing.",[https://ibmgbs.loopio.com/library?entry=4640159]
4640161.md,IBM implements predictive model for disability benefit reassessments at DWP,Department for Work & Pensions (DWP),"Public sector, Government services",,"IBM worked at the Department for Work & Pensions (DWP) to implement a predictive model that forecasts the outcome of reassessments for disability benefit allowance claims. The data was handled with the highest level of security due to its sensitive nature and GDPR compliance. To ensure ethical predictions and mitigate political risk, IBM released model predictions only in favour of claimants‚Äîeither no change or increased payments‚Äîand only when the confidence rating was high. In all other situations, assessors were presented with assessment forms that highlighted key information without any suggested outcome from the model.","Model predictions were released only when highly confident and favourable to claimants, reducing the risk of incorrect decisions. Assessors received assessment forms with highlighted key information, improving decision-making clarity while maintaining data security and ethical standards.",[https://ibmgbs.loopio.com/library?entry=4640161]
4640162.md,"Sodexo engaged IBM to design, build & run an Azure Data & Analytics Platform",Sodexo,"Food Service, Hospitality","Azure DevOps, Azure Storage Explorer, Azure Data Lake, Databricks, Azure ARM templates","IBM used Azure DevOps in a scaled agile manner, utilising reference architecture accelerators and numerous Azure services including Azure Storage Explorer, Data Lake, Databricks etc. Azure ARM templates were used to define the infrastructure and configuration for the project which delivered streamlined CI/CD pipelines. A user‚ centred design approach ensured several thousand users were rapidly onboarded to the solution and benefitted from actionable insight through Power BI self‚ serve.","[Rapid onboarding of thousands of users, Actionable insights via Power BI self‚ serve]",[https://ibmgbs.loopio.com/library?entry=4640162]
4640163.md,Etihad Azure Big Data Analytics Platform,Etihad Airways,"Aviation, Airline",Microsoft Azure,"IBM developed Etihads Azure Big Data Analytics platform with a centralised data lake to provide a single version of truth. Using the IBM Garage Method for Cloud, including design thinking workshops, the project focused on delivering an outcome-driven data model and simple reports/dashboards that enabled business users to address data quality issues. Agile delivery and DevSecOps were employed to automate releases with quality checks.",[70% increase in successful check‚ in rate],[https://ibmgbs.loopio.com/library?entry=4640163]
4640164.md,"Realising construction efficiencies by effectively managing the movement, storage, governance, and meta-data management of BIM/CAD documents, information models, and spatial data for large construction projects.",Northumbrian Water,"Utilities, Water & Infrastructure","Azure Data Lakes, Azure Databricks, Azure Data Factory, Azure IoT","Northumbrian Water turned to IBM to design and build a big‚ data solution using Azure PaaS services. The platform captures spatial and meta‚ data for all infrastructure, facilities, and buildings‚Äîincluding BIM/CAD documents‚Äîand integrates 300,000 SCADA sensors for IoT information models. It handles over 18‚ÄØmillion daily data points, providing storage, governance, and analytics capabilities that enable the company to access big‚ data technologies cost‚ effectively and deliver proactive services via IoT.","[Cost‚ effective access to Big Data technologies at a fraction of traditional costs, Lower cost proactive services through IoT integration]",[https://ibmgbs.loopio.com/library?entry=4640164]
4640165.md,"Driving engagement, adoption, and use of enterprise data platforms in complex multi-supplier multi-stakeholder environments.",Department for Work and Pensions (DWP),"Public Sector, Government Services",Enterprise Data Platform (IBM Cloud),"IBM developed a replacement enterprise data platform for DWP‚  inefficient and overly complex Customer Information System. Recognising cultural change as the largest organisational challenge, we focused on user engagement throughout the project lifecycle. Adopting an agile approach, we developed the solution, integrating with multiple legacy data sources and meeting complex security/scalability requirements. IT were involved throughout design so supportability was incorporated, and handover included continuous knowledge transfer. Iterative development with business users, stakeholders and 3rd party providers informed our design of data models, resolving technical risks.","[Live service supporting 90,000+ users, Won DWP‚  flagship project of the year]",[https://ibmgbs.loopio.com/library?entry=4640165]
4640166.md,Large Scale Digital and Data Transformation Programmes in the UK Public Sector,Social Security Scotland (and a large central government department),"Public Sector, Government Services",Microsoft Azure,"In response to the pandemic, over 200 IBM employees collaborated with civil servants and third parties to deliver one of the UK‚  largest data transformation programmes for a major central government department. The project involved developing an operating model, establishing robust data governance and privacy frameworks, and designing an Azure-based architecture that prioritised timely data delivery and insights to inform policy decisions. Additionally, at Social Security Scotland, a new benefits system was built within 12 months, with new benefit types rolled out every six weeks, achieving a digital uptake of 90% and high user satisfaction.","[High digital adoption (90%), Positive user satisfaction ratings, Recipient of the MCA award for Best Change and Transformation Project in Public Sector 2020]",[https://ibmgbs.loopio.com/library?entry=4640166]
4640167.md,Highways England REM Migration to Azure,Highways England,"Transport, Infrastructure, Highways",Azure Cloud,"IBM migrated the Rapid Engineering Modelling (REM) system for Highways England to the Azure Cloud and created a Digital Product Catalogue to hold the definition of engineering elements used in REM. The project was delivered using the IBM Garage methodology with delivery squads working remotely, followed by extensive user testing before deployment to production for a go‚ live in early December 2020.","[Immediate multifactor validated engineering design, Greater productivity, 80% engineer adoption, Improved collaboration with stakeholders]",[https://ibmgbs.loopio.com/library?entry=4640167]
4640170.md,Nationwide Multi-Channel Development Centre,Nationwide Building Society,"Financial Services, Banking",,"Nationwide wanted a dynamic, scalable and customer‚ centric development model to extend its multi‚ channel strategy and optimise customer‚ facing products. We helped Nationwide establish the Multi‚ Channel Development Centre (MCDC), based on a ""software factory"" concept that industrialises application development and maintenance processes. The MCDC provides an agile ""one‚ team"" culture, enabling repeatable, predictable, high‚ quality services. It has successfully built digital services from Discovery through Alpha, Beta and Live deployment for core banking and internet banking services.","[Accelerated transformation agenda, Innovative multi‚ channel products and services, Repeatable and predictable high‚ quality delivery]",[https://ibmgbs.loopio.com/library?entry=4640170]
4640171.md,Implementing the PIP Benefit for DWP,Department for Work and Pensions (DWP),"Public Sector, Social Services",,"When implementing the PIP benefit for DWP, the challenge was to improve program delivery and consistency by providing a service design which catered for very varied customer circumstances. Working collaboratively, we helped DWP to leverage OOTB social programs functionality of their chosen product, to develop a solution which balanced the use of proven features whilst overcoming the challenge of integrating into existing commodity and custom-built components. Our approach enabled a design which included a blend of automation with targeted user intervention for complex cases. This required less customisation, providing a more stable platform for evolving the solution in future releases.",Improved program delivery and consistency; reduced need for customisation leading to a more stable and scalable platform for future releases.,[https://ibmgbs.loopio.com/library?entry=4640171]
4640172.md,Supporting Veterans Transition to Civilian Life,U.S. Department of Veterans Affairs,"Healthcare, Mental Health Services",,"We worked with U.S. Veterans Affairs mental health experts to design a digital tool that supports veterans‚Äô transition to civilian life. Over 40 veterans participated in design‚ thinking workshops, surveys, and in‚ person usability testing. To maintain ethical standards, clinicians and doctors were interviewed to identify sensitive language and trigger words before engaging users on these difficult topics.",[],[https://ibmgbs.loopio.com/library?entry=4640172]
4640173.md,Co-located team working at Home Office,Home Office (UK Government),"Public Sector, Government Services",,"We co-locate with clients in locations all over the UK, and successfully promote a collaborative culture focusing on a joint delivery and governance approach. At the Home Office, we designed, developed and ran an award-winning platform, underpinning the agile development of their new digital services. A team of 400 professionals were required to co-locate in a Home Office location in London. This enabled increased synergy across multiple projects and suppliers on the Immigration Platform Technologies Programme, to successfully deliver on the client‚  requirements.","[Increased synergy across multiple projects and suppliers, Successful delivery of the Immigration Platform Technologies Programme, Consistently positive feedback for collaborative behaviours from customers]",[https://ibmgbs.loopio.com/library?entry=4640173]
4640176.md,Get Your State Pension Service Implementation,Department for Work & Pensions (DWP),"Public Sector, Government Services",,"IBM supported the development of the ""Get Your State Pension"" service, ensuring its implementation aligned with the UK Government Digital Service (GDS) Digital First Service Standard. Throughout each phase, IBM conducted internal mini-assessments at the end of key delivery sprints to verify that the relevant assessment criteria were met before formal GDS assessments. This iterative approach focused the team on standards and allowed gaps to be addressed during sprints, ultimately preparing the project for successful completion of every assessment.","[Successfully aligned with GDS Digital First Service Standard, Prepared for every formal assessment without delays]",[https://ibmgbs.loopio.com/library?entry=4640176]
4640179.md,Migrating Physical Environments to AWS for DWP,Department for Work and Pensions (DWP),"Government, Public Sector","AWS, Private Cloud","IBM migrated approximately 100 locally hosted applications‚Äîincluding mission‚ critical systems supporting Universal Credit‚Äîfrom on‚ premises physical environments to a hybrid solution combining private cloud infrastructure with AWS. The project included dual running of legacy and new environments during the transition, followed by decommissioning of legacy hardware. IBM also developed reusable migration patterns for critical national infrastructure to ensure zero service disruption and data integrity.","[Successful dual‚ running of legacy and cloud environments, Complete decommissioning of physical hardware, Established migration patterns for future projects]",[https://ibmgbs.loopio.com/library?entry=4640179]
4640182.md,UK Local Authority Kubernetes Implementation,UK Local Authority (LEA),"Government, Public Sector","Kubernetes clusters, Java application, Python application","IBM‚  Cloud Practice designed, deployed and operates a Java and Python application at the heart of a UK Local Authority‚  operations. The solution leverages Kubernetes clusters to host the applications, enabling scalable and resilient delivery of core services.",[],[https://ibmgbs.loopio.com/library?entry=4640182]
4640184.md,AWS Operational Tooling Solution for Scottish Government,IBM,"Government, Public Sector","AWS S3, Kafka, Logstash, Elastic Stack, Kibana","IBM designed and operated an AWS-based operational tooling solution for the Scottish Government, combining Amazon S3, Logstash, Elastic Stack, Kibana, SysLog servers, and Kafka. The system queued, parsed, and processed over 80‚ÄØbillion events in its first five months of operation, providing a scalable data ingestion and analytics platform.","[Processed 80\u202fbillion events within the first five months, Established best‚ practice storage designs for future programmes adopted by the Home Office (HO)]",[https://ibmgbs.loopio.com/library?entry=4640184]
4640186.md,Microsoft Server Lifecycle Management for the Ministry of Defence,UK Ministry of Defence (MOD),"Government, Defense","Microsoft Domain Services, Exchange Server, SQL Server, Azure Public Cloud","IBM managed the complete lifecycle‚Äîdesign, build, test, support and refresh‚Äîof Microsoft Server products for the MOD across a 40‚ location distributed estate. The project involved deploying and maintaining Domain, Exchange, and SQL servers to meet stringent security and reliability requirements.","[Consistent, secure server infrastructure across all locations, Improved operational efficiency through standardized lifecycle management, Enhanced availability and reduced downtime]",[https://ibmgbs.loopio.com/library?entry=4640186]
4640187.md,"Experience of design, build, testing and diagnosis of Windows & Linux authentication and authorisation products",Ministry of Defence (MoD),"Government, Defense","Active Directory replication, Kerberos, LDAP service, Identity Management (IdM) on RedHat Enterprise Linux","For the MoD we created a 40‚ location distributed Windows authentication and authorisation solution, including an Active Directory replication solution. We integrated Windows and Linux directories to deliver an SSO experience for end users, extended this facility using Kerberos for database authentication and created an LDAP service for overall user management. As IBM RedHat, we developed Identity Management (IdM), an open‚ source Linux authentication solution that unifies the management of enterprise‚ scale numbers of Linux users and delivers native integration with Microsoft Windows Active Directory. Delivered within Red Hat Enterprise Linux, we designed and delivered the IABS programme using this capability.","[Implemented SSO across 40 locations, Unified Windows and Linux user management, Enabled Kerberos database authentication, Provided LDAP service for centralized user administration]",[https://ibmgbs.loopio.com/library?entry=4640187]
4640191.md,Customs Declaration Service Redesign,HMRC,"Government, Public Sector (Taxation & Customs)",,"IBM partnered with HMRC to redesign the Customs Declaration Service, transforming a business‚ process driven architecture into a microservices‚ based system. The goal was to prepare for increased volumetric changes associated with Brexit and to enable rapid response to political uncertainty while maintaining architectural principles and flexibility across a large portfolio of programmes and projects.","[Scalable microservice architecture capable of handling higher volumes, Improved agility to respond quickly to changing regulatory requirements, Maintained delivery quality and architectural consistency in a fast‚ moving environment]",[https://ibmgbs.loopio.com/library?entry=4640191]
4640192.md,Disclosure and Barring Service Digital Services Implementation,Disclosure and Barring Service (UK),"Government, Public Sector",IBM Cloud,"IBM partnered with the Disclosure and Barring Service (DBS) and other supplier engineering teams to deliver DBS‚  online digital services. The project employed a modern engineering approach, using agile sprints in parallel streams alongside other DBS activities before integration at completion. Design Thinking, User Personas, and Journey Maps were used as unifying artefacts to evolve the service in a product‚ centric continuous improvement manner. IBM implemented DevOps CI/CD pipelines to automate and improve delivery of services.",[DBS won the ‚ÄòBest Use of Customer Insight‚Äô award at the 2020 UK Customer Satisfaction Awards],[https://ibmgbs.loopio.com/library?entry=4640192]
4640193.md,"Developed and implemented the end-to-end risk management lifecycle for portfolios, programmes and projects",Lloyds Bank,"Banking, Financial Services",Cloud (generic),"For Lloyds Bank, IBM is managing a mission‚ critical Business Portfolio of 100+ applications for a modernisation and move‚ to‚ cloud initiative that includes full‚ lifecycle end‚ to‚ end risk management across the portfolio and the programmes and projects that stem from it. We worked with the Lloyds team to identify and manage internal and external risks and challenges, and formulate business and technical strategies and mitigations.","[Faster cloud deployments, Ability to leverage cloud native services, Maintained financial data integrity and security while balancing risk of disruption to customer services]",[https://ibmgbs.loopio.com/library?entry=4640193]
4640199.md,IBM delivers multi-disciplinary digital technology services for Scottish Government,Scottish Government,"Public Sector, Government",AWS,"IBM is working with the Scottish Government to deliver a range of digital and technology services. The engagement involves Delivery and Technology Management, Architecture, Business Analysis and Product Management roles within multiple agile delivery squads operating in a complex rainbow organisation of suppliers and inside-IR35 TSCs. Team members flex their roles to meet project demands, resulting in a secure AWS platform, cloud-native delivery, and several digital services successfully delivered into production.","[Secure AWS platform, Cloud-native delivery, Digital services delivered into production, MCA award for ‚ÄòChange and Transformation in the Public Sector‚Äô for delivery of the low-income benefit service]",[https://ibmgbs.loopio.com/library?entry=4640199]
4640209.md,Cloud Strategies for Lloyds Bank,Lloyds Bank,"Financial Services, Banking","IaaS, PaaS, SaaS","IBM delivered cloud strategies across Lloyds Bank‚  large IT estate as part of the Aurora Programme. Using IBM Methods and Offerings, including the 6Rs framework, the team assessed migration or management options for legacy applications and platforms, ensuring cost‚ effective, reliable, secure, and interoperable target states that meet regulatory requirements in the financial services sector.",[Reduced time to insight by up to 25% when designing cloud strategies],[https://ibmgbs.loopio.com/library?entry=4640209]
4640212.md,IBM and HMRC: Rainbow Technical Design Authority,HMRC (Her Majestys Revenue & Customs),"Government, Taxation",,"IBM worked with HMRC to lead the creation of a rainbow Technical Design Authority (TDA) aimed at increasing process and governance maturity. Working with HMRC‚  Chief Architect, IBM established TDA terms of reference, a process framework, and Systems Engineering Gateways to assess solution viability and build progress. Design Review processes were built to optimise solutions and capture metrics that fed into Decision Support Tooling for continuous improvement activities.","[Increased process maturity, Ongoing governance throughout delivery, Architectural artefact defect rate of < 1%]",[https://ibmgbs.loopio.com/library?entry=4640212]
4640213.md,Rapid Launch of Social Security Scotland Agency,Scottish Government (Social Security Scotland),"Public Sector, Government Services",,"IBM partnered as the service design and delivery partner for the Scottish Government‚  new Social Security Scotland agency. Using a SAFe-based scaled agile framework, IBM organized 8 squads of 15 people each to deliver policy, processes and systems with a user‚ centred design approach that met GDS Technology & Service standards at every stage.","[Agency launched six months ahead of schedule, Six benefit products rolled out every two months, 85% of claims processed online,  £190\u202fmillion paid to citizens in need, High customer satisfaction ratings]",[https://ibmgbs.loopio.com/library?entry=4640213]
4640214.md,The Insolvency Service partnered with IBM in 2019 to replace their business critical case management & workflow solutions using Microsoft Dynamics 365,The Insolvency Service,"Public Sector, Government (Insolvency Services)",Microsoft Dynamics 365,"IBM partnered with the Insolvency Service to replace their legacy case management and workflow system. The project involved a hybrid agile methodology, redesigning the end‚ to‚ end Redundancy Payments process and integrating seven core business systems. Phase †1 delivered the core solution that is now being rolled out across the organization at scale.","[Processed four times as many applications using Dynamics compared to legacy system, Enabled rapid changes to adapt to evolving business needs, Scalable implementation across the business]",[https://ibmgbs.loopio.com/library?entry=4640214]
4640216.md,Deploying SAFe Framework for Danish Multinational Retailer,Large multinational retailer headquartered in Denmark,Retail,,"IBM partnered with a large multinational retailer based in Denmark to deploy the Scaled Agile Framework (SAFe) and accelerate delivery of business value. The engagement involved a ""two in a box"" format that facilitated Program Increment planning across 14 Agile Release Trains, including all scrum teams. Detailed dependency plans were created for the next 12 weeks with commitment from the teams using fist of five voting. A value stream provided Lean Portfolio Management and governance, while Reporting Services delivered agreed metrics and goals to ensure continuous efficiency and improvement.",[Reduced time-to-market from 14 months to 4 months],[https://ibmgbs.loopio.com/library?entry=4640216]
4640217.md,Barclays partners with IBM for business process mapping automation,Barclays,"Financial Services, Banking",IBM Blueworks,"Barclays partnered with IBM to adopt a business process mapping automation programme in order to stay competitive. They mapped existing processes from a user experience perspective which articulated customer journeys across multiple channels. For the process mapping, IBM‚  Blueworks tooling was used, built to BPMN2 standards. The process mapping was overlayed with the business functions within Barclays which helped to highlight inefficient processes, siloed working and how the business needed to transform for the future.","[Increased Net Promoter Score to 70, Enabled roll out of automated multichannel customer processes 88% faster]",[https://ibmgbs.loopio.com/library?entry=4640217]
4640218.md,IKEA partnered with IBM to digitally transform their organisation,IKEA,"Retail, Furniture",,"IBM acted as the system integrator and created a new team comprising various technologies and third‚ party suppliers. The team was co‚ located, governed by senior leadership, and operated with daily stand‚ ups to ensure continuous interaction, communication, and collaboration. IBM led this large mixed team, marking the first time all vendors collaborated successfully toward a common goal: rolling out the solution globally.","Delivered the new digital solution across 11 countries within three months, achieving a unified global rollout.",[https://ibmgbs.loopio.com/library?entry=4640218]
4640219.md,DWP Customer Information System,Department for Work and Pensions (DWP),"Public Sector, Government Services",,"IBM partnered with DWP to develop the Customer Information System. The project built a digital development capability by creating joint agile teams, including Scrum Masters, Business Analysts, UX designers, testers, etc., and pairing IBM resources with DWP counterparts using a ‚Äòtwo in a box‚Äô approach to enable upskilling. Knowledge and skill sharing covered all aspects of delivery, from methodology and technology to configuration and support.","[Natural blend-out after the first few phases without formal handover, Positive feedback: ""IBM have shown genuine care about leaving a legacy with regards to a digital delivery capability within CIS""]",[https://ibmgbs.loopio.com/library?entry=4640219]
4640220.md,HCPC Register Transformation Programme,Health & Care Professionals Council (HCPC),"Healthcare, Professional Registration","Microsoft Dynamics 365, SharePoint, Microsoft Azure, Microsoft SQL","Over a 12‚ month period, HCPC partnered with IBM to replace its legacy register system with a modern solution. The implementation used Microsoft Dynamics‚ÄØ365 for case management, SharePoint as the document repository, and Microsoft Azure (including MS‚ÄØSQL) for integration services. A joint team of 12 full‚ time employees delivered the project on schedule and within budget.","[Nearly 400,000 healthcare professionals now use the new system, Professionals can add, amend, and pay for HCPC services via a web portal, Successful delivery on time and within budget]",[https://ibmgbs.loopio.com/library?entry=4640220]
4640221.md,DWP Digital‚ Security Security Roadmap Implementation,DWP Digital‚ Security (Department for Work and Pensions Digital),"Public Sector, Government ‚Äì Information & Cybersecurity","Confluence, Jira","DWP Digital‚ Security partnered with the team to define a strategic security roadmap and implement security tooling to remediate audit risk findings. The project involved documenting and designing in Confluence, while using Jira to manage delivery of the tooling backlog. Initially, Jira was populated with epics and user stories for short‚ term and strategic requirements; the backlog is continuously updated as roadmaps evolve and align with organisational goals, providing greater visibility into future delivery.","Out of a backlog of 1,700 stories, 1,200 have already been successfully delivered within 12 months, demonstrating significant progress in security tooling implementation and risk remediation.",[https://ibmgbs.loopio.com/library?entry=4640221]
4640222.md,Improving Access to Private Water Supplies,Drinking Water Inspectorate (Defra),"Government, Public Sector ‚Äì Water Quality & Management",,"IBM partnered with the Drinking Water Inspectorate to streamline the process of locating private water supplies. The agency‚  existing method was cumbersome and overly complicated, so IBM developed a new editable geospatial map facility using Leaflet, an open‚ source JavaScript library for web mapping applications. This tool allows users to search across multiple parameters and quickly find private water supplies.

The implementation involved creating an interactive map interface that can be edited by stakeholders, enabling real‚ time updates and easier data management. The solution was designed to integrate seamlessly with the Inspectorate‚  existing systems and workflows.

Key features:
- Editable geospatial map built with Leaflet
- Multi‚ parameter search capability
- User‚ friendly interface for non‚ technical stakeholders
- Real‚ time data access and updates

The project was delivered on time and within budget, providing a robust platform that significantly simplifies the water supply search process.
","‚Ä¢ Simplified search process for private water supplies
‚Ä¢ Reduced time to access relevant information
‚Ä¢ Improved quality of drinking water oversight for stakeholders
‚Ä¢ Enhanced stakeholder confidence in data accuracy and accessibility",[https://ibmgbs.loopio.com/library?entry=4640222]
4640223.md,Rules Engine - Experience of work with rules engine technologies,HMRC (Her Majestys Revenue and Customs),"Government, Taxation, Customs & Border Control","IBM BAW Rules Engine, IBM DMS component","HMRC partnered with IBM to replace its customs declaration system. Within the IBM Document Management System (DMS) component, the IBM Business Automation Workflow (BAW) rules engine processes complex text and table‚ based rules. Approximately 2,700 rules validate incoming declarations and define the business process each must follow based on numerous parameters. The solution went live in 2018 and is now being augmented and scaled to handle roughly eight times the throughput in support of EU Exit. The system remains flexible, allowing the business to alter rules as policy changes while maintaining robust version control.","[Increased throughput by ~8x for EU Exit processing, Enhanced flexibility to modify business rules with strong version control, Successful live deployment in 2018]",[https://ibmgbs.loopio.com/library?entry=4640223]
4640224.md,Nationwide Partnership,Nationwide,"Financial Services, Insurance",,"In our multi-year partnership with Nationwide, we have extensive experience of setting up new teams focusing on a shared, open, ‚Äúbadge at the door‚Äù culture. We make this happen by co‚ creating with Nationwide a shared team identity, co‚ agreeing project charters as well as fostering relationships based on mutually gained trust. Together we build clear sets of shared goals for projects and ensure all resources follow the same practices and methods, so we deliver consistently. As teams ramp up/down weve ensured our shared practices are captured in a delivery playbook so all new joiners can quickly become part of the team.","[Established a shared team identity and culture, Co‚ agreed project charters and goals, Captured shared practices in a delivery playbook for rapid onboarding]",[https://ibmgbs.loopio.com/library?entry=4640224]
4640228.md,"Designing and Building Secure, Resilient Next‚ Generation Hosting Platforms and Container‚ Based Services",UK Home Office,"Government, Public Sector","Kubernetes, AWS EKS","IBM has implemented Kubernetes at the UK Home Office to deliver highly available, scalable, secure and resilient applications based on containers operating on a cloud‚ hosted platform. Additionally, IBM is delivering and optimising a full microservices‚ based architecture for a major European bank, building new core banking capabilities on AWS. The solutions include infrastructure services for developing, testing and operating cloud‚ native applications using EKS and other AWS services, addressing non‚ functional requirements such as container image security, scaling, high availability across availability zones, resilience, and supporting zero downtime.","[Highly available and scalable application delivery, Secure container operations with image security, High availability across multiple availability zones, Zero downtime deployments, Microservices‚ driven transformation of core banking capabilities]",[https://ibmgbs.loopio.com/library?entry=4640228]
4640233.md,Basic Check service for employers to safeguard children and vulnerable adults,Disclosure and Barring Service (DBS),"Government, Public Sector","AWS, AWS Lambda","Since 2017, a technical team implemented the Basic Check service on an AWS platform for the Disclosure and Barring Service. The solution includes server‚ side web application development in Java, integration with legacy back‚ office systems, and serverless operations runbooks using AWS Lambda. It also integrates the digital application with three government services‚ÄîIdentify, Notify, and Pay‚Äîfor the first time.","[Supports more than 1,000 daily transactions, Successful integration with Identify, Notify, and Pay services, Enhanced safeguarding for children and vulnerable adults]",[https://ibmgbs.loopio.com/library?entry=4640233]
4640236.md,IBM Managed ServiceDesk Migration for Global Petrochemical Producer,Unnamed Global Petrochemical Producer (UK),"Petrochemicals, Chemical Manufacturing",,"IBM partnered with a leading global petrochemical producer based in the UK to migrate their in-house ServiceDesk to an IBM‚ managed ServiceDesk, adding end‚ user break/fix capability. The project team employed shadowing and mentoring of the client‚  ServiceDesk specialists during design and build phases, ensuring immediate issue resolution. Strong collaboration between the client team and IBM consulting ensured delivery on budget and ahead of schedule, with the client‚  in-house team now key to ongoing success.","[Delivered on budget, Completed ahead of schedule, Established sustainable internal capability for ongoing support]",[https://ibmgbs.loopio.com/library?entry=4640236]
4640238.md,IBM partners with HMLR for mainframe migration,HM Land Registry (HMLR),"Public Sector, Government","IBM Z mainframe platform, zCloud mainframe-as-a-service","IBM is collaborating closely with the HM Land Registry to understand capability and capacity needs, ensuring the right skills are delivered and embedded. The partnership involves providing IBM Z mainframe platform support for Plymouth and Gloucester data centres, along with on‚ premise technical resources for mainframe software. IBM is also working with HMLR leadership to outline a migration plan that will close legacy data centres and transition to Crown Hosting primary and DR locations. Additionally, IBM supports the ‚Äòe-security‚Äô application platform with dedicated staff on site.","[Financially compelling model through zCloud mainframe‚ as‚ a‚ service, Long‚ term removal of legacy mainframes, Enhanced support for e‚ security applications, Streamlined migration to Crown Hosting primary and DR sites]",[https://ibmgbs.loopio.com/library?entry=4640238]
4640239.md,Demonstrate experience of implementing service management tooling,Department for Work & Pensions (DWP),"Public Sector, Government Services",ServiceNow,"IBM‚  ITIL‚ qualified teams designed a Service Management approach for DWP, deploying and configuring IBM‚  OPAL process library integrated with DWP‚  ITILv3 processes and the ServiceNow toolset. The integration incorporated industry‚ standard CMMI, ITILv3 and ISO27001 compliance frameworks, underpinning five years of vastly improved service management. Additionally, major services were transitioned to GDS Digital Service Standards. For DWP‚  Customer Information System, IBM designed, delivered and smoothly transitioned the service into live operation without business disruption and with minimal training needs, achieved through joint IBM/DWP scrum teams and upskilling of DWP resources.","[Improved service management over five years, Successful transition to GDS Digital Service Standards, Smooth live deployment of Customer Information System with no business disruption and reduced training requirements]",[https://ibmgbs.loopio.com/library?entry=4640239]
4640240.md,Scottish Government Benefits Launch,Scottish Government,"Public Sector, Social Security",,"The Scottish Government needed to launch eight new benefits in a short timeframe. The project deployed the full range of agile roles‚Äîincluding product managers, business analysts, user researchers, service/content/interaction designers, scrum masters, engineers, DevOps and QA‚Äîto deliver an award‚ winning social security programme with an outcome commitment to launch all eight benefits within 12 months.","Serves over 100,000 households, pays  £190‚ÄØmillion+ in benefits, and achieves a satisfaction rating of greater than 93%.",[https://ibmgbs.loopio.com/library?entry=4640240]
4640242.md,Outcome-Based DevOps Implementation for International Industrial Client,International Industrial Client (unnamed),"Industrial Manufacturing, Industrial Technology","AWS, Azure","An international industrial client sought to accelerate and standardize the delivery of customer‚ facing technology changes. In an outcome‚ based engagement, a team of DevOps and developer experts was deployed to design and implement an enterprise‚ scale CI/CD service across 50+ products that serve more than 4 million customers. The solution leveraged Infrastructure‚ as‚ Code environments on AWS and Azure, using Ansible for configuration management, Jenkins for continuous integration, Docker for containerization, and Kubernetes for orchestration. Integration with GitHub, GitLab, and Bitbucket provided multiple collaboration and CI/CD options for the client‚  developer community.","[Improved speed of delivery, Enhanced quality and consistency of releases, Scalable CI/CD infrastructure supporting 50+ products, Support for a customer base exceeding 4 million]",[https://ibmgbs.loopio.com/library?entry=4640242]
4640243.md,Citizen and Agent Facing Chatbot for Mortgage Account Queries,Leading UK Bank (unnamed),"Banking, Financial Services","AWS, Amazon EKS, Amazon Cognito, Amazon DynamoDB, Kafka","A leading UK bank required a real‚ time chatbot to handle mortgage account queries for both citizens and agents. Solution Architects from IBM‚  280+ strong UK cloud architecture team designed and delivered a fully AWS secure, cloud‚ native solution within six months. The architecture comprised containerised Node.js microservices managed on Amazon EKS, integrated with enterprise systems via a Kafka-based event streaming layer, and used Cognito for authentication and DynamoDB for data storage.","[Delivered the programme on an outcome‚ basis, Completed implementation in under 6 months, Provided a secure, cloud‚ native chatbot solution that integrates with existing enterprise systems]",[https://ibmgbs.loopio.com/library?entry=4640243]
4640244.md,Benefits Platform for Scottish Government,Scottish Government,"Public Sector, Government Benefits","AWS, Dell Boomi API Gateway, Adobe AEM","At Scottish Government, we provided full‚ stack software engineering specialist support to deliver technical/data elements for a new benefits platform that distributes  £190m+ in annual benefits. Our software engineering team delivered AWS cloud‚ native solutions that integrated Adobe AEM forms, SPMcase management system and external data sources such as DWP, HMRC, Babybox and Equifax to assess, approve, decide and pay benefit entitlements. The solution comprised secure Java microservices based on Spring Boot, REST APIs published on a Dell Boomi enterprise API Gateway and Adobe AEM instances with custom HTML5 and jQuery service as the frontend, running 30+ environments.","[Efficient distribution of over  £190 million in annual benefits, Streamlined assessment, approval, decision, and payment processes via integrated cloud-native services]",[https://ibmgbs.loopio.com/library?entry=4640244]
4640246.md,IBM and Scottish Government winning Change and Transformation project at MCA Awards2020,Scottish Government,"Public Sector, Social Security",,"IBM partnered with the Scottish Government to launch the first social security benefit products for Scotland, focusing on dignity, fairness and respect for citizens. The project involved engaging over 1,400 citizens through 483 user‚ research sessions across 40 locations using IBM Design Thinking. Sprint goals were prioritized based on MVPs, iterated and validated with users, leading to the development of eight new benefit products ranging from Carer‚  Allowance to Young Carers Grant.","The initiative changed the benefit experience for approximately 100,000 households, achieving an average customer satisfaction rate of over 93%.",[https://ibmgbs.loopio.com/library?entry=4640246]
4640247.md,Customs Declaration Service Implementation,HM Revenue & Customs (HMRC),"Government, Public Sector ‚Äì Customs and Border Control",,"Our business analysts worked with UK government clients such as HMRC on the Customs Declaration Service. An IBM‚ led team performed business process modelling and requirements/gap analysis for the system responsible for declarations of goods travelling across the UK border. We developed APQC level 3 processes, identified a backlog of over 40 requirement gaps in the existing solution, and proposed solutions that would involve either configuration or code‚ level changes, including automation of linkage with port inventories.","Identified more than 40 critical gaps in the current system; produced detailed process models at APQC level 3; provided clear recommendations for configuration or development to close identified gaps, improving system efficiency and integration with port inventory data.",[https://ibmgbs.loopio.com/library?entry=4640247]
4640248.md,New benefits platform for Scottish citizens,Scottish Government,"Public sector, Social services",,"IBM UX designers delivered a new benefits platform that enables Scottish citizens to claim low‚ income benefits. The project involved extensive user research and co‚ creation sessions with users, including parents dealing with stillbirth, to ensure content was developed with sensitivity. A consistent online and paper‚ based content experience supported different user demographics and reading levels. Content designs were prototyped and user‚ tested, allowing authors to refine content based on feedback. The service was designed for accessibility and independently verified against government usability standards.","[Content developed with sensitivity to users‚Äô needs, Consistent online and paper‚ based experience across demographics, Reduced data entry by leveraging existing data (e.g., Babybox national scheme), Accessibility compliance and independent verification against government usability standards]",[https://ibmgbs.loopio.com/library?entry=4640248]
4640249.md,UK-wide Charging Services for Electric Vehicles,Unnamed Major Energy Client,"Energy, Electric Vehicle Infrastructure",,"IBM supplied skilled specialists in Product Design to define user journeys, identify pain-points and create design mock-ups and prototypes. Virtual, field and in-office testing were used to develop the user interaction design and journey. User feedback drove prioritisation of key features and a single consistent journey experience was created that minimises interactions and data input.",Improved user journey with reduced interactions and data entry; streamlined charging service experience across the UK.,[https://ibmgbs.loopio.com/library?entry=4640249]
4640251.md,Agile Delivery Transformation for Major Industrial Client,Unnamed Industrial Client,Industrial,,"IBM helped a large industrial organization establish agile delivery management at scale. The engagement involved deploying 27 agile coaches to embed agile values and practices across the organization, from user research through iterative product design and implementation. Coaches trained over 70 Product Owners, delivered 13 bootcamps, ran 176 training classes, and trained 2,675 people across 13 global regions, achieving an average NPS of 9/10. This effort enabled the successful delivery of 35 MVPs, including a new ordering platform for distributors.","[27 agile coaches deployed, 70+ Product Owners trained, 13 bootcamps delivered, 176 training classes run, 2,675 people trained across 13 regions, average NPS of 9/10, 35 MVPs delivered, including a new ordering platform for distributors]",[https://ibmgbs.loopio.com/library?entry=4640251]
4640252.md,Nationwide Digital Transformation ‚Äì Agile Implementation,Nationwide,"Banking, Financial Services",,"IBM partnered with Nationwide as a digital transformation partner across all channels. IBM established an Agile Scrum framework at the Nationwide Development Centre, deploying 7 teams and 81 team members. The implementation included experienced Scrum masters, squad organization, sprint planning, backlog management, burn‚ down tracking using Jira and Kanban boards, and virtual collaboration tools for stand‚ ups and retrospectives. This enabled the delivery of internet banking services in an outcome‚ based, metrics‚ driven manner.","[Delivered internet banking services through agile sprints, Improved visibility into backlog progress with burn‚ down charts, Enhanced team coordination via virtual collaboration tooling]",[https://ibmgbs.loopio.com/library?entry=4640252]
4640254.md,Online Criminal Record Check Service,Disclosure Barring Service,"Public Sector, Government Services",,"IBM designed an online criminal record check service for the Disclosure Barring Service (DBS) that has entered beta. The project was taken through a GDS Alpha assessment against 18 Digital Service Standard criteria, achieving an exemplar rating. From discovery outputs, IBM iteratively prototyped and tested solutions with users, informing key design decisions such as offering a Post Office service option for users uncomfortable verifying identity online. The UX was designed in line with the GDS Service Standard, and shadow GDS assessments were built into sprint cycles to continuously ensure alignment with user needs.","[Exemplar rating on GDS Alpha assessment, Service entered beta launch, User-centric design decisions implemented]",[https://ibmgbs.loopio.com/library?entry=4640254]
4640257.md,Social Security Scotland Agency Implementation,Scottish Government,"Public Sector, Government",Cloud hosting platforms,"The Scottish Government partnered with an agile service design firm to rapidly establish the Social Security Scotland agency. The engagement covered technology platform options, implementation approaches, operating model design, user‚ centred delivery, and governance from Product Owner to Cabinet Secretary levels. The project delivered new application and cloud hosting platforms, enabling the launch of nine new social security benefits through a multi‚ channel delivery approach.","[Successful launch of the Social Security Scotland agency, Deployment of required application and cloud hosting platforms, Introduction of nine new social security benefits via multi‚ channel delivery]",[https://ibmgbs.loopio.com/library?entry=4640257]
4640258.md,CoE for Mobile Security Compliance at BAE Systems,BAE Systems,"Defense, Aerospace",,"At BAE Systems we worked in partnership to build a Centre of Excellence (CoE) for mobile security compliance to enable them to meet their governing regulations. Using Security & Privacy by Design principles we advised on their app management lifecycle, secure containerisation of internal apps, deployment of an enterprise app store and secure integration into core systems. Through this work we covered threat modelling, penetration testing, code scanning assessments and automated tooling in the CI/CD pipeline to ensure they had a robust mobile development framework including the relevant standards, processes and governance to meet their unique requirements for data protection and security.","[Established a robust mobile development framework, Implemented secure app management lifecycle and containerisation, Integrated enterprise app store with core systems, Enhanced threat modelling, penetration testing, code scanning and CI/CD automation, Achieved compliance with governing regulations for data protection and security]",[https://ibmgbs.loopio.com/library?entry=4640258]
4640259.md,Setting up new team within a large organisation,Nationwide,"Financial Services, Insurance",,"In our multi-year partnership with Nationwide, we have extensive experience of setting up new teams focusing on a shared, open, ‚Äúbadge at the door‚Äù culture. We make this happen by co‚ creating with Nationwide a shared team identity, co‚ agreeing project charters as well as fostering relationships based on mutually gained trust. Together we build clear sets of shared goals for projects and ensure all resources follow the same practices and methods, so we deliver consistently. As teams ramp up/down weve ensured our shared practices are captured in a delivery playbook so all new joiners can quickly become part of the team.","[Established a shared team identity and culture, Co‚ agreed project charters and goals, Implemented consistent practices and methods across resources, Created a delivery playbook to onboard new joiners efficiently]",[https://ibmgbs.loopio.com/library?entry=4640259]
4640260.md,BP Mobile Loyalty and Fuel Payments App,BP,Energy & Utilities,,"At BP we helped them develop an end-to-end experience for customers in a mobile loyalty and fuel payments app covering the full product lifecycle, from high-level business requirements, design, UX, UI, development, testing and support. We provide a global codebase, with geographic variations in implemented functionality to ensure BP can meet the different user needs in each country. Supported by a Git ‚Äòmono-repo‚Äô for both iOS and Android apps we now deliver a production quality, tested app upgrades every 2 weeks enabling ongoing global deployments.","[High adoption rates in each country, AppStore rating of 4.6, Production-quality app upgrades delivered every two weeks]",[https://ibmgbs.loopio.com/library?entry=4640260]
4640261.md,HealthAdvisor Machine Learning-Based Application,Charit√© Berlin,"Healthcare, Hospital",,"Working with Charit√©‚ÄØBerlin, Europes largest university hospital, we co‚ developed the HealthAdvisor machine learning‚ based application to determine a patient‚  individual stroke risk. We provided in‚ depth market research interviewing and involving representatives of the risk group, as well as physicians and nurses to create a marketable product that shows people with an increased risk of stroke their personal risk profile, and also visualizes which factors influence it. This helps those affected to change their behaviour in a self‚ motivated manner to avoid a future stroke. Through these insights we built out the service concept, tested and successfully tested in a pilot market.","[Provided patients with personalized stroke risk profiles, Visualized influencing factors for better understanding, Enabled behavior change toward stroke prevention, Pilot market testing successful]",[https://ibmgbs.loopio.com/library?entry=4640261]
4640262.md,Shell Mobile Capability Transformation,Shell,"Oil & Gas, Energy",,"Shell sought guidance and implementation plans to transform its mobile capability. Using the Mobile Advise framework, we delivered strategic recommendations grounded in Shell‚  specific business operations. The framework covered governance, user experience, business environment, technology maturity, emerging tech, and their combinatorial effects. Detailed implementation plans mapped each milestone to expected mobile capability maturity improvements and the resulting business outcomes.","[Improved mobile capability maturity, Enhanced business results aligned with strategic milestones]",[https://ibmgbs.loopio.com/library?entry=4640262]
4640264.md,Integration Modernisation Programme at DWP,Department for Work & Pensions (DWP),"Public Sector, Government",,"The project involves a large-scale integration modernisation programme across multiple development strands and locations‚Äîincluding Manchester, Newcastle, Preston, and Bangalore, India‚Äîwithin the Department for Work & Pensions. The initiative is driven from a central product vision with a shared backlog and governed by strict quality criteria applied through both static and automated validation. By collaborating closely with DWP teams, the programme has already achieved significant cost savings of approximately  £20‚ÄØmillion by reducing proprietary software licenses, lowering deployment costs, and eliminating manual data gathering across its portfolio of applications. The effort is now expanding to open‚ data integration initiatives that span multiple government agencies, aiming to unlock further financial efficiencies.

Key aspects include:
- Centralised product vision and backlog management
- Multi‚ location delivery (UK & India)
- Rigorous quality governance via static/automated validation
-  £20‚ÄØmillion in cost savings from license and deployment reductions
- Ongoing cross‚ government open data integration for additional savings","[ £20\u202fmillion saved through reduced software licenses, deployment costs, and manual data gathering, Improved efficiency across multiple development strands, Foundation laid for further financial savings via cross‚ government open data initiatives]",[https://ibmgbs.loopio.com/library?entry=4640264]
4640265.md,Experience of setting up Centre of Excellence for large scale private or public organisation,American Airlines,"Aviation, Airline",Mobile,"Working with American Airlines we helped them rapidly establish a new Mobile CoE to drive consistency through defined standards, frameworks, patterns and governance approaches. Our approach to this CoE had to balance the right strategy for implementation and success within a complex functional and technology environment. Using our Mobile Advise framework we designed a new operating environment with equal focus on people, culture and adoption working in harmony with governance, ways of working, process and technology. We built adoption of the CoE through an iterative approach establishing leading practices in a defined business domain then organically expanding across the organisation.","Rapid establishment of a Mobile Centre of Excellence, increased consistency and standardization across mobile initiatives, improved governance and culture alignment, and organic expansion of best practices throughout the organization.",[https://ibmgbs.loopio.com/library?entry=4640265]
4640268.md,Finnair Mobile Application Transformation,Finnair,"Aviation, Airline","Mobile@Scale framework, DevSecOps","Finnair embarked on a significant digital transformation to scale its mobile application development function. Using the Mobile@Scale framework, an integrated global capability was established across Finland, Canada and India. The approach introduced standardized practices for mobile app design, delivery, governance and DevSecOps, leveraging extensive iOS accelerators such as prebuilt UI patterns, styles, components, guidelines, technical components, starter apps and a Mobile DevOps framework.","[60% reduction in cost per app, 76% decrease in maintenance costs, 35% faster integration into core systems]",[https://ibmgbs.loopio.com/library?entry=4640268]
4640270.md,New registration service for food businesses,Food Standards Agency,"Public sector, Food safety",,"At Food Standards Agency, we successfully delivered a new registration service for food businesses to optimise the inspection work of food officers. Success relied on our knowledge of GDS Digital Standards, rapidly understanding user needs, planning iteratively, and prototyping early. In discovery we performed research with businesses, policy leads, Local Authorities and data scientists defining an accessible, straightforward process for digital, phone, and physical channels. This approach allowed us within a few weeks of starting, to identify suitable verification options for food business owners, focusing on better understanding what data we really needed to collect to verify their status.","Optimised inspection workflow for food officers through a streamlined registration service; improved accessibility and efficiency across digital, phone, and physical channels; faster identification of suitable verification options for food business owners.",[https://ibmgbs.loopio.com/library?entry=4640270]
4640274.md,Castrol Delivery Partner Roadmap,Castrol,"Oil & Gas, Automotive Lubricants",,"As Castrol‚  delivery partner, we developed a roadmap of Agile projects for the Senior Directors including 15 Minimum Viable Products (MVPs), and helped launch 3 global scale services using our Design Thinking methodology. This was enabled through detailed user research across Castrols operational teams, building clear insights from the demands and responding to the different needs in an environment where the requirements are evolving and are subject to flux. We not only synthesised this data to make clear recommendations on roadmap scope but also on how to enable a full adoption of Agile and DevOps in the delivery lifecycle.","[Launched 3 global scale services, Created roadmap for 15 MVPs, Enabled full adoption of Agile and DevOps across delivery lifecycle]",[https://ibmgbs.loopio.com/library?entry=4640274]
4640275.md,Disclosure and Barring Service Basic Service Application,Disclosure and Barring Service,"Public Sector, Government Services",,"The Disclosure and Barring Service needed a new self‚ service application to handle the growing volume of background checks requested by employers. Leveraging expertise in the UK Government Digital Service (GDS) Standards, the project team created user personas, prototyped and tested solutions with real users, focused on accessibility features, and reduced drop‚ outs. The result was the ‚ÄòBasic Service‚Äô application, now live with over 1,000 daily customers and achieving an exemplar rating in all service assessments.","[Over 1,000 daily customers using the new self‚ service application, Exemplar rating achieved across all GDS service assessments]",[https://ibmgbs.loopio.com/library?entry=4640275]
4640280.md,Nationwide Mobile Banking Transformation,Nationwide,"Banking, Financial Services","Mobile Middleware, API Gateways","As the long‚ term digital delivery partner for Nationwide, we have supported their transformation journey from initial online banking into mobile and tablet banking. Through this we have created extensive modular and reusable assets to support their range of app deployments and to keep pace with changes in mobile development frameworks. Our team has extensive knowledge in Mobile Middleware and API Gateways supporting broad integration into Nationwides core banking platforms ensuring solutions with optimal performance, scalability and flexible change management.","[Continued increase in user functionality, High AppStore rating of 4.8 for the Nationwide Mobile Banking app]",[https://ibmgbs.loopio.com/library?entry=4640280]
4640281.md,Rapid Mobile Service Development for BP,BP,"Oil & Gas, Energy","CI/CD pipelines, Automated testing","BP needed to rapidly develop a mobile service for their customers, to reduce the time spent refuelling and increase customer retention. To accelerate this, we made use of our existing CI/CD assets to build the underpinning DevOps capability needed to support mobile app development and automated testing from the very first sprint. Closing the feedback loop at such an early stage was crucial in accelerating the development lifecycle and enabled quality of the mobile development to be monitored from the outset.",The resulting BPme app has high adoption rates across all deployed countries and an AppStore rating of 4.6.,[https://ibmgbs.loopio.com/library?entry=4640281]
4640284.md,Mobile Security & Compliance at BAE Systems,BAE Systems,"Defense, Aerospace",,"At BAE Systems we worked in partnership to build a stable foundation for mobile security and compliance to enable them to meet their governing regulations. Using Security & Privacy by Design principals we advised on their app management lifecycle, secure containerisation of internal apps, deployment of an enterprise app store and secure integration into core systems. Through this work we covered threat modelling, penetration testing, code scanning assessments and automated tooling in the CI/CD pipeline to ensure they had a robust mobile development environment to meet their unique set of requirements for data protection, security, integration, and fraud prevention.","A robust mobile development environment that meets BAE Systems‚Äô data protection, security, integration, and fraud prevention requirements, ensuring compliance with governing regulations.",[https://ibmgbs.loopio.com/library?entry=4640284]
4640287.md,Deployment of Digital Team for New Social Security Platform,Scottish Government,"Public Sector, Government",,"IBM Interactive (iX) UK practice deployed a multi-skilled digital team to the Scottish Government. The team comprised interaction designers, content designers and front-end developers who were responsible for designing, creating and launching a new Social Security platform. The project delivered eight new benefits‚Äîincluding Funeral Support Payments‚Äîwithin 12 months, targeting user groups similar to those served by the Department for Work and Pensions (DWP) programme.","[Eight new benefits launched in 12 months, Improved digital service delivery for social security beneficiaries]",[https://ibmgbs.loopio.com/library?entry=4640287]
4640289.md,Transition of 345 Legacy Applications for a Major International Shipping Company,Major International Shipping Company,"Shipping, Logistics",,"For a major international shipping company, we transitioned 345 legacy applications from six incumbent providers, including front‚ end freight booking and customer self‚ service applications and 22 of the organisations most critical services. We led and executed a comprehensive plan with incumbent supplier, client and IBM teams following our rigorous Application Services Transition Methodology, covering all phases of knowledge acquisition and service transition. We worked to highly demanding timescales, taking over the first 249 applications in 4 months then adopting an iterative and agile approach to transition individual services from build‚ to‚ run in 6‚Äì8 weeks each, with collaborative sprints covering knowledge transfer, guided and assisted‚ perform.","[Completed transition of 345 legacy applications within tight timelines, Reduced dependency on incumbent suppliers, Improved service reliability through structured knowledge acquisition]",[https://ibmgbs.loopio.com/library?entry=4640289]
4640290.md,Product Management for Energy Client,Major Energy Client (unnamed),"Energy, Electric Vehicle Charging Services",,"We provided Product Managers and Service Designers to establish a new product-driven organisation providing electric vehicle charging services across Europe. We helped establish the product vision, OKRs and data‚ centric ways of working. We set up virtual, field and in‚ office testing, continuously defined and validated user journeys based on customer feedback, prioritised the development backlog and created a consistent customer experience minimising interactions and data input. We established this team and launched an application within 4 months.","[Established product vision and OKRs, Implemented data‚ centric ways of working, Validated user journeys through testing, Prioritised development backlog, Created consistent customer experience with minimal interactions, Launched application in 4 months]",[https://ibmgbs.loopio.com/library?entry=4640290]
4640292.md,Designing a New Scottish Social Security Benefits Platform,Scottish Government (Social Security Agency),"Public Sector, Social Services",,"User researchers from a 250+ UK team conducted extensive user‚ engagement research‚Äîincluding one‚ to‚ one interviews, focus groups and usability tests‚Äîto design a brand new Scottish social security benefits platform. The research was sensitive to vulnerable users, support charities, accessibility needs, limited digital skills and varied demographics. Insights were synthesized into actionable findings, informing front‚ end prototypes and content that were co‚ designed with stakeholders. Usability testing feedback drove iterative improvements, resulting in a multi‚ channel service that met government usability standards.","A multi‚ channel social security benefits platform that aligns with government usability standards, incorporates accessibility best practices, and is informed by real user insights from diverse populations.",[https://ibmgbs.loopio.com/library?entry=4640292]
4640294.md,IBM helped Scottish Government launch low income benefits,Scottish Government,"Public Sector, Government Services",,"IBM assisted the Scottish Government in launching a low‚ income benefit program by employing Agile Scrum methodologies. The team rapidly prototyped concepts and iterated based on diverse user research across more than 40 locations, using standard assets. They integrated the benefit application process with the existing ‚ÄòBaby Box‚Äô initiative, which includes midwife verification for registration. This integration enabled applications to be verified in seconds instead of weeks.","[Benefit program launched six months early, 90% uptake among target population, Average completion times under 5 minutes, Enhanced in‚ house agile delivery and continuous improvement capabilities]",[https://ibmgbs.loopio.com/library?entry=4640294]
4640295.md,PaaS based on Cloud Foundry and Kubernetes for a major UK bank,Unnamed UK Bank,"Financial Services, Banking","Cloud Foundry, Kubernetes, DevOps services, Databases, API Management, Application Runtimes","IBM built and delivered a PaaS platform based on Cloud Foundry and Kubernetes for a major UK bank. The platform provides an agile test and learning environment that allows developers‚Äîboth bank employees and partner organisations‚Äîto consume a variety of PaaS services (DevOps, databases, API management, application runtimes) in a dedicated, secure cloud. Initially supporting 5 projects with 100 developers, the ecosystem has grown to over 150 projects and more than 4,000 developers, enabling an ‚Äòidea‚ to‚ production‚Äô cycle of about three months instead of one year or longer.","[Expanded from 5 projects/100 developers to 150+ projects/4,000+ developers, Reduced development cycle time from one year+ to approximately three months]",[https://ibmgbs.loopio.com/library?entry=4640295]
4640297.md,Immigration and Asylum Biometrics Service Transition,UK Immigration and Asylum (Home Office),"Government, Public Sector",,"IBM transitioned the Immigration and Asylum Biometrics Service into service, a highly available IL5 system interfacing to 20 different systems across government. We rolled out and tested end user equipment at major UK ports & Home Office locations, migrated 120m identities, trained users, ensured operational readiness of all teams, planned communications and performed a detailed cutover across seven suppliers in three countries; and ensured operational readiness of IBM and external teams.","[Migrated 120 million identities, Ensured operational readiness for IBM and external teams, Implemented end‚ user equipment at major UK ports and Home Office locations, Coordinated communication and cutover across seven suppliers in three countries]",[https://ibmgbs.loopio.com/library?entry=4640297]
4640298.md,"Cloud security design and delivery (incl. logical network segregation, NSG, Azure firewall, anti-malware, DDoS)",UK Defence Contractor,"Defense, Aerospace",Azure,"A major UK defence contractor underwent a significant merger and acquisition process across Europe. IBM‚  Security Business Unit supported the customer by creating a digital transformation plan to migrate acquired companies into Azure. IBM delivered strategic planning, low‚ level designs, and full delivery of all Azure environments for 300 users, including security policies, SIEM, anti‚ virus/malware, PKI, networking, and security groups. The assessment of existing environments was completed in 60 days with deployment designs produced within 120 days.","[Migration of 300 users to Azure, Comprehensive security architecture implemented (NSG, firewall, anti‚ malware, SIEM, PKI), Accelerated digital transformation across multiple acquisitions]",[https://ibmgbs.loopio.com/library?entry=4640298]
4640299.md,RESTful API development with schema validation and OAuth using Azure AD,Home Office (UK Government),"Government, Public Sector, Law Enforcement","Azure AD, LEDS public cloud platform","The Home Office migrated the existing Police National Computer (PNC) onto the new LEDS platform. To support this migration, RESTful APIs were defined in Swagger and secured using OAuth to verify identity and obtain basic profile information in an interoperable, REST‚ like manner. The PNC had many integration points that needed exposure on the new platform to ensure successful migration and continued operation of critical national infrastructure services.","[Successful migration of the Police National Computer onto LEDS, Continued operation of critical national infrastructure services, LEDS became the first Home Office public cloud platform granted Authority to Operate with Official Sensitive data]",[https://ibmgbs.loopio.com/library?entry=4640299]
4640300.md,Whole Farm Approach,"Defra (UK Department for Environment, Food & Rural Affairs)","Agriculture, Farming",,"IBM delivered design thinking, UX and accessibility services to Defra‚  Whole Farm Approach web application. The project involved updating the service to meet Level AA of the W3C WCAG 2.0/2.1 standard, evaluating each requirement, determining how it should be met (within the application, business‚ owned content or a combination), assessing compliance and identifying limitations. IBM‚  solution was independently reviewed and validated for accessibility compliance.",Compliance with WCAG 2.0/2.1 Level AA standards; independent validation of accessibility requirements met; improved user experience for farmers accessing policy information and submitting assessments and surveys.,[https://ibmgbs.loopio.com/library?entry=4640300]
4640301.md,Digital Transformation of the BasicDBSCheck Service,Disclosure and Barring Service (DBS),"Government, Public Sector",Cloud native services,"IBM delivered a digital transformation for the DBS‚  new ‚ÄòBasicDBSCheck‚Äô service, working with the DBS team using an agile approach. The solution was built entirely on cloud‚ native services that were configured to be resilient, highly available and auto‚ scaling.","[25% increase in user satisfaction, 3√ó increase in number of applications processed, 40% reduction in operational and hosting costs]",[https://ibmgbs.loopio.com/library?entry=4640301]
4640302.md,IBM & Petronas Azure Vehicle Tracking Solution,Petronas (global oil and gas company),Oil & Gas,"Azure API Management (APIM), Azure App Service Environment (ASE), .NET/C# Functions, Azure SQL Database, Azure Cosmos DB, IoT Hub","IBM partnered with Petronas to deliver an innovative Azure-based solution that provides a vehicle tracking web application utilizing IoT sensors, geospatial and mapping components. The real‚ time data from the IoT sensors feeds a dynamic heat map showing the number of people and vehicles present in any area, enabling faster emergency response. The architecture incorporates multiple Azure services (APIM, ASE, .NET/C# Functions, SQL, Cosmos DB) along with Java, HTML, and other technologies to store and process data.","[Improved worker productivity, Reduced idle time, Significantly enhanced safety when working with highly combustible materials]",[https://ibmgbs.loopio.com/library?entry=4640302]
4640303.md,Bespoke business workflow application delivery using LogicApps or equivalent cloud-native service,Insolvency Service (UK),"Public Sector, Government Services","Azure Service Bus, Azure Logic Apps","IBM partnered with the Insolvency Service to replace its legacy case management system with a modern business workflow application for managing redundancy payments. In Phase 1, IBM integrated seven key business systems‚Äîincluding two digital portals, finance, document management and production applications, and a calculation engine‚Äîusing Azure Service Bus for asynchronous integration and Azure Logic Apps for synchronous point‚ to‚ point integration and orchestration. The platform was designed to allow rapid changes as the Insolvency Service‚  business needs evolve.","[Modernized workflow application, Improved integration across multiple legacy systems, Enhanced flexibility for future business changes]",[https://ibmgbs.loopio.com/library?entry=4640303]
4640304.md,"Low‚ code application delivery using Microsoft Power Platform (incl. PowerBI, PowerApps)",Pepsico,"Food & Beverage, Consumer Goods","Microsoft Power Apps, Power Automate, Power BI, SharePoint Online, Microsoft Teams","Pepsico selected IBM to design, build and deliver a number of apps using the Microsoft Power Platform. IBM rapidly developed web apps with PowerApps, used SharePoint Online as the backend data store, orchestrated workflows with Power Automate, and visualized data with Power BI. The PowerApps were integrated directly into Microsoft Teams for easy access and collaboration.","[Significantly reduced development timelines, Faster time to value, Reduced common risks and failures]",[https://ibmgbs.loopio.com/library?entry=4640304]
4640306.md,BP Service Incubator,BP,"Oil & Gas, Energy",,"IBM designed, set up and currently supports a ‚Äòservice incubator‚Äô at BP to drive innovation alongside regular delivery commitments. Joint BP/IBM teams rapidly assess and develop ideas, creating a customer feedback portal that is now live across Europe. The incubator has evaluated over 140 service concepts and supports other incubators within BP, while an agile support team delivers continuous improvement services with a backlog of activities and 24/7 maintenance.","[Over 140 service concepts evaluated, Customer feedback portal live across Europe, Strengthened relationships with partners, Efficient innovation process]",[https://ibmgbs.loopio.com/library?entry=4640306]
4640307.md,"Logging, System Monitoring and Security Management Services for Multinational Financial Services Provider",Multinational Financial Services Provider,Financial Services,"IBM NetCool Operations Insight, IBM QRadar, Security Information and Event Management application","At a multinational financial services provider, IBM has been delivering logging, system monitoring and security management services for several years. We monitor 1) system events and analytics, using products such as IBM NetCool Operations Insight; 2) security monitoring of infrastructure through a Security Information and Event Management application. Other clients use the similar Gartner ‚ÄòLeaders‚Äô Quadrant IBM QRadar technology. IBM also provided high-level to granular tracking of user activity through third-party tooling.","IBM met agreed SLAs/response time metrics and our management of these services enabled user identity management, access control and reduced maintenance costs.",[https://ibmgbs.loopio.com/library?entry=4640307]
4640308.md,Promontory performed a Money Laundering Investigation at a European Bank,European Bank (unnamed),"Banking, Financial Services",,"Promontory conducted an internal investigation into suspicious transactions in non-resident accounts over eight years, identifying deficiencies that allowed money laundering to flourish at a branch with operations across Northern Europe. The research included extensive search and review of bank documents and interviews with bank personnel, culminating in a root‚ cause analysis.","[Identified deficiencies enabling money laundering, Root‚ cause analysis produced]",[https://ibmgbs.loopio.com/library?entry=4640308]
4640309.md,Delivery of solutions using the GDS Design System ‚Äì Get Your State Pension online portal,Department for Work and Pensions (DWP),"Public sector, Government services",,"IBM partnered with DWP to develop a public‚ facing ‚ÄòGet Your State Pension‚Äô online portal. Using IBM‚  Digital Reinvention methodology, the joint team incorporated assurance, governance, agile practices, regular architectural reviews and GDS assessments throughout development. The project also leveraged OGC Gateway principles and built shadow GDS assessments into sprint cycles.","[Service passed GDS Alpha and Beta assessments on first attempt, Enabled DWP to secure funding for subsequent phases, Portal is now live on GOV.uk]",[https://ibmgbs.loopio.com/library?entry=4640309]
4640310.md,IBM helped the Scottish Government establish a new Social Security Agency,Scottish Government,"Public sector, Social Services","Cloud-based infrastructure, Case management system, Digital portal","IBM deployed an agile, user‚ centric approach to design, test and launch a cloud‚ based infrastructure, case management system, and digital portal for the new Scottish Social Security Agency. Multiple scrum teams worked in parallel, with IBM scrum masters managing significant backlogs and ensuring quality through automated deployment and testing.","[Launched seven new benefits within just over two years, Maintained high quality standards during rapid delivery]",[https://ibmgbs.loopio.com/library?entry=4640310]
4640311.md,Transforming the DWP‚  Customer Information System (CIS),Department for Work and Pensions (DWP),"Government, Public Sector",Crown Hosting environment,"The project involved managing a complex portfolio of over 50 applications and delivering more than 1,200 interdependent change projects annually. The focus was on transforming the DWP‚  Customer Information System (CIS), which stores over 103 million citizen records and is used by approximately 80,000 users across DWP and other government departments. Key activities included leading a multi‚ supplier portfolio to deliver a new front‚ end application, upgrading the software stack across the core system, and migrating the entire CIS into a new Crown Hosting environment while ensuring no impact on the 250 systems that depend on it.","[Successful migration of CIS to Crown Hosting with zero downtime for dependent systems, Modernized front‚ end application and upgraded software stack, Enhanced scalability and reliability for a critical government data platform]",[https://ibmgbs.loopio.com/library?entry=4640311]
4640312.md,IBM Responds to COVID‚ 19 Pandemic ‚Äì Rapid Scaling of Delivery and Security Operations for NHS Digital,NHS Digital (National Health Service),"Healthcare, Public Sector",Security Operations,"Within seven days of the COVID‚ 19 outbreak, IBM partnered with Gold Command to rapidly expand its delivery and management capacity. A multidisciplinary team with expertise in NHS systems architecture, security, and service management was deployed to create a technical blueprint for the Nightingale hospitals. This enabled the central IT organisation to quickly assess and validate the technical readiness of ten hospitals, ensuring robust solutions were delivered. Concurrently, IBM extended its Security Operations services for NHS Digital, providing 24/7 monitoring and alerting with additional resources to support extended hours without impacting existing critical services.","[Rapid deployment of a technical blueprint for 10 Nightingale hospitals, Swift assessment and validation of technical readiness, Enhanced security posture through 24/7 monitoring and alerting, Support for extended operational hours without compromising existing services]",[https://ibmgbs.loopio.com/library?entry=4640312]
4640313.md,IBM Engaged with a Secure Government Department to Transform Information Management,Unnamed Secure Government Department,"Public Sector, Government",Electronic Document and Records Management System (EDRMS),"IBM partnered with a secure government department to overhaul its information management practices by deploying a new digital Electronic Document and Records Management System (EDRMS). The project involved upskilling 4,500 users through e‚ learning modules, face‚ to‚ face training, drop‚ in sessions, and floor‚ walking initiatives. This comprehensive change methodology ensured that staff were equipped to operate the new system and adopt updated information management workflows.","[Smoothest transition to the new EDRMS reported by the client SRO, Successful upskilling of 4,500 users, Enhanced adoption of technology and improved information management practices]",[https://ibmgbs.loopio.com/library?entry=4640313]
4640316.md,DWP Searchlight Project,Department for Work and Pensions (DWP),"Public Sector, Government",,"IBM implemented the DWP Searchlight project, modernising the front end of the CIS solution; a mission‚ critical application accessed 90,000 times daily with access to 100m records. As part of our work on Searchlight at DWP, we created blended scrum teams of IBM and DWP team members to support knowledge transfer and up‚ skilling. Each person from DWP was given a mentor from IBM. We delivered training on User Research, Agile, UX Design and key elements of the architecture.","The DWP team members were able to successfully support the system and continue delivering new features without IBM support, ensuring continuity and reducing dependency on external consultants.",[https://ibmgbs.loopio.com/library?entry=4640316]
4640317.md,Digital Automation for a large UK police force,UK Police Force (unnamed),"Public Sector, Law Enforcement",,"IBM is delivering Digital Automation for a large UK police force to tackle backlogs of repetitive work, freeing up staff for higher value activities. IBM uses a bottom-up approach with process Subject Matter Experts to brainstorm the target state for their processes and the alternative digital automation options to meet this end state, considering factors including through-life affordability and speed of implementation. Processes are then adapted, improved, and digitally automated where it is most appropriate.","[70 FTE savings,  £5M cost savings]",[https://ibmgbs.loopio.com/library?entry=4640317]
4640318.md,OSIX: Digitised Network for MOD,UK Ministry of Defence (MOD),"Defense, Intelligence",OSIX,"IBM created OSIX to deliver a digitised network of academic, industry and MOD expert data, supplying seventy+ digital sources via a single solution. The platform combined trusted private sector information with MOD data to improve strategic, operational and tactical level intelligence. OSIX reduced the production cycle and quality of critical intelligence production/decision making from weeks to hours while enhancing quality and insight. MOD now has access to a unique global network of SMEs and data from academia, private sector and MOD delivering agile/flexible digital provision.","[Reduced production cycle from weeks to hours, Improved quality and insight in intelligence production/decision making, Significant value added to MOD‚  core capability within 7 months]",[https://ibmgbs.loopio.com/library?entry=4640318]
4640319.md,IBM works closely with Defence Business Services,Defence Business Services (DBS),"Defense, Government",,"IBM has partnered with Defence Business Services for 20 years to support and implement changes across systems, data, architecture, and content for the UK Ministry of Defence. The collaboration includes live support, design, implementation, and ongoing maintenance of corporate services solutions used by MOD users. IBM also developed a Corporate Business Intelligence solution featuring a Data Warehouse that integrates multiple data sources for MOD stakeholders.",[],[https://ibmgbs.loopio.com/library?entry=4640319]
4640332.md,Searchlight handover to DWP,Department for Work and Pensions (DWP),"Public Sector, Government Services",,"With DWP we handed over Searchlight, a service for 90,000 DWP users to manage 65m+ National Insurance records. We used ticket information metrics and recorded the skills needed to support each application, then assessed the skills and knowledge in the team to give a holistic view of upcoming support workload and how it would be fulfilled. Through joint Scrum teams and a 1:1 IBM/DWP mentoring model, we created an environment for developing less-experienced staff. This collaborative upskilling approach was extremely successful, enabling us to transition responsibilities.","[Successful transition of product and service delivery to DWP, Award-winning service achieved by DWP]",[https://ibmgbs.loopio.com/library?entry=4640332]
4640333.md,First Scottish Social Security Benefit Products,Scottish Government,"Public Sector, Government Services",,"IBM partnered with the Scottish Government to deliver a digital, data‚ driven transformation of social security benefits. The project involved extensive user research and engagement‚Äîover 1,400 citizens participated in 483 sessions across 40 locations‚Äîto design end‚ to‚ end services. IBM‚  delivery team planned and executed the initiative, resulting in eight new high‚ quality benefit services that replaced legacy processes.","[Implemented eight new digital benefit services, Improved benefit experience for approximately 100,000 households, Achieved an average customer satisfaction score of over 97%]",[https://ibmgbs.loopio.com/library?entry=4640333]
4640336.md,Collaboration and alignment - Demonstrable experience of working as a joint team with commissioning organisations and delivering as part of a blended team across the host and customer organisations,DBS Bank,"Financial Services, Banking",,"For DBS, we worked as a joint blended team to deliver and support digital services. Our work began by helping DBS articulate the problem being solved, why it was important, and how users had been involved in the process. A Government Digital Service (GDS) assessment, recognised as an exemplar, reflected our collaboration on delivering the Basic Check service. The assessment highlighted that ""The team clearly has established strong agile ways of working incorporating a flat co‚ located structure with a balance of permanent civil servants and contractors.""","[Received 2020 Institute of Customer Service Award for ‚ÄòBest Use of Customer Insight‚Äô, Established strong agile practices within a blended team structure, Successfully delivered the Basic Check digital service]",[https://ibmgbs.loopio.com/library?entry=4640336]
4640338.md,Low‚ Income Benefit Service,Scottish Government,"Public Sector, Government Services",,"During the Discovery phase for the Low‚ Income Benefit Service, we applied GDS Service Standards and iterative agile techniques, including GDS‚ aligned Design Thinking. We developed User Journeys and Pain Points using tools such as Mural and Jira, baselining user needs through over 1,400 participants across 483 sessions in 40 locations. The project focused on understanding user needs, solving the whole problem, and creating a simple, inclusive service.",[Won the 2020 MCA Award for the Low‚ Income Benefit Service],[https://ibmgbs.loopio.com/library?entry=4640338]
4644227.md,Defra Whole Farm Approach (WFA) System Accessibility Upgrade,"Department of the Environment, Food and Rural Affairs (Defra)","Government, Agriculture, Public Sector",,"IBM updated Defra‚  Whole Farm Approach (WFA) system to meet Level AA WCAG 2.0 accessibility standards in its WFA 8 release. The project involved evaluating each WCAG requirement, determining how they could be satisfied within the application and business‚ owned content, assessing compliance levels, and documenting any limitations. IBM‚  solution was independently reviewed for adherence to accessibility standards.","[WFA system now meets Level AA WCAG 2.0 standards, Improved accessibility for farmers interacting with Defra services, Independent verification of compliance]",[https://ibmgbs.loopio.com/library?entry=4644227]
4644229.md,Food Standards Agency Service for Food Business Registrations,Food Standards Agency,"Government, Public Sector (Food Safety)",,"IBM built a service to create and manage food business registrations across England, Wales and Northern Ireland. User research was conducted in line with GDS Service Manual. UX designs and prototypes based on the research insights were created and tested through Discovery, Alpha and Beta phases for the new end-to-end accessible service. A React front end built with a node.js back end and a custom built npm package for validation built by the team accelerated the delivery of this highly successful and scalable service.",387 different paper processes from each Local Council were replaced and IBM received a net promoter score of 9.5/10 from the FSA.,[https://ibmgbs.loopio.com/library?entry=4644229]
4644230.md,DWP‚  ‚ÄòApply-for-a-Nino‚Äô project,Department for Work and Pensions (DWP),"Government, Public Sector",,"The team coordinated a large number of stakeholders across Digital/Operations/Policy and other government departments to deliver the DWP ‚ÄòApply-for-a-Nino‚Äô service within 8 weeks. They tailored communication from high-level walkthroughs to detailed technical reviews, created performance dashboards to monitor service performance, and used data-driven decisions to guide product direction.",[Reduced footfall into local offices by 100%],[https://ibmgbs.loopio.com/library?entry=4644230]
4644234.md,IBM works with NHS Test and Trace,NHS Test and Trace,"Healthcare, Public Health",,"In 2020-2021 IBM collaborated with NHS Test and Trace to deliver national agent and public-facing services for contact tracing, from conception to deployment. The team designed solutions that met stringent policy and business requirements while balancing user needs gathered through research. Service, UX and content designers and user researchers worked with policymakers, clinical experts, product owners and technical stakeholders to address user needs and align with business objectives. Working with epidemiologists, the solution was designed to reduce cognitive burden on the public, reduce manual effort for business users, and increase data quality for studies.","[Reduced cognitive burden on the public, Reduced manual effort for business users, Increased data quality for studies]",[https://ibmgbs.loopio.com/library?entry=4644234]
4644238.md,Digital Basic Disclosure Service for the Disclosure & Barring Service,Disclosure & Barring Service (DBS),"Public sector, Government services","GOV.UK.Pay, GOV.UK.Verify, GOV.UK.Notify","In 2018 IBM partnered with the Disclosure & Barring Service to create a new digital service and products hosted on GOV.UK that enabled citizens to self‚ serve Basic disclosure applications online. The solution was built using an agile team, DevOps tooling, and UX design principles. It became the first service to integrate GOV.UK.Pay, GOV.UK.Verify, and GOV.UK.Notify services, achieving a GDS alpha assessment pass on the first attempt.","[First service to use GOV.UK.Pay, GOV.UK.Verify, and GOV.UK.Notify, GDS alpha assessment passed on first try, Received the Institute of Customer Service Award for Best Use of Customer Insight in 2020]",[https://ibmgbs.loopio.com/library?entry=4644238]
4644239.md,NHS DigiTrials Clinical Trials Service ‚Äì IBM‚  Role in Service Design,National Health Service (NHS),"Healthcare, Clinical Trials",,"IBM partnered with NHS Digital, Oxford University and Microsoft to develop the NHS DigiTrials Clinical Trials service. IBM was responsible for designing the DigiTrials Feasibility and Outcomes Services, conducting extensive user research and interactive service design with clinical trials units, commercial life‚ science companies, and a panel of patients/public to understand user needs. The resulting service framework has been applied to support major trials such as Oxford University‚  RECOVERY Trial (COVID‚ 19 drug efficacy) and the NHS Blood and Transplant Convalescent Plasma Trial.","[Demonstrated success by providing tailored feasibility and outcomes services for high‚ profile clinical trials, Enabled efficient trial design and data collection for COVID‚ 19 research, Improved collaboration between NHS, academia, industry and patients]",[https://ibmgbs.loopio.com/library?entry=4644239]
4644241.md,Experience of helping inexperienced delivery teams adopt user‚ centred practices and embed them into their agile workflow,Major Industrial Client (unnamed),Industrial,,"IBM was engaged by a major industrial client to transform its delivery model by embedding user‚ centered practices into an agile workflow. IBM supplied 27 agile coaches who brought end‚ to‚ end user‚ centered delivery experience, coaching teams and embedding agile values and practices from user research through to iterative product design and implementation. The coaches trained over 70 Product Owners, delivered 13 bootcamps, ran 176 training classes, and trained 2,675 people across 13 global regions, achieving an average NPS of 9/10. This effort led to the successful delivery of 35 MVPs, including a new ordering platform for distributors.","[Delivered 35 MVPs, New ordering platform for distributors, Trained 2,675 people across 13 regions, Average NPS of 9/10]",[https://ibmgbs.loopio.com/library?entry=4644241]
4644244.md,Home Office Immigration Platform Technologies Programme,UK Home Office,"Government Digital Transformation, Public Sector IT",,"IBM designed, developed and operated an award‚ winning platform for the Home Office Immigration Platform Technologies Programme. The solution provided DevOps tooling for automated infrastructure build and maintenance, enabling Agile@scale methodology across multiple projects and multi‚ disciplinary teams. IBM worked in blended agile teams with more than 10 different suppliers to deliver new digital services within a complex, multi‚ vendor environment.","[Awarded UK IT Industry Awards 2015, Consistently positive customer feedback on collaborative behaviours, Successful deployment of automated infrastructure and DevOps tooling across the programme]",[https://ibmgbs.loopio.com/library?entry=4644244]
4644245.md,Health Data Research (HDR) Gateway Portal,UK Health Data Research Alliance,"Healthcare, Health Data Research",,"IBM developed the Health Data Research (HDR) Gateway Portal to enable researchers and innovators to discover and request access to data sets in a secure and responsible manner. The portal was delivered using an Agile delivery approach by a team with expertise in both programme delivery and health data, providing structure, guidance, and support for the UK Health Data Research Alliance‚  digital delivery strategy. IBM also offered deep insights into how health data could be leveraged for new requirements, including assessing the impacts of COVID‚ 19 within healthcare settings.","Enhanced secure access to diverse health datasets, streamlined discovery process for researchers, informed understanding of COVID‚ 19 impacts on healthcare through data analysis, and strengthened digital delivery capabilities for the alliance.",[https://ibmgbs.loopio.com/library?entry=4644245]
4644247.md,Nationwide Building Society Multi‚ Channel Development Centre,Nationwide Building Society,"Banking, Financial Services",,"Nationwide Building Society wanted a dynamic, scalable and customer‚ centric development model to extend its multi‚ channel strategy, optimising customer‚ facing products. We helped Nationwide establish the Multi‚ Channel Development Centre (MCDC), which is designed to accelerate the companys transformation agenda by providing innovative, multi‚ channel products and services. Based on a ‚Äúsoftware factory‚Äù concept that industrialises application development and maintenance processes, the MCDC helps Nationwide ensure repeatable, predictable, high‚ quality services through an agile ""one‚ team"" culture. The MCDC has successfully built digital services from Discovery through Alpha, Beta and Live deployment for its core banking and internet banking services.","[Accelerated transformation agenda, Delivered innovative multi‚ channel products and services, Achieved repeatable, predictable, high‚ quality services via an agile one‚ team culture]",[https://ibmgbs.loopio.com/library?entry=4644247]
4644248.md,Immigration and Asylum Biometrics Service (IABS),Home Office,"Public Sector, Government",,"The project involved delivering and operating the Immigration and Asylum Biometrics Service (IABS), a highly available, secure system for the Home Office. Multiple teams (~50 FTE in application development, 45 FTE in platform development, 40+ FTE in testing) worked on architecture, data algorithms, and risk assessment models to ingest high volumes of biometric data from over 170 airlines and assess more than 300 million passenger movements per year.","[High data ingest success rates, High accuracy risk assessments for passenger movements]",[https://ibmgbs.loopio.com/library?entry=4644248]
4644249.md,Immigration Platform Technologies Programme,UK Government,"Public Sector, Government Digital Transformation",,"IBM designed, developed and operated an award‚ winning platform for the UK Immigration Platform Technologies Programme. The platform provides DevOps tooling for automated infrastructure build and maintenance, enabling Agile@scale methodology across multiple projects and suppliers. IBM worked in blended agile teams co‚ located on client sites, collaborating with more than ten different suppliers to deliver new digital services.","[Awarded at the UK IT Industry Awards 2015, Consistently positive customer feedback for collaborative behaviours, Enables automated infrastructure management and supports Agile@scale across multiple projects]",[https://ibmgbs.loopio.com/library?entry=4644249]
4644256.md,,BP,"Energy, Oil & Gas",,"At BP, IBM worked within the existing client team to establish an agile user‚ centric service mindset by adapting and challenging governance and leadership behaviours across the organisation. Our leadership coaches prioritised the actions needing to be done first, whilst agreeing on areas to initially leave as‚ is.  We built diverse, empowered joint teams that partnered with BPs users to quickly create and scale new innovative ideas. Our process built on existing practices, developing product‚ centric approaches within BP by defining business opportunities, prototyping solutions and then scaling using user‚ centric approaches. This process and structure established an innovation pipeline, advancing 100s of ideas.","Established an innovation pipeline that advanced hundreds of ideas; built diverse, empowered joint teams; accelerated creation and scaling of new innovative solutions; adapted governance to support agile delivery.",[https://ibmgbs.loopio.com/library?entry=4644256]
4644257.md,Modernising DWPs Customer Information System,Department for Work and Pensions (DWP),"Government, Public Sector",,"SITUATION: DWP needed to modernise its business‚ critical Customer Information System, within a complex stakeholder environment crossing DWP, Local Authorities and other Departments, including 90,000 users. WORK: Aligned with the GDS Agile approach, we used a scaled‚ Agile framework alongside IBM Design Thinking and DevOps to deliver the remodelled service.","A flagship DWP Agile project, bringing significant productivity savings and developing DWP‚  Agile capability",[https://ibmgbs.loopio.com/library?entry=4644257]
4644258.md,Food Standards Agency Service for Food Business Registrations,Food Standards Agency (in partnership with Scottish Government),"Public Sector, Government Services",Cloud-based benefits solution (generic cloud platform),"IBM built a service to create and manage food business registrations across England, Wales and Northern Ireland, replacing 387 different paper processes from each Local Council. User research was conducted in line with the GDS Service Manual through Discovery, Alpha and Beta phases. UX designs and prototypes based on the research insights were created and tested for the new end‚ to‚ end accessible service. A React front end built with a node.js back end and a custom built npm package for validation accelerated the delivery of this highly successful and scalable service. In partnership with Scottish Government, IBM co‚ created at scale an integrated cloud‚ based benefits solution using Agile scrums, enabling citizens to apply for Low‚ Income Benefits.

The joint delivery team peaked at 6x15 squads, supporting the full delivery life‚ cycle from architecture and analysis to solution development and package configuration, using a scaled Agile process including DevOps and release management.",7 new benefits systems delivered using Scrum and Design Thinking; 85% of claims made using smartphones;  £190m payments completed.,[https://ibmgbs.loopio.com/library?entry=4644258]
4644259.md,SAFe Implementation for Global Retail Organisation,Global Retail Organisation (headquartered in Sweden),Retail,,"IBM partnered with a global retail organisation headquartered in Sweden to support SAFe project management on Agile digital transformation journeys. IBM ran the SAFe framework, facilitating PI Planning via a two-in-a-box format for Big Room Planning across each 4‚ Sprint programme increment. Two new agile release trains were set up and managed through a value stream providing Lean Portfolio Management and governance. Reporting services were delivered using agreed metrics and goals to ensure continuous efficiency and improvement.","[Major revenue improvements globally, Improved customer satisfaction]",[https://ibmgbs.loopio.com/library?entry=4644259]
4644261.md,Scotland Government and IBM Collaborate on Cloud‚ Based PaaS Solution,Scottish Government,"Public Sector, Government Services",Cloud PaaS (generic),"Scottish Government and IBM successfully collaborated and co‚ created a scalable integrated cloud‚ based PaaS solution using an Agile implementation, enabling citizens to apply for low income benefits. The joint delivery team peaked at 6x15 squads. Supporting the full delivery life‚ cycle from architecture and analysis to solution development and package configuration, using agile processes including change and release management, IBMs DevOps approach enabled the automated build of proof‚ of‚ concept, development, test and production environments and services.","[7 new benefits systems delivered in 2 years, 85% of claims made using mobiles,  £190m payments completed]",[https://ibmgbs.loopio.com/library?entry=4644261]
4644266.md,NHS Digital COVID Test and Trace Solution,NHS Digital,"Healthcare, Public Health",,"In September 2020 IBM partnered with NHS Digital to build a replacement COVID Test and Trace solution. Within the first week, IBM ramped up an experienced Agile team of 50 members and continued expanding it as required. By the end of the month, a real‚ time link to test results was successfully deployed, and other replacement systems were brought online early in 2021.","[Real‚ time link to test results deployed within one month, Additional replacement systems operational by early 2021]",[https://ibmgbs.loopio.com/library?entry=4644266]
4644269.md,Experience of working within someone elses guidelines and frameworks,Department for Work & Pensions (DWP),"Public Sector, Government Services","IBM OPAL Process Library, ServiceNow","At DWP, the IBM team deployed and configured IBM‚  OPAL process library as the basis of our service. These processes integrate the key elements of CMMI, ITILv3 and ISO27001 compliance projects. They have been central to our track record of high quality delivery for over 5 years. The processes integrate into DWP‚  own ITILv3 processes and ServiceNow toolset to provide a comprehensive Service Management framework. We provide both Level‚ÄØ3 application support and Level‚ÄØ4 Infrastructure and software provider support, covering all aspects of service management including Service Level, Incident, Problem, Change, Capacity and Availability Management.","[Centralized and compliant service management framework, Improved quality delivery over 5+ years, Seamless integration with DWP‚  existing ITILv3 processes and ServiceNow toolset]",[https://ibmgbs.loopio.com/library?entry=4644269]
4644271.md,Scottish Government new social security department launch,Scottish Government,"Public Sector, Government Services",Secure Cloud Platform,"We used a pragmatic Agile approach to help the Scottish Government establish a new social security department and launch 11 benefits. We helped design, build and implement a secure cloud platform hosting these benefits in 6 months, achieved using a pragmatic agile delivery method; fixed scope in prioritised sprints, re‚ using patterns and existing assets to accelerate delivery. The strength of agile expertise and experience within our teams enabled practical challenges to be overcome; adopting highly collaborative ways of working, decisions were made quickly and requirements prioritised to deliver an enterprise quality, secure, highly performant and resilient service at pace.","[Launch of 11 benefits in 6 months, Enterprise‚ quality, secure, high‚ performance, resilient cloud platform delivered on time]",[https://ibmgbs.loopio.com/library?entry=4644271]
4661078.md,Resource Allocation for a Leading Bank‚  Digital Transformation,Leading bank (name not disclosed),"Financial Services, Banking",,"IBM assisted the bank in forward‚ planning resource demand for a complex digital transformation initiative. Using a core‚ flex staffing model, IBM rapidly scaled up to 100+ design and development resources during peak periods and scaled down as applications matured. Dedicated Resourcing Managers managed in‚ house staff and leveraged associate SME networks to bring in niche skills on short notice, enabling teams to be assembled within days to meet urgent client demand and support business agility.","[Rapid scaling of 100+ design and development resources, 20% increase during peak demand periods, 25% reduction when demand decreased, Enhanced ability to respond quickly to new requirements for niche skills]",[https://ibmgbs.loopio.com/library?entry=4661078]
4661079.md,DWP Searchlight Project,Department for Work and Pensions (DWP),"Government, Public Sector",,"IBM partnered with DWP to build team capability and skills in delivering the DWP Searchlight project ‚Äì a front‚ end service supporting up to 90,000 users and accessing over 65 million CIS records. Joint Scrum teams were established alongside a one‚ to‚ one mentoring model between IBM and DWP staff. Weekly mentoring and training sessions covered User Research, Agile, Design Thinking, UX Design and solution architecture, creating an environment for upskilling less‚ experienced personnel.","[Upskilled civil servants and client employees, Transitioned delivery responsibilities to government staff, Enabled new feature development and capability expansion, Achieved award‚ winning service]",[https://ibmgbs.loopio.com/library?entry=4661079]
4661081.md,IBM embedded multi-disciplinary teams into Lloyds Bank‚  existing full‚ lifecycle delivery,Lloyds Bank,"Banking, Financial Services",Cloud native services,"IBM embedded multi‚ disciplinary teams into Lloyds Bank‚  existing full‚ lifecycle delivery. We ran bootcamps in a multi‚ stakeholder/supplier landscape, creating a culture of shared ownership, and show‚ and‚ tells to embrace the governance and culture of programmes within a time‚ critical portfolio of 100+ applications. We jointly identified and managed internal and external risks and challenges, and formulated business and technical strategies and mitigations. The need to deliver regulatory changes meant that the team operated within a constrained timeframe, however we successfully delivered faster cloud deployments leveraging cloud native services, whilst balancing the risks of disruption to customer services and maintaining data integrity and security.","[Delivered faster cloud deployments, Balanced risks of disruption to customer services, Maintained data integrity and security]",[https://ibmgbs.loopio.com/library?entry=4661081]
4661086.md,Food Standards Agency (FSA) Registration Service,Food Standards Agency,"Food Safety, Regulatory",,"In 2019 we built a service for the Food Standards Agency (FSA) allowing users to register food businesses. To assess the best way to let users interact with the service, we analysed 387 processes across local councils, and conducted extensive user research, workshops with council food teams, gathering expert input from the FSA teams. This research covered the overall flow of an application, plus individual design elements such as forms, notifications and submission confirmation.","Registration now takes 6 minutes on a mobile device with no errors, a fantastic improvement on the 82%+ error rates on the paper forms.",[https://ibmgbs.loopio.com/library?entry=4661086]
4755146.md,DWP Onboarding of 50 Applications,Department for Work and Pensions (DWP),"Public Sector, Government Services",SAS Support services,"The project involved onboarding 50 applications from four suppliers into the SAS Support services framework. A decision‚ tree technique was used to identify, plan, validate and record application characteristics, ensuring clarity on information received and assumptions made. The process allowed continuous refinement of the applications profile as more data became available.

During the transition, a new team was built for DWP, expanding from 50 people to 1,000 within the first 12 months. The methodology aligns with the Authority‚  approach and incorporates a contactless, COVID‚ secure transition model.","[Successfully onboarded 50 applications across four suppliers, Built a scalable support team growing from 50 to 1,000 staff in one year, Improved clarity and alignment among stakeholders through structured decision trees]",[https://ibmgbs.loopio.com/library?entry=4755146]
4755150.md,NHS Electronic Staff Records System Transition,National Health Service (NHS),"Healthcare, Public Sector HR & Payroll",,"The NHS Electronic Staff Records (ESR) system is a highly available, critical national infrastructure solution covering HR, training and payroll for all NHS staff. It is the largest Oracle HR/Payroll implementation in the world, serving 1.4‚ÄØmillion staff members (7% of the UK workforce). IBM transitioned the ESR service to its care without any degradation or disruption, maintaining existing SLAs, business continuity, and disaster recovery during a hybrid development lifecycle. The transition involved structured knowledge transfer, architectural transformation to support 175,000 transactions per hour, and management of physical aspects such as printing and dispatching 20‚ÄØmillion payslips annually.

Key activities included:
- Structured knowledge transfer of business and technology solutions.
- Transformation of application architecture for high transaction throughput.
- Management of physical payroll processes.
- Maintaining SLA levels throughout the transition.

The project demonstrated IBM‚  ability to handle complex, multi‚ supplier hybrid environments in a government context, ensuring continuity and reliability for critical national services.","[No degradation or disruption of service during transition, Maintained SLAs, business continuity, and disaster recovery, Successfully supported 1.4\u202fmillion users with high transaction volume, Managed physical payroll processes without interruption]",[https://ibmgbs.loopio.com/library?entry=4755150]
4755152.md,Listening to Scottish citizens to shape Scottish Social Security,Scottish Government (Social Security Scotland agency),"Public sector, Government services",,"IBM partnered with the Scottish Government as an agile service partner to help rapidly establish the Social Security Scotland agency. Using a product‚ centric design approach, IBM conducted extensive research across hundreds of sessions with diverse groups of citizens, identified user needs, prototyped concepts, and iterated these into production services guided by continuous user feedback and a dedicated product owner.",Rapid establishment of the Social Security Scotland agency; alignment with Product Centric Indicators; delivery of user‚ centric services through iterative design and agile practices.,[https://ibmgbs.loopio.com/library?entry=4755152]
4755156.md,Optimising the Scottish Government‚  Baby Box Initiative Through Data Integration,Scottish Government (Baby Box Program),"Public Sector, Government Services",,"The project focused on leveraging existing data held by government and third‚ party organisations to streamline the application process for the Baby Box initiative, which provides new parents with essential items. By integrating electronic registration data from midwives and interfacing with agencies such as DWP and HMRC to verify key information (e.g., child responsibility), the team reduced the effort and delay required in gathering additional applicant details. This end‚ to‚ end journey review enabled a more efficient verification process, directly improving user experience.","[Reduced application processing time, Lowered data collection workload for staff, Achieved 97% positive user satisfaction score]",[https://ibmgbs.loopio.com/library?entry=4755156]
4789540.md,"Evidence of providing operational security advice to portfolios, programmes and projects",NHS-Digital,"Healthcare, Public Sector (National Health Service)",,"Our Security Intelligence and Operations Centre consultants advises security operations teams from organisations including the UK Government and Critical National Infrastructure. For NHS‚ Digital we worked with their Security Operations Team in the Data Security Centre (DSC) to optimise their tooling, techniques and processes to deliver more in-depth and efficient security analysis of NHS Security alerts at both a National, Regional and individual Trust Level.","The DSC team improved their efficiency of investigating security alerts, resulting in enhanced protection of critical data and assets at a national programme level and within local Trust level projects.",[https://ibmgbs.loopio.com/library?entry=4789540]
4789542.md,"Evidence of providing a searchable, collaborative capability for capturing and maintaining key security architecture knowledge",Large UK Retail client (unnamed),Retail,"Seismic platform, Git, Confluence, Jira","The project involved working with the client‚  security team and suppliers to build a model of their systems and store them in suitable solutions based on the client‚  preferred approach. A central security website was developed using the Seismic platform, featuring an easy‚ to‚ navigate structure that collated all security documentation into one central location. The team collaborated across all suppliers to ensure data accuracy and implemented processes to keep information up to date. Additionally, common open collaboration tooling such as Git, Confluence, and Jira were used to provide similar searchable repositories.","[Centralized security documentation in a single accessible platform, Improved data accuracy through supplier collaboration, Established processes for ongoing maintenance of security information]",[https://ibmgbs.loopio.com/library?entry=4789542]
4789544.md,NIST based Cloud Security maturity assessment for DWP,Department of Work and Pensions (DWP),"Public Sector, Government","AWS, Azure","IBM Global Business Services performed a NIST-based cloud security maturity assessment for the UK Department of Work and Pensions. The assessment identified weaknesses in DWP‚  cloud security posture and provided recommendations to strengthen controls, mitigate risks, and improve compliance with regulatory requirements.","[Identification of security gaps, Recommendations for improvements and remediation plans, Enhanced alignment with NIST standards]",[https://ibmgbs.loopio.com/library?entry=4789544]
4858827.md,Modernising Etihad Airways Check‚ In Platform,Etihad Airways,"Aviation, Airline",,"IBM‚  Data Modellers‚Äô Guild provided oversight, coaching and mentoring to data architects and modelers at Etihad Airways as they modernised the airline‚  check‚ in platform. The team focused on reducing complexity, cutting down the number of data model tables, and updating reference data that underpinned the system. Knowledge was also shared with the wider team to up‚ skill them, improving analytical efficiency through a column‚ orientation model and lowering data‚ related infrastructure costs.",[70% increase in successful check‚ in rates],[https://ibmgbs.loopio.com/library?entry=4858827]
4858830.md,Evidence of ensuring compliance with data standards and managing the governance of those standards,HMRC (Her Majestys Revenue and Customs),"Government, Public Sector",,"IBM partnered with HMRC to establish a rainbow Technical Design Authority (TDA) aimed at enhancing standards compliance and overall governance maturity. Working alongside HMRC‚  Chief Architect, IBM defined TDA terms of reference, developed a process framework, and implemented systems engineering gateways to evaluate solution viability and adherence to data standards. The team built design review processes that optimized solutions and captured metrics, feeding these back into governance processes to support continuous improvement.",The approach led to an architectural artefact defect rate of less than 1%.,[https://ibmgbs.loopio.com/library?entry=4858830]
4858832.md,Evidence of providing oversight and advice to other data professionals undertaking the design of data models and supporting the management of data dictionaries,Multinational Bank (unnamed),"Banking, Financial Services",,"IBM provided oversight and advisory services to a multinational bank in designing a new data platform, including data governance management and multiple data architecture artefacts. The engagement focused on resolving inconsistencies between local and global terminologies and disparate metadata repositories. By adopting Egeria, the open-source metadata standard that IBM supports, the bank was able to federate metadata across systems and achieve consistent metadata enterprise-wide.",Consistent metadata across the organization; improved data governance; resolution of terminology conflicts; unified metadata repository.,[https://ibmgbs.loopio.com/library?entry=4858832]
4858833.md,Etihad Airways Azure Big Data Analytics Platform,Etihad Airways,"Airlines, Aviation",Azure,"IBM developed Etihads Azure Big Data Analytics platform featuring a centralised data lake, modernised data models and metadata strategies to provide a single version of truth. The solution delivered tailored data models and simple reports/dashboards for business users, enabling them to address data quality issues and improve operational efficiency.",[70% increase in successful check‚ in rate],[https://ibmgbs.loopio.com/library?entry=4858833]
4858839.md,Stop the Traffik,Stop the Traffik charity programme,"Non‚ profit, Human trafficking prevention",,IBM designed a service that aggregates complex data sets from multiple sources and presents them in readable reports and dashboards for analysts. The solution was deployed to support law enforcement investigations into human trafficking activities.,"[Led to multiple law‚ enforcement investigations across 16 countries, Significantly disrupted trafficking operations for several months]",[https://www.ibm.com/case-studies/stop-the-traffik]
4858842.md,HO‚  NLEDP Critical National Infrastructure Programme,Home Office (UK Government),"Public Sector, Government",,"During 2020, 15 SFIA level‚ÄØ3‚ 6 data architects and engineers were placed across multiple rainbow teams to support application and database design and build for the Home Office‚  NLEDP Critical National Infrastructure programme. The team created definitions for data models aligned to DDaT and Portfolio strategy and standards such as POLE, provided oversight and leadership to SFIA‚ÄØ3/4 professionals in multi‚ supplier teams, and established a cross‚ programme Data Community of Practice that reviewed data model changes, escalated key decision recommendations to the portfolios and improved collaboration across teams.","[Defined data models aligned with DDaT and POLE standards, Provided leadership and oversight for multi‚ supplier teams, Established a Data Community of Practice improving decision making and team collaboration]",[https://ibmgbs.loopio.com/library?entry=4858842]
4865303.md,Clear understanding of what good governance looks like and how to implement improvements,HMRC (Her Majestys Revenue and Customs),"Public Sector, Taxation & Customs",,IBM worked with HMRC to lead the creation of programme governance across rainbow teams to increase process and governance maturity. Working with HMRC‚  senior leadership we established terms of reference and a process framework to drive improvements that were handed to delivery teams to improve their planning. We ran technical forums to assess solution viability and build progress. We built Design Review processes to optimise solutions and capture metrics that led to continuous improvement initiatives.,"Increased process maturity, ongoing governance throughout delivery, and improvement of architectural methods has led to an architectural artefact defect rate of &lt; 1%.",[https://ibmgbs.loopio.com/library?entry=4865303]
4865306.md,Stop‚ the‚ Traffik Case Study,Stop‚ the‚ Traffik,"Human Trafficking Prevention, Social Services",,"IBM delivered a service that aggregates complex data sets from multiple sources and presents them in analyst-friendly reports and dashboards. The solution enabled the charity to analyze large volumes of information, leading to actionable insights for law enforcement. A single report generated investigations across 16 countries, significantly disrupting trafficking operations for several months.","[Enabled rapid decision‚ making by business community, Led to multi‚ country law enforcement investigations, Disrupted human trafficking activities for several months]",[https://www.ibm.com/case-studies/stop-the-traffik]
4865308.md,Deployment of SFIA Level 3-5 Delivery Managers to DWPs CIS/CNI Programme,Department for Work and Pensions (DWP),"Government, Public Sector",,"In 2020, a team deployed 15 SFIA level‚ÄØ3‚ 5 delivery managers to support the Department for Work and Pensions‚Äô CIS/CNI programme. The managers led an integrated teaming approach across three separate projects, each with distinct shared delivery responsibilities. Their role was to accelerate value delivery by moving the programme into increasingly agile cycles, manage RAID items, resolve issues, and keep delivery on track. They also oversaw a complex multi‚ supplier portfolio that included delivering a new front‚ end application, upgrading the software stack across the core system, and migrating into a new Crown Hosting environment‚Äîall without impacting the 250 systems dependent on CIS.","[Accelerated agile delivery cycles, Improved issue resolution and RAID management, Successful migration to Crown Hosting with zero impact on existing systems, Enhanced coordination across multi‚ supplier portfolio]",[https://ibmgbs.loopio.com/library?entry=4865308]
4902403.md,Home Office Law Enforcement Data Service (LEDS) Cloud Platform Implementation,Home Office,"Government, Public Sector, Policing",AWS,"The Home Office Law Enforcement Data Service (LEDS) required a secure, robust cloud platform to store sensitive policing data. IBM provided support and design advice to create an AWS-based cloud platform with high automation that met stringent security requirements. This enabled the Home Office to successfully transfer data from the Police National Computer and Police National Database to public cloud for the first time.","[Enabled secure transfer of sensitive policing data to public cloud, Established a scalable, automated AWS platform meeting strict security standards, Facilitated future expansion with the Law Enforcement Cloud Platform (LECP)]",[https://ibmgbs.loopio.com/library?entry=4902403]
4902405.md,Home Offices highly secure Semaphore service,Home Office (UK Government),"Public Sector, Government",ACP Kubernetes platform,"The Home Office‚  Semaphore service is a highly secure messaging system that exchanges data with over 150 airlines and police forces. Originally deployed on-premises, the solution was migrated to the ACP Kubernetes platform as organisational architectural standards evolved. During this transition, automated code quality reviews were introduced using SonarQube, peer reviews were supplemented, and test automation expanded to include end‚ to‚ end system testing. Design documentation produced for the project has been reused by client architects in TDA and shared across wider sessions.","[Successful migration from on-premises to a cloud-native Kubernetes platform, Enhanced security and compliance with evolving organisational standards, Improved code quality through automated reviews and peer checks, Increased test coverage via end‚ to‚ end automation, Reusable design documentation benefiting other projects]",[https://ibmgbs.loopio.com/library?entry=4902405]
4902406.md,IaaS Platform Implementation for Scottish Government,Scottish Government,"Public Sector, Government","AWS IaaS (Auto-Scaling, Elastic Load-Balancing)","IBM designed and delivered an AWS IaaS platform for multiple delivery organisations within the Scottish Government, including case management and front‚ line services. The platform was built with automated immutable builds, continuous improvements, DevOps tooling, and incident triage support. IBM staff managed patching, monitoring, and rapid recovery processes.

The solution enabled rapid service restoration after a complete AWS Availability Zone failure, ensuring that case‚ working teams were operational the next working day and citizens applying for benefits experienced no outage. Knowledge transfer was conducted to transition support responsibilities primarily to Scottish Government staff, aligning with upskilling commitments.

IBM also recommended migration from CHDP, containerisation, and cross‚ environment monitoring to optimise utilisation and capacity planning across cloud and on‚ premises platforms.","[Rapid recovery after AZ failure ‚Äì services operational the next day, No outage experienced by citizens applying for benefits, Successful knowledge transfer to SG staff, Improved platform stability through automated builds and DevOps tooling]",[https://ibmgbs.loopio.com/library?entry=4902406]
4902409.md,Scottish Government AWS IaaS Platform Implementation,Scottish Government,"Public Sector, Government","AWS S3, EC2, EFS, VPC, Application Load Balancer, Network Load Balancer, Classic Load Balancer, Lambda, CloudWatch, CloudTrail, RDS, Direct Connect, ELK Stack, Jenkins, GitLab, Artifactory","IBM leveraged its 6,000 certified AWS architects to design, create and maintain an AWS IaaS platform for the Scottish Government. The solution supports customer‚ facing and case‚ working functions using a technology stack that mirrors the Home Office‚  own environment. Key components include object storage (S3), compute instances (EC2, EFS), networking (VPC, Route †53, Transit Gateway), load balancing (ALB, NLB, CLB), serverless functions (Lambda), monitoring and logging (CloudWatch, CloudTrail, Kinesis Firehose, ELK Stack), database services (RDS with encryption, multi‚ region replication, read replicas), on‚ premises connectivity (Direct Connect), continuous integration pipelines (Jenkins, GitLab) and artifact management (Artifactory). The engagement demonstrates IBM‚  ability to apply agile, product‚ centric practices across public sector projects and showcases expertise in maintaining complex AWS environments.","[Demonstrated capability to replicate Home Office technology stack for a government client, Implemented scalable, secure, and monitored infrastructure supporting critical customer services, Applied agile and product‚ centric methodologies to deliver the platform efficiently]",[https://ibmgbs.loopio.com/library?entry=4902409]
4903467.md,Data Governance & Assurance Assessment for the Department for Work and Pensions (DWP),Department for Work and Pensions (DWP),"Public Sector, Government",AWS,"IBM performed a data governance and assurance assessment of DWP‚  existing data landscape, analysing current processes and drawing on industry research. The engagement helped refine DWP‚  roadmap, identify priority initiatives, and implement new processes and tooling to improve data management across multiple workstreams, ensuring consistency and quality.","[Improved data management across multiple workstreams, Enhanced data consistency and governance, Clear prioritised backlog for future initiatives]",[https://ibmgbs.loopio.com/library?entry=4903467]
4903468.md,Digital Self‚ Serve Disclosure Application for DBS,DBS (UK Police Record Checks),"Public Sector, Government Services","Node.js, React","The project involved developing a new digital service on GOV.UK that allows citizens to self‚ serve basic disclosure applications. Working closely with DBS, the team built the application using Node.JS and React, conducted shadow GDS assessments throughout sprint cycles, iteratively prototyped and user‚ tested the design against user needs, and confirmed compliance with the 14 current GDS service standards.","[Passed the real GDS Alpha Assessment on first attempt, Won the Institute of Customer Service Award for Best Use of Customer Insight in 2020]",[https://ibmgbs.loopio.com/library?entry=4903468]
4903469.md,Rapidly Iterating on a Live Service While Maintaining and Improving Quality Standards,Social Security Scotland,"Public Sector, Government Services",AWS,"The project involved building a new benefits system for Social Security Scotland (SSS) on AWS within one year, followed by continuous enhancements that introduced new benefit types every six weeks. The team implemented robust DevOps practices, including automated testing and deployment pipelines with SonarQube scanning for security, code quality, and regression testing to provide fast feedback loops. Architectural health was safeguarded through architectural fitness functions and Well‚ Architected Framework reviews, leveraging close collaboration with AWS. The approach enabled rapid delivery while preserving system stability, extensibility, and maintainability.","[Won the MCA Award for Best Change and Transformation Project in Public Sector 2020, Achieved frequent, high‚ quality releases every six weeks, Improved code health and architectural integrity through automated quality checks and DORA metrics]","[https://ibmgbs.loopio.com/library?entry=4903469, https:/cloud.google.com/blog/products/devops-sre/using-the-four-keys-to-measure-your-devops-performance]"
4903473.md,Basic Check Service Delivery at the Disclosure and Barring Service,Disclosure and Barring Service (DBS),"Public Sector, Government Services",,"IBM partnered with DBS to deliver the Basic Check Service, employing joint teams that adopted a ‚Äòone‚ team‚Äô mentality. The project focused on integrating IBM‚  digital solutions into DBS‚  existing processes while embedding IBM staff within DBS teams from day one. Knowledge transfer and collaborative working were central, ensuring that both parties could learn from each other and support the platform‚  evolution over time.","[Established a true one‚ team mindset where team members did not differentiate between IBM or DBS roles, Facilitated continuous knowledge sharing and skill development across both organizations, Enabled smoother project milestones through joint planning, bootcamps, and large‚ scale playbacks and testing]",[https://ibmgbs.loopio.com/library?entry=4903473]
4903483.md,Disclosure and Barring Service ‚Äì basic check GOV.UK service,Disclosure and Barring Service (UK),"Public sector, Government services",,"IBM provided a skilled, security‚ cleared team to develop and support the ‚Äòbasic check‚Äô GOV.UK service for the Disclosure and Barring Service. The team worked in blended agile squads with in‚ house staff, maintaining a single backlog and allocating capacity each sprint for level 3 support while delivering new features. Sophisticated automation was implemented to accelerate time to value and maximise development and support capacity.","[Nearly zero unplanned downtime, Front‚ end web availability rate over 99.9%, Accelerated time to value]",[https://ibmgbs.loopio.com/library?entry=4903483]
4916509.md,Scotland‚  first social security platform,Scottish Government (Social Security Service),"Public Sector, Government Services",,"The project delivered Scotland‚  first digital social security platform focused on user‚ centric design. Over 480 research sessions were conducted to understand applicant pain points, such as repetitive data entry and time wasted by health professionals verifying forms. By collaborating with other engineering teams, the solution integrated results from an existing electronic registration process, eliminating the need for paper forms and streamlining the application workflow.","[Elimination of paper forms, Improved user experience for pregnancy payment applicants, Recognition with the 2020 MCA award for Change and Transformation in Public Sector]",[https://ibmgbs.loopio.com/library?entry=4916509]
4916567.md,Case Study: Department of Work and Pensions (DWP),Department of Work and Pensions (DWP),"Government, Public Sector","AWS, Terraform, Docker, Puppet, GitHub, Azure? (not explicitly mentioned but implied by cloud hosting)","IBM delivered a range of cloud‚ hosted, business‚ critical services for the UK Department of Work and Pensions (DWP). The engagement covered digital design, cloud hosting, agile delivery, continuous improvement, security, and automated provisioning. Key projects included a batch file transfer platform for system integration (CIS), a public‚ facing ‚ÄòGet Your State Pension‚Äô portal hosted on GOV.uk, and automated infrastructure-as-code pipelines using Terraform, Docker, Puppet, GitHub, Bash, Python and MongoDB.

IBM applied its Digital Reinvention methodology, GDS service standards, DevSecOps practices, and world‚ class incident management to improve reliability, security, and operational efficiency across DWP‚  estate.","[Reduced major and priority 1 incidents by over 74% through prioritised remediation and WCS initiatives, Successfully passed GDS Alpha and Beta assessments on first attempt, enabling live service on GOV.uk, Delivered a scalable, secure batch file transfer platform handling hundreds of files daily for 10+ million citizens, Automated provisioning of cloud environments via Terraform and Docker enabled rapid creation of test and production sandboxes]",[https://ibmgbs.loopio.com/library?entry=4916567]
4926597.md,BP User-First Innovation Pipeline via Garage Delivery,BP,"Oil & Gas, Energy",,"At BP, we leveraged our Garage delivery methodology to put users and innovation at the heart of their enterprise, driving a cultural transformation across multiple organisations within the BP Group. We led this change through building diverse, empowered teams that partnered with users to quickly create and scale new innovative ideas that met their needs. Our process built new practices to help define the business opportunity, prototype solutions and then scale using a value-driven and user-centric approach. This approach has enabled BP to establish a user first innovation pipeline, testing 100s of ideas and promoting the most valuable into production.","[Cultural transformation across multiple organisations within BP Group, Established a user-first innovation pipeline, Tested hundreds of ideas and promoted the most valuable into production]",[https://ibmgbs.loopio.com/library?entry=4926597]
4952382.md,TSB Bank Customer Lockout Recovery,TSB Bank,"Banking, Financial Services",,"When 1.9 million customers were locked out of their accounts, TSB Bank turned to IBM for support. IBM worked with the bank and its suppliers to restore the platform and rebuild customer trust.","[Platform restored, Customer trust rebuilt]",[https://ibmgbs.loopio.com/library?entry=4952382]
4952385.md,BP Product‚ Centric App Development,BP,Oil & Gas,,"BP needed a product‚ centric approach to identify user problems with their existing app and determine the best solutions. IBM coached BP‚  Product Managers and Product Owners to prioritise value using data from built‚ in analytics, enabling the application to move from idea to live within three months. The project included aligning L2 capability for smooth onboarding, reserving sprint capacity for bug resolution, and continuously improving the app based on user‚ interaction data.","[App launched in 3 months, App‚ Store rating increased from 1 to 4.1 stars within 6 months]",[https://ibmgbs.loopio.com/library?entry=4952385]
4952424.md,Case Study ‚Äì architecture service,HMRC (Her Majestys Revenue and Customs),"Public Sector, Government Taxation",,"IBM has run an Architecture Service for over three years, supporting HMRC‚  Customs Declaration Service (CDS). The service manages a multi‚ vendor architecture practice on behalf of the customer, reporting directly to HMRC‚  Chief Architect. IBM built out the service, introduced Business Architecture, and added robust quality gates to the Scaled Agile process, including TDAs across suppliers. The team now consists of 55% IBM architects, 20% contractors/suppliers, and 25% Civil Servants, with plans to add 10 more architects in the next few months. The service focuses on leadership, design, viability assessments, defect resolution support, training, and culture building across a diverse ecosystem.

Key outcomes include:
- Significant improvement in overall design quality and reduction in defects.
- Enhanced collaboration and reduced silos between suppliers and Civil Servants.
- Creation of a model training environment for junior architects, strengthening HMRC‚  civil service capability.
- Provision of a scalable, flexible resource model that can adapt to demand fluctuations.","[Improved design quality, Reduced defects, Enhanced cross‚ vendor collaboration, Training and development of junior architects]",[https://ibmgbs.loopio.com/library?entry=4952424]
5103648.md,Delivery Approach for Disclosure and Barring Service,Disclosure and Barring Service,"Public Sector, Government Services",,"IBM implemented a multi‚ channel delivery approach combining internal resource management with external SME suppliers to meet the rapid and flexible demand of the Disclosure and Barring Service (DBS). The team provided a skilled, security‚ cleared workforce to develop and support the ‚Äòbasic check‚Äô GOV.UK service. Working in blended teams using agile delivery, IBM maintained a single backlog for development while allocating capacity for support each sprint. This enabled continuous release of significant new features alongside ongoing support.","[Maintained high utilisation of the workforce, Adapted quickly to changing demand, Delivered support and released new features on schedule]",[https://ibmgbs.loopio.com/library?entry=5103648]
5140868.md,First‚ of‚ a‚ kind agile and iterative transformation for DWP,Department for Work & Pensions (DWP),"Public sector, Government services",,"IBM worked with DBS to co‚ work in an agile environment on a first‚ of‚ a‚ kind agile and iterative transformation project for DWP. The joint teams delivered transparently, encouraged attendance at sprint reviews, ran regular lunch and learns to share knowledge and cross‚ pollinate ideas. They followed GDS Service Manual principles and Site Reliability Engineering methodology: agile, incremental and user‚ focused delivery.","[Project became a key reference project for DWP, Won the best public sector project at the national Technology Awards]",[https://ibmgbs.loopio.com/library?entry=5140868]
5140871.md,Home Office Migration onto AWS,UK Home Office,"Government, Public Sector",AWS,"For the Home Office, IBM is migrating components of Semaphore onto AWS, utilising a container platform. The project required joint working between IBM and the Home Office platform teams to enable an effective migration, building on our respective areas of expertise. To share knowledge and experiences, we developed knowledge transfer plans, rotated in SMEs, facilitated lunch and learns and built communities of practice. The upskilling focussed on all aspects of the DevOps team and completed successfully; since this we have finished development, passed multiple test phases and the operations team are now leading implementation and the carrier cutover phase.","[Successful completion of development, Passed multiple test phases, Operations team now leading implementation and carrier cutover, Upskilling of DevOps team]",[https://ibmgbs.loopio.com/library?entry=5140871]
5141164.md,Case Study ‚Äì Large Government Department using SAFe,Defence and Intelligence Government Department,"Public Sector, Government",,"IBM delivered a portfolio of work across multiple directorates for a defence and intelligence government department, managing over ten applications from proof‚ of‚ concept to support and maintenance. A rainbow team of about 90 resources (IBM, client and other suppliers) implemented a scaled agile framework based on SAFe, establishing governance structures, decision‚ making thresholds, risk management, and integrated sprint planning across six scrum teams. The approach unified product roadmaps, aligned with existing reporting formats, coordinated dependencies with other vendors and departments, and provided continuous professional development including free Product Owner training.","‚Ä¢ Implemented a scalable agile delivery model that improved coordination across multiple directorates.
‚Ä¢ Established governance and decision‚ making frameworks that complemented existing structures.
‚Ä¢ Unified risk view and mitigation plans across teams.
‚Ä¢ Delivered integrated product roadmaps visible to senior stakeholders, enabling better prioritisation of features and dependencies.",[https://ibmgbs.loopio.com/library?entry=5141164]
5141216.md,ServiceNow Implementation at DWP,Department for Work and Pensions (DWP),"Public Sector, Government",ServiceNow,"Since February 2016, IBM has supported the Department for Work and Pensions (DWP) in deploying ServiceNow across all ITIL disciplines‚Äîincluding incident, problem, change, and knowledge management. The implementation involved a blended team of IBM developers and service managers working alongside DWP staff and other suppliers to expand the use of the ServiceNow toolset throughout the estate. A key focus was rolling out the service request component for data service requests, enabling more efficient handling of user needs.","Enhanced ITIL process coverage across the organization; improved efficiency in incident, problem, change, and knowledge management workflows; streamlined data service request handling through a dedicated ServiceNow component.",[https://ibmgbs.loopio.com/library?entry=5141216]
5141226.md,IBM XFR extends Burp Suite for Financial Institutions,Two major financial institutions (unnamed),Finance,Portswigger Burp Suite,"Evolving technologies and the wide-ranging test scenarios required to avoid security exposure risk necessitate IBM XFR teams undertaking bespoke development using test tooling, including Portswigger Burp Suite, to achieve the required breadth of test coverage. Within two major financial institutions IBM specialists have extended the Burp framework to enable functionality otherwise restricted by security policies in order to identify potential security vulnerabilities in the estate and have used Burp extensions to test custom cryptographical protocols for mobile banking applications.","[Identified potential security vulnerabilities across the estate, Enabled testing of custom cryptographic protocols for mobile banking apps]",[https://ibmgbs.loopio.com/library?entry=5141226]
5141230.md,Delivery of a Highly-Automated Development & Operations Platform for Scottish Benefit Services,Scottish Government,"Public Sector, Government Services",AWS,"The IBM AWS team led the design, build, migration and ongoing operations of a cloud‚ native, highly automated, secure, resilient and high‚ performance Development & Operations platform that powers Scottish benefit services. The project involved architecting the technical foundation, developing solutions, and ensuring compliance with government security requirements for large‚ scale, business‚ critical services.","‚Ä¢ Accelerated deployment and automation of benefit service workflows
‚Ä¢ Enhanced security posture through AWS best practices and dedicated security specialists
‚Ä¢ Improved platform resilience and performance to support high user demand
‚Ä¢ Streamlined operations and reduced operational overhead for the Scottish Government",[https://ibmgbs.loopio.com/library?entry=5141230]
5141238.md,DWP Searchlight CI Pipeline Implementation,Department for Work & Pensions (DWP),"Public Sector, Government Services","GitLab CI/CD, Artefactory","IBM helped the DWP establish a continuous integration pipeline and testing capability for the Searchlight application. The solution leveraged GitLab CI/CD for automated build, test, and deployment processes, and Artefactory as an artifact repository. IBM worked in a joint team with DWP testers to perform functional and non‚ functional testing using JUnit and Wiremock, enabling automated testing of microservices within a continuous integration pipeline.","[Established a fully integrated CI/CD pipeline for Searchlight, Enabled automated functional and non‚ functional testing, Improved deployment speed and reliability, Enhanced collaboration between IBM practitioners and DWP testers]",[https://ibmgbs.loopio.com/library?entry=5141238]
5141240.md,Event‚ Driven Architecture Implementation at a Large UK Public Defence Agency,Large UK Public Defence Agency (unnamed),Defense/Public Sector,AWS,"IBM enabled the agency to transition to an event‚ driven architecture by implementing an event streaming solution hosted on AWS. The initial deployment supports transfer of information between existing systems and will be extended to enable information exchange with event‚ driven microservices. IBM developed test solutions using Cucumber, Selenium, JMeter, RestAssured, CloudWatch and ELK stack to automate functional and non‚ functional testing of the event streaming capability and the information exchange functionality deployed.",Automated functional and non‚ functional testing of the event streaming solution; improved reliability and scalability of data transfer between legacy systems and microservices; continuous improvement of test solutions through IBM‚  large test automation practice.,[https://ibmgbs.loopio.com/library?entry=5141240]
5141241.md,Automated Security and Performance Test Solution for Scottish Government Social Security (Low Income Benefit),Scottish Government Social Security (Low Income Benefit),"Public Sector, Government Social Services","LoadRunner, JMeter, OWASP, Checkmarx, GuardDuty, Scout2","IBM implemented an automated security and performance testing solution to test microservices applications that supported the administration of Low Income Benefits for the Scottish Government. The team, with an average experience of 9+ years, used LoadRunner and JMeter to automate transaction load, while OWASP, Checkmarx, GuardDuty, and Scout2 were employed to conduct comprehensive security and performance tests. The solution was validated by a faultless independent penetration test and successfully handled a surge in new claims registrations that exceeded the volumetric estimates provided by the business.","[Validated testing capability through an independent pentest, Successfully managed increased claim registration volume beyond initial estimates]",[https://ibmgbs.loopio.com/library?entry=5141241]
5141242.md,IBM Decomposes LBG‚  Monolithic Applications into Containerised Microservices,LBG,Financial Services,"Kubernetes, Multi‚ Cloud (On‚ Prem, Public‚ Private, Hybrid)","IBM is collaborating with a large UK financial sector client, LBG, to define and implement strategies that safely and securely decompose their large monolith applications into containerised, event‚ driven microservices. These microservices will run on varying cloud architectures including on‚ premises, public‚ private, or hybrid multi‚ cloud environments.","Successful migration of legacy monolithic systems to a modern, scalable microservice architecture using Kubernetes, enhancing security and operational flexibility across multiple cloud platforms.",[https://ibmgbs.loopio.com/library?entry=5141242]
5141243.md,IBM Partnership with the Department for Work and Pensions (DWP),Department for Work and Pensions (DWP),"Public Sector, Government Services",,"IBM has partnered with DWP over many years to deliver joint outcomes, build in-house capability through coaching, mentoring and knowledge sharing. In the last three years IBM helped DWP complete SSBA Exit and supported its transformation towards a World Class Service/Operations model. IBM also contributed to building DWP‚  Digital Capability at a strategic level, providing AD/AM services for applications and collaborating on the development of Digital Platform microservice applications. This partnership has positioned IBM as an unrivalled ally aligned with DWP culture and values.","[Successful completion of SSBA Exit, Support for transformation to World Class Service/Operations model, Enhanced digital capability at strategic level, Strengthened alignment between IBM and DWP culture]",[https://ibmgbs.loopio.com/library?entry=5141243]
5141253.md,Rapid iterative prototyping secure digital solutions for Scottish Government Social Security Scotland agency,Scottish Government,"Public sector, government services",,"We are the agile delivery partner for Scottish Government, helping them to establish their Social Security Scotland agency by creating a common platform to launch the first benefits for low income families. We took a user‚ centred design approach from the outset, performing research with diverse groups of people, design led by real user needs, rapidly prototyping concepts and then iterating based on user feedback.","[First benefit launched 6 months early, Met strict security requirements, Digital uptake of 90%, Average completion times less than 5 minutes, Incredibly high satisfaction ratings from users]",[https://ibmgbs.loopio.com/library?entry=5141253]
5141254.md,Basic Service customer self‚ serve application,Disclosure and Barring Service (DBS),"Government, Public Sector ‚Äì Security & Recruitment Services","GOV.UK Verify platform, SAML-based integration with the Hub for identity assurance","The project delivered a ‚ÄòBasic Service‚Äô customer self‚ serve application for the Disclosure and Barring Service, enabling employers to make informed recruitment decisions that protect children and vulnerable adults. The solution was built on the GOV.UK Verify platform, incorporating a SAML‚ based integration with the Hub for identity assurance to provide personal workflow access. User personas and stories were created to reflect varying levels of experience and digital literacy, and iterative prototyping and user testing informed key design decisions, including accessibility enhancements that reduced dropout rates.","[Live application with 1000+ daily customers, Scored an exemplar rating in the GDS assessment against 18 Digital Service Standard criteria, Improved accessibility and reduced customer drop‚ off]",[https://ibmgbs.loopio.com/library?entry=5141254]
5141257.md,New Registration Service for Food Businesses,Food Standards Agency (FSA),"Food & Beverage, Regulatory Services",,"At FSA, we successfully delivered a completely new registration service for food businesses to optimise the inspection work that food officers do every day. Success relied on rapidly understanding user needs, planning iteratively, and prototyping early. In discovery we performed user research with businesses, policy leads, Local Authorities and FSA data scientists defining an accessible, straightforward process for digital, phone, and physical channels. This approach allowed us within 4 weeks of starting to identify suitable verification options for food business owners, including people and companies focusing on better understanding what data we really needed to collect to verify their existence.","Rapid user‚ centric design led to a streamlined registration process that supports multiple channels (digital, phone, physical), enabling food officers to conduct inspections more efficiently. The project demonstrated the value of early prototyping and iterative planning in delivering a service that meets diverse stakeholder needs within a short timeframe.",[https://ibmgbs.loopio.com/library?entry=5141257]
5141259.md,Integration Modernisation Programme at DWP,Department for Work & Pensions (DWP),"Public Sector, Government",,"The programme involves collaborative work across multiple development strands and locations‚Äîincluding Manchester, Newcastle, Preston, and Bangalore, India‚Äîdriven from a central product vision and backlog. It is managed against a core set of quality criteria that are adhered to through both static and automated validation. The joint delivery model has enabled the programme to achieve significant cost efficiencies and streamline processes across the portfolio of applications.","[Saved approximately  £20 million in reduced proprietary software licenses, deployment costs, and manual data gathering across the application portfolio., Ongoing work on open data integration initiatives across government aims to generate further financial savings.]",[https://ibmgbs.loopio.com/library?entry=5141259]
5141262.md,Searchlight Digital Project,Department for Work & Pensions (DWP),"Public Sector, Government Services",,"DWP and IBM successfully delivered the Searchlight digital project, winning DWP flagship project of the year and Best Public Sector Project award at the 2018 National Technology Awards. Working together as an agile team, adopting a user‚ centric iterative design approach and IBM Design Thinking, DWP and IBM developed and deployed a new digital front‚ end for the Customer Information System (CIS), fully aligned with GDS methods. Supporting over 80,000 users within DWP, HMRC and Local Authorities across the UK, the improved data quality and major efficiency improvements of Searchlight are enabling users to spend thousands more hours focussed on front‚ line services.","Improved data quality, significant efficiency gains, and thousands of additional hours for frontline service delivery.",[https://ibmgbs.loopio.com/library?entry=5141262]
5141263.md,IBM delivers Kubernetes-based microservices for Home Office and a major European bank,Major European Bank,"Financial Services, Banking","AWS, Amazon EKS","IBM has designed and built full infrastructure services to develop, test and operate cloud‚ native applications on AWS using Amazon Elastic Kubernetes Service (EKS) and other AWS services. The implementation supports a microservices‚ based architecture for core banking capabilities, addressing non‚ functional requirements such as security (including container image security), scaling, high availability across multiple availability zones, resilience, and zero downtime. IBM also applies similar Kubernetes solutions at the UK Home Office to deliver highly available, scalable, secure and resilient applications based on containers.","[High availability and scalability of core banking services, Improved security with container image scanning, Zero‚ downtime deployments, Enhanced resilience across multiple availability zones]",[https://ibmgbs.loopio.com/library?entry=5141263]
5141264.md,IBM supports DWP to deliver automated provisioning of cloud services for CIS‚ R,Department for Work & Pensions (DWP),"Public Sector, Government",AWS,"IBM worked with the Department for Work and Pensions (DWP) to automate the provisioning of cloud services for the CIS‚ R system. Using Infrastructure‚ as‚ Code tools such as Terraform, Docker, Puppet, GitHub, Bash, Python and MongoDB, IBM enabled DWP to fully rebuild infrastructure and deploy new environments in a DevOps‚ based approach. The solution includes automated configuration deployment to devices and a complete route‚ to‚ live process that supports development, testing and production release.",[Automated creation of new swimlane and test environments for CIS],[https://ibmgbs.loopio.com/library?entry=5141264]
5141266.md,Microservices Migration at a Major European Bank,Major European Bank (unnamed),"Banking, Finance","Azure, AWS, Kubernetes, Cloud Foundry","IBM development teams are assisting a large European banking client with the elaboration and migration of hundreds of microservices applications to private and public cloud services. The approach includes refactoring Cloud Foundry-based applications to run on Kubernetes, leveraging different database services, and addressing security and operational impacts associated with these changes.",Not explicitly detailed in the document; the focus is on IBM‚  method for migration and refactoring of microservices across Azure and AWS environments.,[https://ibmgbs.loopio.com/library?entry=5141266]
5141280.md,IBM SlamTracker,Wimbledon,"Sports, Tennis Event",Adobe Analytics,"IBM developed IBM SlamTracker to allow fans to check each player‚  key statistics and follow their progress in real time during matches. The system processes over 41 million data points‚Äîincluding past performance, pressure situations, tactics, ball position, and location data‚Äîusing predictive analytics technology and visualises the results through Adobe Analytics.","[Real‚ time fan engagement with detailed player metrics, Enhanced match viewing experience via interactive dashboards]",[https://ibmgbs.loopio.com/library?entry=5141280]
5141284.md,BP utilizing Power BI,BP,"Oil & Gas, Energy",Power BI,"IBMs UK Data and Advanced Analytics Practice worked with BP to develop high‚ quality embedded analytics using Power BI. The solution enabled data insights by geography, time and product, delivering a new data‚ driven service that was built at scale using agile practices. The implementation produced over 21,000 web pages in 29 languages.","[Delivered a scalable, data‚ driven service across multiple geographies and languages]",[https://ibmgbs.loopio.com/library?entry=5141284]
5141292.md,Castrol Digital Presence Transformation,Castrol,"Oil & Gas, Automotive","Adobe Live-Cycle, Adobe Forms","IBM mobilised a team to simplify Castrol‚  fragmented digital presence. The client had 30 different sites worldwide, 74 distinct designs and multiple form platforms. IBM migrated the legacy Adobe Live‚ Cycle environment to a single responsive website built on Adobe Forms, enabling consistent branding across devices, supporting 29 languages and covering 43 countries.","[Unified, simplified web experience, Reduced number of sites from 30 to 1, Consistent design across all regions, Multi‚ device compatibility, Support for 29 languages and 43 countries]",[https://ibmgbs.loopio.com/library?entry=5141292]
5141293.md,Immediate Capacity to Supply Technical Skills for Documentum Administration,Unnamed International Oil & Gas Company,Oil & Gas,"Documentum Content Server, Documentum Retention Policy Services, Documentum Webtop client","IBM mobilised a team of 50 experienced resources to support the Documentum portfolio at an international oil and gas company. The team performed corrective and proactive maintenance, key‚ user support, performance tuning, and executed enhancement projects to improve service quality and optimise operational costs.","[Improved quality of services to business divisions, Optimised operational costs]",[https://ibmgbs.loopio.com/library?entry=5141293]
5141294.md,Nationwide Building Society Web/Mobile Transformation,Nationwide Building Society,"Banking, Financial Services","IBM HTTP Server, JQuery Mobile, HTML5, CSS3, Java 1.7, Javascript, IBM WebSphere Experience Factory","IBM provided a pool of experienced web and mobile developers to support the development and enhancement of Nationwide Building Society‚  web and mobile portals. Leveraging IBM HTTP Server, JQuery Mobile, HTML5, CSS3, Java 1.7, Javascript, and IBM WebSphere Experience Factory products, the team delivered a comprehensive multichannel transformation strategy that modernized Nationwide‚  online banking experience.","[Delivered a five‚ star web/mobile banking experience for Nationwide‚  customers, Enabled a seamless multichannel service offering across web and mobile platforms]",[https://ibmgbs.loopio.com/library?entry=5141294]
5141300.md,Deutsche Telekom IBM Implemented Siebel System,Deutsche Telekom,Telecommunications,"Siebel System, DevOps model","IBM, a CMMiL5 test organization with 2000 ISTQB certified professionals, implemented a Siebel system for Deutsche Telekom. The project established a DevOps model for deployment and testing, leveraging tools such as HP/Selenium/Worksoft/Rational/Perfecto Mobile and automation frameworks like Cucumber.","Reduced manual testing hours from 23 to 2.5 per cycle, accelerating CMS2012 transformation and improving reliability of environments.",[https://ibmgbs.loopio.com/library?entry=5141300]
5141309.md,Fan Engagement Website for Mercedes-AMG F1,Mercedes-AMG F1,"Automotive, Motorsport",,"IBM iX developed a dynamic fan engagement web application for Mercedes-AMG F1 using modern HTML5, CSS3, and JavaScript. The solution was designed to be responsive across mobile and desktop devices and deployed continuously via containerized environments by an Agile cross‚ skilled team of developers.","Within eight weeks of project commencement, 200,000 fans created accounts on the new application, demonstrating rapid user adoption and successful continuous delivery practices.",[https://ibmgbs.loopio.com/library?entry=5141309]
5141310.md,BP Digital Transformation,BP,"Oil & Gas, Energy","Selenium Webdriver, BrowserStack, Mocha, Jasmine, Jmeter, Taurus, Sonarqube","When we started the partnership with our client BP they had an outdated digital presence which had 30 different sites globally, with 74 different designs. We created one responsive solution for multiple devices, 29 languages and 43 countries. Our delivery was anchored in automated QA and regression testing. The test strategy covered Static, Unit, System, Integration and Performance testing, using products including Selenium Webdriver and BrowserStack, Mocha, Jasmine, Jmeter, Taurus and Sonarqube. The automated wide-coverage enables confidence in pushing direct to users in the fortnightly sprint cycle. Manual testing of specific assistive technologies was performed on a slower cycle.","Implemented a unified responsive digital platform across 43 countries and 29 languages; achieved high test coverage with automated QA, enabling confident fortnightly releases; improved accessibility through manual assistive technology testing.",[https://ibmgbs.loopio.com/library?entry=5141310]
5141316.md,AI Chat Delivery for Vodafone,Vodafone,Telecommunications,,"IBM delivered an AI chat solution for Vodafone that allowed customers to engage with a bot to answer queries and make account changes. To shape the solution and maintain high customer satisfaction, IBM designed and ran a series of user engagement studies, including one-to-one interviews and usability tests. Follow-up interviews with key user groups were conducted to continually refine and improve the chat experience.","[High customer satisfaction retained, Continuous refinement of the AI chat based on user feedback]",[https://ibmgbs.loopio.com/library?entry=5141316]
5141317.md,Online Criminal Record Check Service,Disclosure Barring Service (DBS),"Public Sector, Government Services",,"IBM designed an online criminal record check service for the Disclosure Barring Service, which has now entered Beta. The project was taken through a GDS Alpha assessment against 18 Digital Service Standard criteria and achieved an exemplar rating. From discovery outputs, IBM iteratively prototyped and tested solutions with users, informing key design decisions such as offering a Post Office service option for users uncomfortable verifying identity online. UX was designed in line with the GDS Service Manual, and shadow GDS assessments were built into sprint cycles to continuously ensure that the service design met specific user needs.","[Achieved exemplar rating in GDS Alpha assessment, Implemented iterative prototyping and user testing leading to user‚ friendly design decisions, Integrated GDS Service Manual guidelines into UX, Ensured continuous alignment with user needs through shadow assessments]",[https://ibmgbs.loopio.com/library?entry=5141317]
5141320.md,Mobile Experience Workshops for Dong Energy,Dong Energy,Energy (Oil & Gas),,"IBM conducted Mobile Experience Workshops (MEW) in London and Copenhagen as part of its partnership with Apple. The workshops focused on generating mobile application ideas for a specific business area within Dong Energy, resulting in over ten distinct app concepts.",[Generated more than 10 different mobile app ideas for one area of Dong Energy‚  business],[https://ibmgbs.loopio.com/library?entry=5141320]
5141325.md,Agile Delivery for a UK Building Society,Leading UK Building Society (unnamed),Financial Services,,"IBM partnered with a leading UK Building Society that offers 100+ financial products to create an agile digital development centre. The centre provides enterprise‚ wide capability to manage digital platform changes, supporting millions of customers and delivering new capabilities every eight weeks with an 80+ FTE team, half of which is led by agile teams.","[Delivered new capabilities every 8 weeks, Managed digital platform changes for millions of customers, 80+ FTE team with 50% agile‚ led delivery]",[https://ibmgbs.loopio.com/library?entry=5141325]
5141326.md,Wimbledon Data Analytics Implementation,Wimbledon,"Sports, Tennis, Event Management","Data Cloud, Cognitive Cloud, Digital Technologies","IBM provided partner‚ led London‚ based teams of data and development specialists with 8‚Äì10 years experience to support Wimbledon. Using leading technologies, IBM analysed 41 million points across five events, enabling 69.4‚ÄØmillion users to explore and visualise data for over 250 players. The solution enhanced user and social experience, informed coach and player decision‚ making, and protected data and services while driving product orientation and agile delivery.","[Improved decision making, Transformed customer experience using data science, Enabled 69.4\u202fmillion users to visualise player data, Enhanced user and social experience, Informed coaching and player decisions, Protected data and services]",[https://ibmgbs.loopio.com/library?entry=5141326]
5141328.md,BP Castrol Data‚ Driven Service,BP Castrol,"Oil & Gas, Energy",,"IBM partnered with BP Castrol to develop high‚ quality embedded analytics that provide data insights by geography, time and product. The solution enabled a new data‚ driven service delivered using agile at scale, resulting in the creation of over 21,000 web pages in 29 languages within six months.","[Data insights across multiple dimensions (geography, time, product), Rapid delivery of a large multilingual web presence, Enhanced decision‚ making through embedded analytics]",[https://ibmgbs.loopio.com/library?entry=5141328]
5141329.md,"Transforming the Self Enquiry Function for 120,000 CIS users",Department for Work & Pensions (DWP),"Government, Public Sector",,"At IBM, we partnered with DWP to redesign and improve the Self Enquiry Function used by 120,000 CIS users. Using a range of user research techniques‚Äîincluding qualitative, quantitative, attitudinal and behavioural studies‚Äîwe jointly planned, iteratively developed, and user‚ tested changes that transformed the agent experience and increased operational efficiency.","[Improved agent experience, Increased efficiency in handling self enquiries]",[https://ibmgbs.loopio.com/library?entry=5141329]
5141332.md,Telecommunications Client Launches First SAFe Agile Release Train,,Telecommunications,,"A telecommunications client engaged IBM Agile Coaches to assist the launch of their first SAFe Agile Release Train (ART) comprising 7 teams and 150 people. The engagement focused on transforming the organization from Waterfall to SAFe, addressing challenges such as multiple locations, complex integrations, and a strong traditional culture. The ART was successfully launched and is delivering results, with IBM now involved in the client‚  second SAFe ART launch.","[Successful launch of first SAFe ART, Ongoing delivery success, IBM engagement in second SAFe ART launch]",[https://ibmgbs.loopio.com/library?entry=5141332]
5205221.md,Case study ‚Äì Supporting the UK‚  border strategy,UK Government / UK Border Force,"Public sector, Government",Cloud migration of SEMAPHORE system,"IBM assisted the UK Government in ingesting and managing large volumes of Passenger Name Record (PNR) data for the 2025 UK Border Strategy. The team designed SEMAPHORE, defining flows from disparate sources to support ports handling hundreds of millions of passengers annually. IBM completed a seamless migration of this system to the cloud, enhancing efficiency, scalability, and future‚ proofing the capability in line with government strategy. Additionally, IBM piloted the TradeLens supply chain platform for the UK Border Force to supplement incoming freight data and advised on leveraging the technology to improve targeting and intelligence outcomes.","[Improved efficiency and scalability of border data services, Future‚ proofed cloud-based infrastructure aligned with government strategy, Pilot adoption of TradeLens platform enhancing freight data intelligence]",[https://ibmgbs.loopio.com/library?entry=5205221]
5205222.md,"Case study ‚Äì Providing data architecture, analysis and engineering resources for an international electricity company",International 4‚ÄØmillion‚ customer electricity utility company (UK),"Utilities, Energy","Microsoft Azure, Azure Data Factory, Snowflake Data Warehouse, Matillion","In 2021 IBM deployed a team of Principal, Lead and Senior Data Architects, Engineers and Analysts to support the product roadmap for re‚ platforming and redesigning billing processes for an international electricity utility with 4‚ÄØmillion customers. The project delivered a cloud‚ centric customer rebilling solution and an enterprise data archive spanning the UK and Germany, ingesting over 1‚ÄØTB of historic on‚ premise and modern cloud data. IBM‚  Principal Data Engineer designed a cloud data architecture using Azure services (Azure Data Factory, SQL) and Snowflake for archival, while the Lead Data Analyst created a common data model for the archive. A Technical Design Authority backlog guided agile development, and a front‚ end solution was rolled out to call‚ centre agents to enable real‚ time customer interactions and regulatory compliance.

Key outcomes included:
- Modernized billing processes with cloud‚ based ingestion and archiving of 18‚ÄØyears of data.
- Real‚ time access for call‚ centre agents, improving customer service and reducing escalations.
- Scalable, secure role‚ based data access supporting regulatory requirements across the UK and Germany.",,[https://ibmgbs.loopio.com/library?entry=5205222]
5205223.md,Case study ‚Äì leading data architecture and analysis,A leading Water Utility Company in the South of England (unnamed),"Utilities, Water & Sewerage",Elasticsearch,"IBM partnered with a secure client‚Äîa large water utility company‚Äîto design and implement a POLE‚ based data strategy and workflow management system. The solution included a distributed database architecture across multiple technologies, a business rules engine for case processing, dashboards for data presentation, and an Elasticsearch‚ powered search interface. IBM‚  Technology and Transformation Alliance provided end‚ to‚ end support covering IT maintenance, technology strategy, enterprise and data architecture, project/programme management, and staffing of senior roles such as CTO, Principal Data Architect, and other data specialists.

The initiative enabled the utility to manage risk, secure  £29.3‚ÄØmillion in funding for data initiatives, establish a data reference architecture and principles, launch an analytics forum, and implement data modelling standards and a data quality strategy. It also supported 60 running technology projects valued between  £20‚ÄØk and  £130‚ÄØm.

The project was delivered through workshops with product owners, custom UI development, and the creation of dashboards to provide clear data insights for stakeholders.","[Managed risk and assured delivery across multiple sub‚ contractors, Secured  £29.3\u202fmillion in funding for data initiatives, Established a data reference architecture and principles, Launched an analytics forum, Implemented data modelling standards and a data quality strategy, Supported 60 technology projects valued  £20\u202fk‚Äì £130\u202fm]",[https://ibmgbs.loopio.com/library?entry=5205223]
5205224.md,Case study - Helping our clients visualise data using Power BI,Multi-national airline,"Aviation, Airline","Azure Data Lake, Power BI","A multi-national airline partnered with IBM to deliver an Azure Data Lake powered data platform using Power BI to deliver real-time data insight and visualisation in response to an explosion in the amount of data they struggled to collect, analyse, and understand. To consolidate this data to enable rapid, simple analysis we deployed Power BI and developed a number of custom reports to deliver actionable insight on-demand to their executive team. This solution offered real-time data analysis across numerous roles, from analysts and data scientists to executives, to create, view and modify reports and visualisations.",Using this solution our client was able to make better use of their data to drive smarter decision making and realise significant savings through a reduction of flight delays and improved staff utilisation.,[https://ibmgbs.loopio.com/library?entry=5205224]
5205225.md,"Case study - Big Data, Hadoop, AWS Redshift",Home Office & UK Police (UK Government),"Public Sector, Law Enforcement","AWS Redshift, Hadoop HBase, Oracle relational database cluster, MySQL, Neo4J graph database on AWS, IBM Watson Explorer","IBM collaborates with the UK Home Office and Police to manage and administer large data repositories. The solution includes a performant Oracle relational database cluster, Hadoop HBase for storing video‚ audio clips, MySQL databases for metadata, and SQL‚ based databases such as AWS Redshift. IBM also works with HMRC using IBM Watson Explorer and open‚ source tools on AWS, integrating AI engines with a Neo4J graph database to develop intelligence and investigation functions.","[Enhanced data management across multiple large repositories, Improved analytics capabilities via Hadoop and Redshift, Integration of AI and graph analytics for investigative support]",[https://ibmgbs.loopio.com/library?entry=5205225]
5205226.md,"Case study - Oracle, master data management, metadata and data governance / sourcing",Defence and Intelligence client (unnamed),Defence & Intelligence,Oracle SQL Database,"We design and maintain a defence and intelligence client‚  core system of record hosted on an Oracle SQL Database with a suite of analytics capabilities. Our client received thousands of reports daily and struggled to analyse the influx of information at pace and retain a single, centralised view of their knowledge base. We worked with their analysts to design a robust system which ingests these reports and performs entity resolution to update the master data copy, retaining a single view of our client‚  information and tagging the new insights back to source reporting to give full traceability for insights. We worked closely with their security experts to ensure that our handling, retention and reporting of their data was compliant with their data governance standards and UK legislation.","Our work with the client has yielded a secure, robust service which has transformed the way their analysts work and lays the foundation for accelerating the maturity and coverage of their analytics tooling in line with their future strategy.",[https://ibmgbs.loopio.com/library?entry=5205226]
5207037.md,IBM Provides 24/7 Support in Secure/Secret Environment for Home Office,Home Office (UK),"Government, Public Sector",,"IBM has provided application and security management for the Home Office‚  Semaphore and IABS systems for the last 10 years, both of which are designated as CNI and operate in secure/secret environments. We work collegiately with the Home Office to design and deliver end‚ to‚ end Security Incident Management (SIM). This includes operating a 24/7 Protective Security Monitoring service and responding to and resolving security incidents ‚Äì incidents detected both by SIEM tools and by our proactive management of potential security vulnerabilities. In the 10 years we have operated the service we have never had a P1 security incident.","Zero P1 security incidents over a decade of operation, demonstrating robust protection and effective incident response in highly secure environments.",[https://ibmgbs.loopio.com/library?entry=5207037]
5234618.md,Personnel single points of failure,Major UK police force,"Law Enforcement, Public Sector",Robotic Process Automation (RPA),"In 2019‚ present, a major UK police force engaged in an exercise to identify efficiency gains. During the review of the process for assembling case files for submission to the Crown Prosecution Service, it was discovered that a single human role manually added all elements into the complete file, leading to over half of submissions being rejected and returned for correction. By reviewing the process with end users and ideating improvements, robotic process automation was introduced to check mandatory fields, removing this responsibility from humans. This change improved data quality, reduced errors, and saved 20,000 hours to date.","[Improved data quality, Reduced submission rejections, Saved 20,000 hours of manual effort]",[https://ibmgbs.loopio.com/library?entry=5234618]
5234619.md,NHS Digital Online Data Access Request Service Improvement,NHS Digital,"Healthcare, Public Sector",,"Using an agile Scrum approach, a rapid discovery phase was conducted with end users and technical stakeholders to identify single points of failure in NHS Digital‚  online data access request service. Workshops and shadowing sessions uncovered pain points and bottlenecks, which were then analyzed to determine root causes. The findings informed a joint maintenance and enhancement backlog that prioritized the most feasible and high‚ value fixes. A formal Technical Design Authority (TDA) reviewed options for adding resilience, and the agile cadence allowed weekly backlog reviews with suppliers to prioritize development work. This user‚ led, data‚ driven process enabled the team to focus resources on critical failures and implement solutions that reduced the end‚ to‚ end application processing time by 20%.","[Reduced application turnaround time by 20%, Improved resilience of the online data access service, Enhanced collaboration between users, technical stakeholders, and suppliers]",[https://ibmgbs.loopio.com/library?entry=5234619]
5234621.md,Data‚ Centric Programme for the Department of Health and Social Care (DHSC) during COVID‚ 19,Department of Health and Social Care (DHSC),Public Sector ‚Äì Healthcare,"AWS, Azure","IBM partnered with DHSC to establish a comprehensive data governance, architecture, engineering and science capability. The programme created a secure data pipeline that ingested thousands of third‚ party datasets to deliver daily insights for testing and contact tracing case management during the COVID‚ 19 pandemic. IBM‚  rainbow teams‚Äîcomprising civil servants, other government departments and third‚ party suppliers‚Äîworked in an agile environment to design, develop and implement a Chief Data Office (CDO) function, data governance boards, data architecture standards, engineering pipelines, privacy oversight and continuous improvement processes.","[Established a fully functional data‚ centric business unit from scratch for DHSC, Delivered secure, high‚ integrity data products supporting real‚ time pandemic response, Enabled rapid ingestion of thousands of datasets within tight timelines, Implemented agile delivery across cross‚ functional teams, Leveraged AWS cloud infrastructure with additional Azure support to meet scalability and security requirements]",[https://ibmgbs.loopio.com/library?entry=5234621]
5234623.md,Danish Government‚  Tax Data Authority Example,Danish Governments Tax Data Authority,"Public Sector, Government ‚Äì Tax Administration",,"IBM has partnered with the Danish Governments Tax Data Authority since 2012 to design, build and support a data solution that serves as a central repository for many internal and external systems containing critical tax data. The solution includes an integration layer and Java‚ based applications. IBM works in a blended team model with client resources embedded into teams, ensuring supportability is built into the programme from the outset. Delivery follows an agile methodology, with continuous engagement of end users through retrospectives, large‚ scale playbacks, and testing to ensure usability and requirement fulfilment.",#NAME?,[https://ibmgbs.loopio.com/library?entry=5234623]
5234624.md,Global CPG firm Example,Large Global Consumer Packaged Goods (CPG) Firm,Consumer Packaged Goods (CPG),,"A large global CPG company needed to migrate critical structured and unstructured product data from multiple legacy systems into a new, single integrated product and master data management system. Traditional migration approaches were unsuitable due to the complexity of the data, regulatory compliance requirements, and the need for an agile approach. IBM‚  team collaborated with the client using Agile DataOps techniques to develop a flexible data migration pipeline that could be easily modified to support country‚ specific regulations. The pipeline employed comprehensive, parameterised data templates to accommodate variations in data stores, enabling rapid execution and early identification of significant data migration issues related to source or quality. This approach ensured compliance transparency and reduced costs associated with modifying the build.","[Early detection of data migration issues leading to cost savings, Enhanced compliance transparency with local regulations, Flexible pipeline adaptable to country‚ specific requirements]",[https://ibmgbs.loopio.com/library?entry=5234624]
5234625.md,Establishing and supporting Scotland‚  first social security platform,Social Security Scotland (SSS),"Public sector, Government services","AWS Cloud, AWS CloudFormation, AWS EC2 Systems Manager, Ansible Playbooks","The Social Security Scotland Digital Service was built from scratch following devolution, adopting a cloud‚ first approach. Using AWS infrastructure as code (CloudFormation, EC2 Systems Manager, Ansible) and DevOps practices, the team rapidly delivered a citizen‚ centric benefits platform that supports continuous updates every six weeks. The project involved automating test environments on demand, integrating SonarQube for security and quality scanning, and maintaining over 32 supporting management and security services.","[Launched 7 new benefit types, Disbursed  £190 million to 100,000 households, Received the MCA award for Best Change and Transformation Project in Public Sector 2020]",[https://ibmgbs.loopio.com/library?entry=5234625]
5234627.md,Show evidence of supporting technical teams within a fast-paced environment ‚Äì Supporting a global consumer goods client,Multinational Consumer Goods Client (unnamed),Consumer Goods,AWS,"IBM provided technical project managers and specialist team members to manage a 24‚ month programme migrating 900 services to AWS for a multinational consumer goods client. The programme comprised eight workstreams covering data, application migrations, infrastructure, and shared services delivery. IBM supplied eight specialist technical PMs and critical support roles to keep the programme on track, ramped up key specialist resources for successful platform delivery, and ensured live‚ service availability during transition. The project employed Agile DevOps at Scale across geographies, enabling a highly responsive joint delivery approach. To date, 90 successful migrations have been completed, delivering data and technical components on time to the critical path.","[90 successful migrations completed on schedule, Data and application transformation achieved with parallel running of legacy services during transition, Enhanced platform reliability and live‚ service availability]",[https://ibmgbs.loopio.com/library?entry=5234627]
5234628.md,Dynamic Re‚ Accommodation Self‚ Service for American Airlines,American Airlines,"Airlines, Aviation",Cloud native application (microservices architecture),"IBM partnered with American Airlines to address dynamic re‚ accommodation challenges caused by flight delays or cancellations. Using the IBM Garage Method and Design Thinking, IBM co‚ created a cloud‚ native microservices application that enabled customers to self‚ service accommodation options via web and mobile interfaces. The solution incorporated analytics to provide internal stakeholders with clear metrics on usage and performance, allowing adjustments to market changes. The MVP was delivered in 5 months by a cross‚ functional agile squad working in pairs using an extreme programming approach.","The application exceeded American Airlines‚Äô expectations, received high praise from senior stakeholders, and was rolled out to an additional 43 cities within days of launch.",[https://ibmgbs.loopio.com/library?entry=5234628]
5234629.md,Provide evidence of the establishment of operational processes to ensure MI service continuity ‚Äì DWP example,Department for Work and Pensions (DWP),"Public sector, Government",BI platform,"IBM partnered with the Department for Work and Pensions to deliver an automated Management Information (MI) solution. The client faced slow, costly dashboards that were fragmented across multiple BI tools and relied on spreadsheets fed into a BI platform. IBM co‚ created a new MI/visualisation solution integrated with existing systems, scaled it department‚ wide, and implemented agile delivery with Design Thinking workshops to iteratively refine dashboards based on user feedback.","[Faster insights from complex data sets, Increased self‚ service reporting, Consistent, trusted data set for users, Operational improvements: productionised service, documented runbooks, reduced reliance on individual knowledge]",[https://ibmgbs.loopio.com/library?entry=5234629]
5234630.md,Provide evidence of the establishment of operational processes to ensure MI service continuity ‚Äì Defence and Intelligence example,Unnamed Defence & Intelligence Client,Defence and Intelligence,Client‚  cloud platform (containers),"Within the Defence &amp; Intelligence Sector, we worked closely with our client to produce risk assessment MI based on a wealth of unstructured data fed by analysts. We took initial requirements from business users and developed an MVP built as containers on the client‚  cloud platform. Once established, we provided access to user ambassadors to start using the tool as part of their standard daily reporting and collaborated with them within sprint retrospectives. By incorporating business user feedback into upcoming requirements during refinement sessions, we rapidly built improvements into the reporting application, prioritising features that provide real value to the user community.","Adoption of the tool was a resounding success, fundamentally transforming the way our client analyses and reports risk across their lines of business.",[https://ibmgbs.loopio.com/library?entry=5234630]
5234631.md,Provide evidence of the establishment of operational processes to ensure MI service continuity ‚Äì Government example,Government client (separate government organization),"Public sector, Government",AWS,"As part of a recent engagement with a separate Government client, we produced a data streaming and analytics service built on AWS using cloud-native tooling and containerised workloads. Through adoption of a DevOps culture, we were able to rapidly establish our MVP and then incorporate operational improvements within our sprints designed to improve and bolster the continuity of the service. This included automating the loading of new data into the system, autoscaling to allow for fluctuations in throughput, and introducing self-healing / recycling functionality for our containerised layer. Alongside this, we continually bolstered our application monitoring capabilities to improve our support function, both reducing the number of incidents that affected users and speeding up time for resolution of any remaining issues.","[Client confidence leading to wide adoption, Ingests large volumes of data daily, Serves several client teams, Reduced incident count and faster issue resolution]",[https://ibmgbs.loopio.com/library?entry=5234631]
5234635.md,Yara and IBM Build a World-Leading Data Platform for Digital Farming,Yara,"Agriculture, Fertilizer Production",Cloud-agnostic (multi‚ cloud) strategy,"IBM partnered with Yara, one of the world‚  largest fertilizer producers, to develop a cloud‚ based data platform that supports digital farming. The solution focuses on consistent data governance and security across multiple clouds, implements DataOps practices to automate data functions, and delivers real‚ time agronomic advice to farmers worldwide. It offers weather data and crop yield as-a-service under a pay‚ as‚ you‚ go commercial model, with an open innovation layer for future algorithm development.","[Avoids deforestation by increasing food production on existing farmland, Provides instant agronomic insights to farmers globally, Enables consistent data governance and security across cloud environments, Supports scalable, pay‚ as‚ you‚ go data services]",[https://ibmgbs.loopio.com/library?entry=5234635]
5234636.md,Jakarta Smart City Feedback Platform,Jakarta Smart City (JSC),"Public Sector, Government, Smart City Services",IBM Cloud,"Jakarta Smart City sought to improve public service delivery by automatically collecting and analysing citizen feedback from multiple channels. IBM developed a consolidated data hub that ingested unstructured text from social media, JSON web data, and relational database records, enabling persistent storage, access, management, and transformation of citizen data. The platform delivered analytics insights to the city government using a suite of IBM software.","[Centralized data integration across 10 million residents, Real-time analytics on citizen feedback, Enhanced decision-making for public service improvements]",[https://ibmgbs.loopio.com/library?entry=5234636]
5234637.md,Data Archiving Solution for UK Electricity Utility,UK electricity utility,Utilities/Energy,"Microsoft Azure, Azure SQL, Snowflake","IBM was engaged in 2021 to assess and deliver a cloud‚ based structured and unstructured data archival solution for a nearly 4‚ÄØmillion‚ customer UK electricity utility. The project involved ingesting legacy transactional data from an on‚ premise relational database (spanning 18‚ÄØyears) and terabyte‚ scale PDF correspondence into Azure SQL and Snowflake data warehouses, providing scalable storage and analytics capabilities.","Implemented a unified archival platform that consolidated structured and unstructured data, enabling faster access to historical records, improved compliance with regulatory requirements, and reduced on‚ premise storage costs. The solution also laid the groundwork for future real‚ time analytics and reporting across the utility‚  operations.",[https://ibmgbs.loopio.com/library?entry=5234637]
5234638.md,Migration of Welfare and Pension Systems to AWS Cloud,"UK Body Responsible for Welfare, Pensions and Child Maintenance Policy","Public Sector, Government","AWS Cloud, Amazon RDS (Oracle)","The UK body needed to migrate its Oracle Enterprise Business and Oracle SOA Suite applications from on‚ premises servers to AWS. IBM re‚ platformed the application stack, porting the Oracle RDBMS and associated software to Amazon Web Services while modernising the legacy IT infrastructure that had been prone to major incidents and lacked an internet‚ facing provision in the Crown hosting facility.","Successful migration of critical business applications to a scalable, cloud‚ native environment; reduced reliance on antiquated on‚ premises hardware; improved application availability and performance (though specific metrics are not disclosed).",[https://ibmgbs.loopio.com/library?entry=5234638]
5234639.md,Migration of large volumes of data (structured and unstructured) ‚Äì Home Office Example,Home Office,"Government, Public Sector",,"IBM performed a complex data migration for the Home Office when IABS was implemented, transitioning from its predecessor IAFS. The project involved migrating all data within the IAFS system, including challenging biometric raw image files that required re‚ templating by new biometric engines. IBM managed the transition in phased stages to allow business users time to address new matches and duplicates identified by the newer engines. The migration was completed on schedule, supporting an IABS go‚ live on its planned date.","[Completed data migration according to plan, Supported timely go-live of IABS system]",[https://ibmgbs.loopio.com/library?entry=5234639]
5234640.md,Migration of large volumes of data (structured and unstructured) ‚Äì Lloyds Bank Example,Lloyds Bank (and HBOS),"Banking, Financial Services",,"When Lloyds Bank and HBOS merged, it created the need for what is potentially the largest data migration and transition project of its kind certainly in the UK and possibly in the world. It was necessary to merge some 32 million accounts, 33m customers and billions of line‚ item records. IBM was responsible for the design, test and execution of the data ETL activities to achieve this merger, which was divided into 18 discreet migration projects, many of which processed data from multiple source systems and some of which had the added complexity of multiple target systems. With the financial value of the transaction totalling over  £120billion and the reputational impact if errors occurred, the need for data integrity checks and migration testing was critical. This migration was completed successfully.","[Successful completion of a complex, large‚ scale data migration involving 32 million accounts and billions of records, Maintained data integrity across multiple source and target systems, Supported a high‚ value merger with minimal risk to financial value and reputation]",[https://ibmgbs.loopio.com/library?entry=5234640]
5234641.md,Migration of large volumes of data (structured and unstructured) ‚Äì The Insolvency Service Example,The Insolvency Service,"Public Sector, Government Services","Microsoft Azure Data Factory, Azure SQL Server, Azure Key Vault, Azure Blob Storage, Microsoft Dynamics 365, Container services","IBM partnered with the UK‚  Insolvency Service to digitally transform its Redundancy Payments process. The project involved migrating roughly half a million contacts, half a million claims, 1.6‚ÄØmillion payments and 2.8‚ÄØmillion documents from legacy systems into a new cloud‚ based platform built on Azure services, Dynamics †365 and container technologies. The migration leveraged Azure Data Factory for data movement, Azure SQL Server for structured storage, Key Vault for secure credential management, and Blob Storage for unstructured files, providing flexibility and elasticity to scale performance beyond traditional solutions.","[Processed 4√ó the number of claims compared with legacy applications, Improved scalability and performance of data migration and integration processes]",[https://ibmgbs.loopio.com/library?entry=5234641]
5234642.md,Data Quality Monitoring for the UK Home Office,UK Government Ministry (Home Office),"Public Sector, Government",,"In 2020‚ 21 IBM designed and implemented a comprehensive Data Quality approach for a multi‚ million‚ pound transformation programme within the UK Home Office. The solution delivered a full Data Governance operating model, including procedures, roles, and software tooling that covered data sourcing, profiling, cleansing, modelling, lineage, interfaces, flow, provenance, mastering, retention, archiving, governance and metadata management. Oracle Enterprise Data Quality was used to encode business rules and define key performance indicators (KPIs) for data quality, enabling continuous monitoring and reporting on targeted attributes.","The implementation established a robust Data Governance framework that quantified trust in data, supported decision‚ making across the ministry, and positioned IBM as a leader in data quality solutions as recognized by Gartner‚  2020 Magic Quadrant. The project enabled systematic profiling, cleansing, and lineage tracking, improving data reliability for critical government operations.",[https://ibmgbs.loopio.com/library?entry=5234642]
5234643.md,Reporting on Data Quality,Government Ministry (unnamed),"Public Sector, Government",Oracle Enterprise Data Quality (EDQ),"The project involved implementing Oracle EDQ to provide data quality dashboards and remediation reports for a government ministry. The solution enabled the client to understand data issues, define manageable data quality processes, and measure and manage these issues to resolution. Reporting was aligned to roles and responsibilities using a RACI matrix, allowing rapid action on identified problems.","[Improved visibility into data quality across the program, Enabling timely remediation of data issues, Enhanced governance and regulatory compliance for data management]",[https://ibmgbs.loopio.com/library?entry=5234643]
5234647.md,Evidence the use of Data visualisations tools (particularly Power BI) ‚Äì Etihad Airways example,Etihad Airways,"Aviation, Airline","Azure Data Lake, Power BI","For international airline Etihad Airways, IBM partnered to build a first‚ of‚ a‚ kind Big Data Analytics platform. The solution involved data extraction, transfer and ingestion into an Azure data lake, followed by data modelling, curation, transformation, analytics, reporting and dashboards. Security measures such as authentication, authorisation, encryption zones and data classification were implemented. IBM designed the front‚ end using Power BI to deliver management and business intelligence reports from both traditional data sources in the lake and machine learning data sources.",,[https://ibmgbs.loopio.com/library?entry=5234647]
5234649.md,Evidence the use of Data visualisations tools (particularly Power BI) ‚Äì TradeLens example,Internationally known global shipping and container company (unnamed),Shipping & Logistics,"Power BI, Blockchain","An IBM‚ developed cargo tracking system, TradeLens, was implemented for a major global shipping and container company. The platform uses blockchain to allow all stakeholders to stay informed about critical shipment activities. Power BI reporting and analytics sit atop the TradeLens platform, delivering live dashboards that display events throughout a shipment‚  journey, including the receipt of electronic customs documentation. Notifications can be configured to alert users when key milestones or thresholds are reached.",Improved visibility into shipment status for all parties; real‚ time alerts on critical milestones; enhanced collaboration across supply chain stakeholders.,[https://ibmgbs.loopio.com/library?entry=5234649]
5234650.md,Evidence the use of Data visualisations tools (particularly Power BI) ‚Äì Telecomms example,Unnamed Fortune 500 telecommunications company,Telecommunications,"Power BI, Oracle Database, Microsoft SQL Server","For a Fortune 500 telecommunications company, IBM developed an executive Power BI dashboard initiative to empower field executives, managers, and technicians with data‚ driven, predictive, and actionable insights for improved business performance. The solution transitioned users from QlikSense and visualised productivity, quality, intervals, and volume high‚ level metrics sourced from Oracle and Microsoft SQL databases.","[Improved business performance through data‚ driven decision making, Enhanced visibility into key operational metrics, Predictive insights enabling proactive management]",[https://ibmgbs.loopio.com/library?entry=5234650]
5234651.md,Reckitt Group,Reckitt,Consumer Health & Hygiene,"Power BI, Microsoft Azure","IBM partnered with Microsoft to implement a suite of data visualization and analytics tools, notably Power BI, for Reckitt. The solution enabled Reckitt to consolidate and analyze large volumes of business data, providing actionable insights across the organization.","Enhanced decision‚ making through real‚ time dashboards, improved operational efficiency, and accelerated time‚ to‚ insight for key business metrics.","[https://ibmgbs.loopio.com/library?entry=5234651, https://www.ibm.com/case-studies/reckitt-group/]"
5234654.md,HMRC ‚Äòsecuring our technical future‚Äô (SoTF) programme,HM Revenue & Customs (HMRC),"Public sector, Tax administration",Azure,"The HMRC ‚Äòsecuring our technical future‚Äô (SoTF) programme is a mission‚ critical initiative to transform the technology underpinning tax payments. The organisation appointed us as Delivery Lead, taking ownership and accountability for the programme across multiple suppliers. We re‚ planned, accelerated and delivered 85 business services from SAP to Azure on time. A one‚ team approach was introduced, centred on deep collaboration across all stakeholders through multi‚ supplier planning workshops, joint RAID reviews, a single integrated plan and collaborative Agile ceremonies, including daily stand‚ ups.","[On‚ time delivery of 85 business services, Migration of SAP workloads to Azure, Stabilised and improved services, Saved approximately  £18\u202fmillion in extended support/project costs]",[https://ibmgbs.loopio.com/library?entry=5234654]
5234658.md,Risk and Issues Management for Lloyds Bank,Lloyds Bank,"Banking, Financial Services","Cloud deployments, Cloud native services","The project delivers full‚ lifecycle end‚ to‚ end risk management for a mission‚ critical business portfolio of 100+ applications. It includes bootcamps in a multi‚ stakeholder and multi‚ supplier landscape to build a culture of shared ownership, joint identification and management of risks/issues, and agreement on business and technical strategies and mitigations.","[Faster cloud deployments, Ability to leverage cloud native services, Maintained financial data integrity and security]",[https://ibmgbs.loopio.com/library?entry=5234658]
5234661.md,NHS Test and Trace Solution,National Health Service (NHS),Healthcare,,"The NHS test and trace solution required rapid development and delivery of new functionality to respond to the evolving pandemic while ensuring confidence in releases. A continuous delivery pipeline was implemented, providing automated testing that met design specifications and enabled quick, reliable deployment of new features.","[Accelerated development of critical public health tools, Increased confidence in release quality, Reduced manual testing effort]",[]
5234664.md,Analytics for Wimbledon and the US Open,IBM,"Sports, Tennis Event Management","IBM Watson AI technology, Watson Assistant, Watson Campaign Automation","IBM provides cutting‚ edge analytics to deliver a world‚ class digital experience for millions of tennis fans at Wimbledon and the US Open. Real‚ time data from thousands of sources and sensors is fed into a centralised system of insight based on IBM Watson AI technology, enabling on‚ court data collection, virtual concierge services via Watson Assistant, personalised alerts through Watson Campaign Automation, and mobile apps that offer personalized feeds and allow fans to capture and share their own Wimbledon Story. The ‚ÄòSlamTracker‚Äô feature goes beyond scores to analyse player, match and tournament data.","[Real‚ time insights across the event, Personalised fan experiences via mobile apps, Increased interactive engagement through user‚ generated content, Enhanced data collection and analysis for clients and fans]",[https://ibmgbs.loopio.com/library?entry=5234664]
5234665.md,Describe how you have used analytical services that integrate data through a system of insight ‚Äì Etihad Airline Example,Etihad Airlines,"Aviation, Airline","Azure Data Lake, Power BI","Etihad Airlines partnered with IBM to deliver an Azure‚ powered data platform using Power‚ÄØBI to provide real‚ time data insight and visualisation. The solution consolidated the airline‚  growing data volumes into a single Azure Data Lake, enabling rapid, simple and faster analysis. Power‚ÄØBI was deployed to develop a system of insight that leveraged Etihad‚  corpus of data to create custom reports delivering actionable insights on demand to their executive team. This platform supports real‚ time data analysis across roles‚Äîfrom analysts and data scientists to executives‚Äîallowing users to create, view and modify reports and visualisations.","[Significant cost savings through reducing flight delay impact, Improved response to disruptions, Crew utilisation increased by 5%, Extended use of the new data lake across all future analytics projects]",[https://ibmgbs.loopio.com/library?entry=5234665]
5234667.md,Nestle partnered with IBM to create an enterprise‚ scale data analytics factory,Nestl√©,Food & Beverage,"Azure PaaS architecture, Azure Data Lake, Power BI Self Service","Nestl√© partnered with IBM to build an enterprise‚ scale data analytics factory that rapidly collates and distributes data across 273,000 employees. The solution leveraged an auto‚ ETL end‚ to‚ end accelerator on Azure PaaS, using standard components and templates to reduce build time. Data was stored in Azure Data Lake and transformed through predictive modelling, making it accessible via Power BI Self Service for enterprise‚ wide insight.","[Reduced build time through standardized components, Rapid delivery of insights at enterprise scale, Over 100 successful reporting projects deployed within 12 months]",[https://ibmgbs.loopio.com/library?entry=5234667]
5234668.md,"Sodexo engaged IBM to design, build & run an Azure Data & Analytics Platform",Sodexo,"Food Services, Hospitality","Azure DevOps, Azure Storage Explorer, Azure Data Lake, Databricks, Power BI Self Service","IBM designed, built and operated a comprehensive Azure Data & Analytics platform for Sodexo to unify disparate data sources and streamline its development pipeline. The solution leveraged Azure DevOps in a scaled agile manner, reference architecture accelerators, and multiple Azure services such as Azure Storage Explorer, Data Lake, Databricks, and Power BI Self Service. Infrastructure and configuration were defined using Azure ARM templates, delivering streamlined CI/CD pipelines. A user‚ centred design approach onboarded several thousand users quickly, enabling them to generate actionable insights through self‚ service Power BI reporting.

The platform empowered Sodexo teams to make rapid logistics decisions with flexible, ad‚ hoc reporting across the organization.","[Streamlined CI/CD pipelines via Azure ARM templates, Rapid onboarding of thousands of users, Actionable insights delivered through Power BI Self Service, Enhanced agility in logistics decision‚ making]",[https://ibmgbs.loopio.com/library?entry=5234668]
5234669.md,Set out your experiences of triage and Data Science services ‚Äì Oil and Gas company example,Oil & Gas Company,Oil and Gas,,"For an Oil & Gas Company, we were consulted by their data science innovation team who had developed a number of machine learning proof-of-concept projects but lacked a clear vision for deploying these products into their production system as part of an analytics strategy. We partnered with the client to establish a robust methodology for productionising and scaling their products using our RAD-ML (Rapid Asset Development for Machine Learning) framework. We also provided thought-leadership and industry best practice regarding advancing data science POCs into fully realised products to co-create their unified analytics strategy. As these products were productionised, we took responsibility for monitoring and maintenance to support their adoption.",Assisted the client move all their Proof-of-concept candidates through to production and realized millions of pounds of promised ROI back to the business.,[https://ibmgbs.loopio.com/library?entry=5234669]
5234670.md,Set out your experiences of triage and Data Science services ‚Äì Thames Water example,Thames Water,"Utilities, Water Supply",,"As part of our work with Thames Water, we were asked to analyse their data to understand why they were experiencing growing leakage issues across their network, despite stepping up maintenance work. Our Data Science Practice explored the vast amount of data available from the client and triaged their collections down to relevant information. From this they created a model that understood water pipe failures to help them understand where and why leaks would occur. Through implementation of this model we were able to provide the client with a more nuanced, insightful view of the multiple root causes of failure and help them reshape their maintenance strategy.",Saving of more than  £10m over the following year as they saw a significant improvement in leakage performance.,[https://ibmgbs.loopio.com/library?entry=5234670]
5234671.md,Set out your experiences of triage and Data Science services ‚Äì Stop the Trafik example,Stop The Trafik,"Non‚ Profit, Social Impact (Human Trafficking Prevention)",,"IBM‚  Data Science & Analytics Teams partnered with Stop The Trafik, a multi‚ national non‚ profit organization, to leverage diverse data sources‚Äîincluding social media, news articles, United Nations reports, and other government repositories‚Äîto identify trafficking hotspots. Using i2 Analyst Notebook software, the team triaged open‚ source data, identified changing trends, and mapped multiple trafficking routes and organizations, enabling the client to allocate resources more effectively.","[Identified multiple trafficking routes and organizations, Provided actionable insights for higher impact resource allocation, Enhanced ability to target interventions at trafficking hotspots]",[https://ibmgbs.loopio.com/library?entry=5234671]
5234672.md,Set out your experiences of triage and Data Science services ‚Äì Th√©lem Assurances example,Th√©lem Assurances,Insurance,Watson on IBM Cloud,"Our client, like other insurance companies, was wasting millions of pounds and thousands of man-hours every year dealing with insurance fraud. The primary challenge here is the volume of data that need to be processed and triaged, and their existing analytical methods lacked the performance or capability to scale and proactively identify fraud cases. Our Data Science & Analytics Practice collaborated with our Insurance Sector experts to build an AI-based platform using Watson on IBM Cloud to improve automatic triage, filtering and analysing of cases to assist with identification of cases requiring action.","After launching the solution, Th√©lem began detecting five times more potentially fraudulent cases whilst seeing a reduction in the amount of manual effort required. They expect this number to further improve as the AI model is trained and refined going forward.",[https://ibmgbs.loopio.com/library?entry=5234672]
5246416.md,Knowledge transfer execution using contactless approach,Barclays,"Banking, Financial Services",,"Over the last year, IBM supported Barclays in a large-scale transition of 89 banking applications across 16 business lines. Knowledge was transferred to 251 IBM staff from incumbent suppliers using a contactless, remote approach that leveraged web conferencing, screen‚ sharing, session recording and document ingestion tools such as SmartOps for Transition. The transition covered critical applications operating internationally in retail, wholesale and financial markets, and was completed within six months across multiple geographies with no service disruption.","[Completed the transition of 89 banking applications in 6 months, No disruption to service during the handover, Successfully transferred knowledge to 251 IBM staff while maintaining safety by working remotely]",[https://ibmgbs.loopio.com/library?entry=5246416]
5272556.md,Co‚ operative Bank Migration Programme,Co‚ operative Bank (Co‚ Op),"Banking, Financial Services","SCOPE+, Device42","IBM executed a complex discovery and migration programme for the Co‚ operative Bank, consolidating data from over 10,000 assets across six datacentres. The project integrated multiple asset registers, software licensing databases, web questionnaires, structured workshops, and technical complexity analyses into SCOPE+, a specialised multi‚ source discovery data management tool, to create a single version of truth for the bank‚  infrastructure.","[Multi‚ million‚ pound savings, Consolidated data from 10,000+ assets across six datacentres]",[https://ibmgbs.loopio.com/library?entry=5272556]
5272559.md,IBM led cloud transformation for a major UK bank,Major UK Bank (unnamed),"Banking, Financial Services",Private Cloud,"IBM led the cloud transformation of a large UK banking institution, building a new private cloud and migrating and modernising 600 legacy applications over two years. The project adopted a continuous improvement approach in Discovery to increase pace and quality in delivery. Initially the bank used a manual Discovery process with spreadsheets, extensive documents and heavy reliance on SMEs, which did not scale for the complex programme involving multiple supplier teams.

IBM introduced its Continuous Discovery method backed by tooling, iterating improvements and accelerating delivery throughout the programme. Key actions included building integration from many sources into a single SCOPE+ data repository to provide a single version of truth; automating data quality checks to surface issues early; using analytics to cross‚ check multiple data sources and identify undocumented connections between applications; and refining processes and ways of working for effective tracking and control of Discovery activities.

This collaborative continuous improvement approach resulted in automatically pre‚ populating up to 85% of data points in designs, build specifications and runbooks, reducing SME time and cutting the average elapsed design duration for migration partners by 30%.","[Pre‚ populate 85% of data points in designs, build specs and runbooks, Reduce SME time, Cut average elapsed design duration for migration partners by 30%]",[https://ibmgbs.loopio.com/library?entry=5272559]
5272560.md,Demonstrate how you have previously identified and secured savings as a result of effective use of CRE data,Big‚ÄØ4 accountancy firm (generic),Accounting & Professional Services,"RISC Networks Foundation, Cloudscape","The client, a Big‚ÄØ4 accounting firm, engaged in a small‚ scale migration project. Using RISC Networks Foundation and Cloudscape, the team scanned the existing on‚ premises environment to assess current usage and costs. The Cloud Cost Comparison feature of the tool was then applied to model potential savings from moving workloads to cloud infrastructure. The resulting data informed a broader transformation business case that ultimately achieved approximately 60‚ÄØ% reduction in hosting costs compared with legacy systems.","[~60\u202f% reduction in hosting costs, validated cost‚ saving estimates for migration planning]",[https://ibmgbs.loopio.com/library?entry=5272560]
5289827.md,Designing and Deploying a User Interface for DWP‚  New API Gateway,Department for Work and Pensions (DWP),"Public Sector, Government Services",,"The project involved creating a user interface for the Department for Work and Pensions‚Äô new API Gateway, aligning with GDS service standards. Using Enterprise Design Thinking, the team engaged users to identify pain points, redesigned deployment workflows to empower Level 2 support teams via a UI instead of relying on Site Reliability Engineers (SRE) and DevOps, and automated accessibility testing. Workshops and iterative UAT ensured an intuitive interface that adhered to the GDS user interface template and supported future UI hubs for a joined‚ up experience across channels.","[Reduced API exposure time from days to minutes, Streamlined deployment process with fewer handoffs, Empowered support teams to manage changes directly via UI, Improved alignment with GDS standards and accessibility requirements]",[https://ibmgbs.loopio.com/library?entry=5289827]
5289835.md,Delivering a Software Development Lifecycle for a set of integration flows,Department for Work & Pensions (DWP),"Government, Public Sector","AWS, Azure, On-Premise","IBM partnered with DWP to design, build and deploy the Single File Transfer (SFT) application‚Äîa secure, hybrid‚ cloud enabled file transfer solution. The project followed a full software development lifecycle: discovery, design, MVP, Alpha, Private Beta and Beta stages using Agile Scrum, JIRA, Confluence and Slack for collaboration. SFT uses HTTPS with a Java backend and Node.js front end, providing routing, configuration management, real‚ time monitoring (Dynatrace & Prometheus), centralized logging (Splunk & Technow) and self‚ service request handling. The solution migrated 200 existing file transfer routes from legacy systems, with an ongoing migration of over 500 more. It delivers faster deployment, reduced total cost of ownership, improved monitoring, consolidated visibility, and a modern technical foundation for future digital transformation.

Key outcomes include:
- Seamless operation on DWP‚  hybrid On‚ Premise and AWS infrastructure, with plans to support Azure.
- Migration of 200+ routes completed; remaining 500+ in progress.
- Real‚ time monitoring and alerting via Dynatrace & Prometheus.
- Centralized log access through Splunk and Technow.
- Self‚ service request workflow reducing approval time from days to minutes.
- Reduced troubleshooting effort and improved incident resolution.","[Seamless hybrid cloud deployment on AWS (and future Azure), 200+ file transfer routes migrated, 500+ ongoing, Real‚ time monitoring & alerting via Dynatrace & Prometheus, Centralized logging with Splunk & Technow, Self‚ service request workflow cutting approval time to minutes, Reduced TCO and improved operational efficiency]",[https://ibmgbs.loopio.com/library?entry=5289835]
5289839.md,Delivering a Digital Transformation Initiative,Scottish Government,"Public Sector ‚Äì Social Security, Welfare Benefits",AWS Public Cloud,"IBM partnered with the Scottish Government to design and deliver a new digital platform for administering devolved welfare benefits under the newly formed Social Security Scotland agency. Using an Agile at Scale approach, IBM co‚ located teams worked iteratively with government stakeholders, conducting extensive user research across 40 locations and engaging over 1,350 citizens and advisors. The solution was built on AWS using DevOps practices, incorporating secure by design principles and a reusable architecture that leveraged existing UK government services where possible.

The platform supports the launch of low‚ income benefits, enabling payments of more than  £190‚ÄØmillion to nearly 100,000 households while providing a modern, scalable, and secure foundation for future public service delivery.","[Successfully launched first wave of benefits on schedule (late 2018‚Äìearly 2020), Paid over  £190\u202fm to ~100k households, Established a secure, flexible, and scalable AWS‚ based platform, Enabled rapid iteration and continuous improvement through Agile delivery, Demonstrated ‚ÄòDigital First Service Standards‚Äô at each phase]",[https://ibmgbs.loopio.com/library?entry=5289839]
5297280.md,Privileged Access Management Implementation for a National Bank,National Bank (unnamed),"Banking, Financial Services",CyberArk PUAM,"IBM delivered an end‚ to‚ end Privileged User Access Management (PUAM) solution to a national bank that had undergone major restructuring and lacked visibility into privileged access rights across its on‚ premise and cloud infrastructures. IBM conducted a compliance assessment, designed a new governance model with roles, responsibilities and processes based on industry best practice, and provisioned the PUAM tools over a 10‚ week accelerated delivery programme. The implementation included high‚ level and low‚ level designs for pre‚ production and production environments, installation and configuration of the PUAM software, establishment of support models, and onboarding of privileged accounts.","[Improved visibility into privileged access rights across the bank‚  infrastructure, Implemented a comprehensive PUAM governance model with defined roles and responsibilities, Reduced security risk by identifying and addressing privileged access vulnerabilities, Established a sustainable operating model for ongoing PUAM management]",[https://ibmgbs.loopio.com/library?entry=5297280]
5297281.md,Endpoint Security Implementation for DWP,Department of Work and Pensions (DWP),"Public Sector, Government","Tanium, Hybrid Cloud Estate","IBM delivered continuous improvement and extension of coverage with DWP for the selected Endpoint Security tool, Tanium. The project involved managing a prioritised backlog of work with the Digital Security team and Cyber Resilience Centre to extend Tanium coverage across DWP‚  on‚ premise environments from 25% to over 90% of in‚ scope devices within three months, reducing executive risk severity. IBM also delivered a high‚ level design and PoC for Tanium in the Department‚  hybrid cloud estate, defined the support model and associated processes, enabled key additional functionality around threat response and hygiene assessments, and performed numerous product upgrades to provide solution stability.

The accelerated delivery of Tanium allowed DWP to address long‚ standing constraints with services and improve overall endpoint security posture.","[Coverage increased from 25% to >90% in three months, Reduced severity of executive risk (Sub Risk 1.1), High‚ level design and PoC for hybrid cloud deployment, Defined support model and processes, Enabled threat response and hygiene assessment functionality, Stabilised solution through product upgrades]",[https://ibmgbs.loopio.com/library?entry=5297281]
5297282.md,DWP Public Cloud Instance Protection with Trend Micro SaaS,Department for Work and Pensions (DWP),"Government, Public Sector","Trend Micro SaaS, Hybrid Cloud (public cloud providers)","IBM partnered with DWP to deploy Trend Micro‚  SaaS solution across the Department‚  hybrid cloud estate, delivering instance protection and anti‚ malware capabilities. The engagement progressed through a proof‚ of‚ concept rollout for three initial applications, followed by engagement with all cloud‚ hosted applications prior to full product deployment. IBM then executed the product rollout across those applications and defined a support model and associated processes for Trend Micro within DWP‚  environment.","[Successful implementation of Trend Micro SaaS across multiple DWP cloud applications, Established automated onboarding of new cloud accounts to the Trend Micro console, Defined ongoing support and process framework for sustained protection]",[https://ibmgbs.loopio.com/library?entry=5297282]
5297283.md,DWP Certificate Lifecycle Management and PKI Implementation,Department for Work and Pensions (DWP),"Government, Public Sector","Venafi CLM product, DWP Root Certificate Authority (PKI)","IBM partnered with DWP over the last two years to design, deliver, and implement a comprehensive certificate lifecycle management solution using Venafi, as well as establish a new compliant DWP Root Certificate Authority. The project involved high‚ level designs, proof of concept, build planning, installation, configuration, support model definition, process updates, and scanning/ onboarding of certificates across multiple applications. Additionally, IBM delivered an accelerated design and implementation of the strategic root CA within four months, including policy management authority and compliance controls.","[High and low level designs completed, Design Authority approvals obtained, Proof of concept and lab environment built, Build plan, provisioning, and networking executed, Venafi software installed and configured by certified engineers, Support model defined with DWP Service Transition team, Updated CLM processes integrated with PKI administration, Scanned over 1,600 certificates; onboarding completed for 3 key applications (CIS, CPS) with 3 more in progress, High‚ level design of new root CA delivered within four months, Policy Management Authority defined and implemented ensuring compliance]",[https://ibmgbs.loopio.com/library?entry=5297283]
5297288.md,DWP Technology Services set out to create a World Class Service (WCS),Department for Work and Pensions (DWP),"Public sector, Government IT services",,"In 2018, DWP Technology Services partnered with IBM to develop a World Class Service (WCS). IBM facilitated extensive knowledge transfer through documentation, vendor certifications, shadowing, and co‚ creation of key processes. The collaboration focused on delivering a suite of IT operations tools, establishing major incident handling procedures, executing red‚ team activities, and documenting business processes for continuous improvement. IBM and DWP jointly developed Tooling Centres of Excellence to align stakeholders around toolchains and roadmaps.",Successful handover of all WCS activities to the Department in 2019; establishment of a transparent culture of knowledge sharing; creation of robust incident handling and red‚ team capabilities; ongoing support framework for new technology services.,[https://ibmgbs.loopio.com/library?entry=5297288]
5297289.md,Strategic Security Partner to NHS-Digital,NHS Digital,"Healthcare, Public Sector",SharePoint,"IBM acted as the Strategic Security Partner for NHS‚ Digital‚  Security Operations Centre (SOC), providing Threat Intelligence and Threat Hunting services. IBM procured a Threat Intelligence Platform, created written user guides, delivered classroom teaching, embedded SMEs, and offered 6‚ month refresher courses to train the SOC team. All training materials were stored on a SharePoint mini‚ site maintained by an NHS‚ Digital team member with IBM support. As the NHS‚ Digital staff became proficient, IBM‚  embedded SMEs were phased out and replaced by remote SOC Threat Analysts who answered queries via email and Slack, encouraging the NHS‚ Digital team to develop independent skills.","[Successful knowledge transfer enabling transition to business as usual, Reduced reliance on external consultants, Enhanced internal SOC capabilities]",[https://ibmgbs.loopio.com/library?entry=5297289]
5297291.md,Scottish Government Social Security Partnership with IBM for Hybrid Cloud Platform,Scottish Government Social Security (SG),"Public Sector, Government Services",Hybrid Cloud Platform,"In 2018, the Scottish Government Social Security (SG) partnered with IBM to create a new hybrid cloud platform that serves as the foundation for all social security services and benefits provided to citizens. IBM delivered comprehensive knowledge transfer (KT) measures, including business process documentation, capability roadmaps, phased skills profiling, recruitment, training plans, and end‚ user guidance. An IBM augmentation team supported cloud engineering activities and routinely handed over responsibilities and knowledge to newly hired client staff, each with an individual training and development plan.","[Smooth transition of responsibilities from IBM to SG staff, Phased reduction of IBM resource engagement, Timely go‚ live alignment with new platform capabilities, Minimized excess IBM resources and ensured business-as-usual continuity]",[https://ibmgbs.loopio.com/library?entry=5297291]
5297292.md,HS2 partnered with IBM to deliver a suite of Oracle products,HS2,Public sector (transport infrastructure),"Oracle Cloud Applications ‚Äì HR, Recruitment, Finance, Procurement","IBM worked with HS2 to implement Oracle-based solutions for HR, recruitment, finance and procurement. Rather than delivering knowledge transfer (KT) only at cut‚ over, IBM advised HS2 to select a small group of master users early in the project to begin KT while implementation was still underway. This enabled end‚ user training (EUT) to be conducted with a high trainer‚ to‚ trainee ratio and flexible scheduling. IBM also created online and interactive e‚ learning modules for all other staff, providing a repository that could be used for employee induction and refresher courses.

The approach leveraged HS2‚  existing internal expertise in tooling and processes, allowing the master users to play a pivotal role in EUT and ensuring a collaborative transfer of knowledge. The training program achieved strong results in the examinations set by HS2 and ensured 100% compliance with training for all staff.","[High trainer‚ to‚ trainee ratio during classroom sessions, Strong examination results as measured by HS2, 100% training compliance across all staff]",[https://ibmgbs.loopio.com/library?entry=5297292]
5297294.md,Collaborative Agile Delivery,Nationwide,Public Sector,,"We created a ‚ÄòCollaborative Agile Delivery‚Äô team consisting of client and IBM team members working side by side. We delivered training on Agile, Design Thinking and DevOps, including providing expert tutors and Agile Coaches to support the teams in delivery once the core IBM team had stepped away. This ensured Nationwide resources were able to successfully support the system moving forward.","[Nationwide staff gained knowledge transfer in Agile, Design Thinking and DevOps, Sustained business-as-usual operations with reduced reliance on external IBM team]",[https://ibmgbs.loopio.com/library?entry=5297294]
5297301.md,IBM Delivers Security Engineering Services to the Department for Work and Pensions (DWP),Department for Work and Pensions (DWP),"Public Sector, Government","Tenable, Tufin","Over the past 12 months IBM has owned end‚ to‚ end delivery of security tools for DWP, designing, building and implementing solutions such as Tenable and Tufin. The project involved a fully integrated delivery approach with a combined team working on single plans and sprint objectives, focusing on outcomes that meet DWP‚  needs. IBM leveraged its decades of experience supporting the Department to accelerate delivery and unblock constraints.

The implementation covered seven security tools, contributing to mitigation of key cybersecurity risks identified by DWP‚  Executive Team Risk 03 (ET03). Four of the seven sub‚ risks have already been mitigated, with a fifth forecasted for completion this calendar year. The work also enabled DWP to remove limited assurance from its annual internal audit assurance letter, meeting an objective set by the Permanent Secretary.

IBM‚  role included knowledge transfer and transition to Business As Usual (BAU) operations, ensuring DWP staff were fully equipped to manage the tools post‚ implementation.","[Mitigated four of seven sub‚ risks in Digital Security, Forecasted mitigation of an additional risk this year, Removed limited assurance from annual audit letter, Accelerated delivery and unblocked constraints]",[https://ibmgbs.loopio.com/library?entry=5297301]
5297302.md,IBM‚  delivery experience with DWP ‚Äì Firewall Management ‚Äì Tufin,Department for Work and Pensions (DWP),"Public sector, Government",Tufin,"IBM led the end‚ to‚ end delivery of the security tool Tufin for the Department for Work and Pensions (DWP). From design through to implementation, IBM managed all aspects of delivery including engagement with DWP teams, direct interaction with the vendor, training of end users, and full handover to DWP permanent staff. The project transformed Tufin into a functional firewall management capability that DWP teams now use to improve compliance and reduce identified risks.","[Improved compliance, Reduced security risks]",[https://ibmgbs.loopio.com/library?entry=5297302]
5297304.md,Protective Monitoring ‚Äì Splunk,Department for Work and Pensions (DWP),"Public Sector, Government",Splunk,"Within the Protective Monitoring capability, IBM has supported the end‚ to‚ end delivery of the security tool Splunk since early 2020. Working with Digital Security and CRC, the delivery team provided engineering services to extend Splunk coverage across DWP‚  on‚ premise hosted production estate and designed a streamlined Protective Monitoring infrastructure for strategic migration.

To date IBM has extended Splunk to approximately 50% of the Department‚  on‚ premise hosted production server estate (with the remainder slated for completion this year) and progressed the streamlined Splunk infrastructure design through DDA to implementation.","[Extended Splunk coverage to ~50% of on‚ premise production servers, Designed a streamlined Protective Monitoring infrastructure ready for strategic migration, Progressed design through DDA to implementation]",[https://ibmgbs.loopio.com/library?entry=5297304]
5297308.md,IBM‚  delivery experience with DWP,Department for Work and Pensions (DWP),"Public Sector, Government","Venafi Certificate Lifecycle Management, DWP Root Certificate Authority","Within the PKI domain, IBM has partnered with DWP to design and deliver two critical projects: the implementation of Venafi‚  Certificate Lifecycle Management product and the creation of a new compliant DWP Root Certificate Authority. The Venafi solution addresses DWP‚  lack of a unified certificate register across environments, eliminating security vulnerabilities and ensuring application availability. The new PKI strategy, originally set in 2016, was accelerated by IBM‚  engineering capabilities, significantly increasing delivery pace.","[Removal of security vulnerabilities related to unmanaged certificates, Improved application availability through centralized certificate management, Accelerated implementation of DWP‚  PKI strategy]",[https://ibmgbs.loopio.com/library?entry=5297308]
5369746.md,Coca‚ÄØCola Website Consolidation,Coca‚ÄØCola,"Consumer Goods, Beverage",,"IBM applied a human‚ centric design approach to consolidate three legacy corporate websites into a single user experience for Coca‚ÄØCola. The engagement began with workshops and stakeholder interviews to identify distinct user groups, followed by the creation of detailed personas that explored users‚Äô goals, frustrations, typical situations, and behaviors. These insights were translated into user stories to guide design decisions. IBM‚  designers then ideated using physical and digital prototyping, tested concepts with Coca‚ÄØCola stakeholders, and iterated based on feedback to ensure the final solution met user needs.","The project delivered a unified web presence that better aligned with user expectations and streamlined access to information across Coca‚ÄØCola‚  corporate sites. The human‚ centric process enabled clearer prioritization of features and improved stakeholder alignment, though specific metrics were not disclosed in the document.",[https://ibmgbs.loopio.com/library?entry=5369746]
5369828.md,Disclosure and Barring Service (DBS) Basic Check Service,Disclosure and Barring Service (DBS),"Public Sector, Government Services","Cloud hosting for core DBS solution, GOV.UK CMS integration, DNS entries and certificates, GOV.Pay integration, GOV.Notify integration","The team worked with the GOV.UK team to establish and host solutions within their service, beginning with a design thinking engagement during discovery and alpha phases. They delivered and supported digital services such as the ‚Äòbasic check‚Äô service for DBS, establishing cloud hosting for the core solution and setting up the required technical infrastructure‚Äîincluding DNS entries, certificates, and integration with GOV.UK CMS for landing and informational pages. The service is part of GOV.UK and integrates with several GOV.UK services including GOV.Pay and GOV.Notify.","[GDS assessment recognized the Basic Check service as an exemplar, highlighting strong agile ways of working and a flat co-located structure, Joint team won the 2020 Institute of Customer Service Award for ‚ÄòBest Use of Customer Insight‚Äô]",[https://ibmgbs.loopio.com/library?entry=5369828]
5383101.md,Improving Learning Experience for a Leading Insurance Client,Leading Insurance Client,Insurance,,"IBM implemented a user‚ centric digital learning solution based on IBM Enterprise Design Thinking, analytics dashboards, and an agile delivery model. The project focused on enhancing the learner experience to increase engagement, reduce turnover, and improve performance metrics. Analytics were used to track capabilities and ROI, while governance followed the IBM Garage framework.","[52% reduction in employee attrition, 32% improvement in performance, 75% reduction in learning vendors for a similar client, 98% of 400,000 practitioners transitioned to virtual work within 48 hours during COVID‚ 19]",[https://ibmgbs.loopio.com/library?entry=5383101]
5383199.md,DWP CoLo Migration,Department for Work and Pensions (DWP),"Public Sector, Government","CoLo hosting, Crown Hosting","IBM successfully built two new data centres in Crown Hosting, incorporating a CoLo capability within four months. The project involved migrating more than 60 business‚ critical systems across 1,500 servers, interconnecting the new sites with DWP‚  existing data centres to create a ‚Äò4‚ site‚Äô resilience architecture. IBM applied its Data Centre Migration Methodology and managed end‚ to‚ end delivery, including design, fit‚ out, operations, and smart‚ hands support via IBM Data Centre Advisor with Watson.","[Completed migration within four months, Migrated 60+ critical systems on 1,500 servers, Established a 4‚ site resilient infrastructure, Delivered the programme under an outcome‚ based contract providing cost and timescale certainty]",[https://ibmgbs.loopio.com/library?entry=5383199]
5383282.md,World Class Service with DWP,Department for Work and Pensions (DWP),"Public Sector, Government",,"IBM implemented a World Class Service approach to transform the Department for Work and Pensions‚Äô existing Network Operations Centre (NOC) into a modern, automated Operations Centre. The project focused on establishing end‚ to‚ end service governance, next‚ generation capabilities, cultural change, skills uplift, best‚ in‚ class tools, iterative delivery, application onboarding, and lean agile processes to support the department‚  cloud‚ based future.

The transformation involved deploying state‚ of‚ the‚ art monitoring, automation, and orchestration tools; embedding IBM SMEs alongside DWP staff; creating a ‚Äòred team‚Äô for incident response; enabling secure remote access; and publishing real‚ time business dashboards. The initiative was delivered in phased transitions to minimise disruption while rapidly delivering new capabilities.

Key outcomes included:
- Reduction of lost productivity from 2% of all business hours to less than 0.03%, freeing up time for frontline service delivery.
- Savings of over  £50‚ÄØmillion through increased operating efficiency.
- Significant improvements in system performance and availability, with the goal of zero production outages achieved within weeks and sustained through continuous improvement.

The project serves as a foundation for future cloud‚ centric operations across SLC‚  technology estate.","[Reduced lost productivity from 2% to <0.03%, Saved over  £50 million in operating costs, Improved system performance and availability, aiming for zero production outages]",[https://ibmgbs.loopio.com/library?entry=5383282]
5383346.md,Command Centre for Continuous Linked Settlement (CLS) Bank,Continuous Linked Settlement (CLS) bank,"Financial Services, Foreign Exchange Trading","Red Hat Ansible, Ansible Tower, OpenShift, Azure Advisor, AWS Trusted Advisor, AWS Systems Manager Patch Manager, Azure Log Analytics Agent, AWS CodeCommit, Azure DevOps, Git, Jenkins, Tekton, AWS CloudWatch, Azure Monitor","The project involved designing, building and operating a real‚ time command centre that monitors the highly resilient automated platforms responsible for settling 60% of the world‚  foreign exchange trades each day, valued at $6 trillion. The system was built to be platform and technology agnostic, integrating with existing on‚ premise, cloud and colocation environments. It leveraged open source tooling (Ansible, Ansible Tower, OpenShift) alongside managed services such as Azure Advisor, AWS Trusted Advisor, CloudWatch, and Azure Monitor to provide intelligent automation, continuous monitoring, alerting, and business insight. During the COVID‚ 19 crisis on 18 March 2020, trading volumes surged by over 50% to a record $13.4 trillion; the infrastructure automatically scaled without any discernible performance degradation.","[Automatic scaling of infrastructure during unprecedented volume surge, No performance degradation observed during peak load, Real‚ time operational insight across multi‚ platform environments, Reduced reliance on custom integrations through out‚ of‚ the‚ box cloud orchestration tools]",[https://ibmgbs.loopio.com/library?entry=5383346]
5384098.md,"IBM achieved a 50% reduction in the amount of time tickets remain open, improving overall efficiency for Citibank",Citibank,"Banking, Financial Services",,"The document outlines an enhanced helpdesk solution that integrates key ITIL processes such as change and release management, application and infrastructure availability and capacity management, and the implementation of third‚ party SLAs and OLAs. The goal is to provide proactive reporting and monitoring capabilities for incident and problem management.","[50% reduction in the amount of time tickets remain open, improved overall efficiency]",[https://ibmgbs.loopio.com/library?entry=5384098]
5384193.md,NHS Digital Security Pilot Programme,NHS Digital,"Healthcare, Public Sector","Next Generation Firewalls, Cloud Access Security Broker (CASB) technology, Endpoint Protection, System Configuration Management tools","In a recent programme for NHS Digital, the team conducted trials of Next Generation Firewalls, Cloud Access Security Broker technology, Endpoint Protection and System Configuration Management tools across 15 NHS trusts. The pilots involved liaising with vendors, managing deployment and testing schedules, and conducting surveys and after‚ care meetings to produce evidence tables that compared outcomes.","[Enabled NHS Digital to compare the cost-to-protection ratio of different security technologies, Identified which technologies provided the greatest value for money, Provided a data-driven basis for future tool selection]",[https://ibmgbs.loopio.com/library?entry=5384193]
5384202.md,Customer Success Highlights,Nationwide,Financial Services,,"The Bidder describes its methodology for modernising IT portfolios and includes a success metric: by utilising specific skillsets combined with managing the entire programme, they achieved a 30% increase in on‚ time software delivery and a 50% increase in software quality over the last three years. User downtime decreased by 70% and productivity increased as 58% of developers moved to the industry top quartile in productivity measures.","[30% increase in on‚ time software delivery, 50% increase in software quality, 70% reduction in user downtime, 58% of developers reached top quartile productivity]",[]
5384254.md,Hertz MVP in 14 Days,Hertz,"Automotive Rental, Mobility Services",,"IBM Garage teams designed, built, and deployed a minimum viable product (MVP) for Hertz within 14 days. The solution focused on improving operational efficiency and cost management for the rental fleet. The rapid development cycle leveraged IBM‚  design thinking and agile delivery practices to create a user‚ centric system that could be integrated into Hertz‚  existing technology stack.","Achieved 20% cost savings in the first two months after deployment, demonstrating significant value from accelerated time‚ to‚ market and streamlined processes.",[]
5384319.md,Automated Testing Implementation for a Large Food Retailer,Large Food Retailer,Food Retail,,"IBM implemented 3,000 automated test cases to improve productivity and quality for a large food retailer. The approach involved writing agnostic, configurable tests that could run in any environment, integrating them into CI/CD pipelines, and automating as many tests as possible while retaining manual triggers where necessary.","[Improved productivity by 20%, Reduced defect leakage from 14% to 0.4%, Zero Sev1 and Sev2 defects over the following three years, Achieved 100% SLA attainment]",[]
5393916.md,Replacement Enterprise Data Platform for DWP,Department for Work and Pensions (DWP),"Public Sector, Government Services",,"The project involved developing a replacement enterprise data platform to replace DWP‚  inefficient and overly complex Customer Information System. The approach combined conventional and digital change techniques, including Design Thinking, user personas, agile development, iterative stakeholder engagement, and DevOps practices. The solution integrated multiple legacy data sources while meeting complex security and scalability requirements. Internal IT teams were involved throughout design and handover to ensure supportability and operational readiness.

The live service now supports over 90,000 users and was awarded DWP‚  flagship project of the year. After completion, the platform was fully handed over to up‚ skilled DWP employees who continue to manage, maintain, and improve it using the processes established during the first phase.

A similar model is recommended for UKSA, emphasizing knowledge sharing, cultural shift, and collaborative delivery between IBM and UKSA teams.","[Live service supporting 90,000+ users, Awarded DWP‚  flagship project of the year, Successful handover to internal staff enabling ongoing maintenance without external support]",[https://ibmgbs.loopio.com/library?entry=5393916]
5393957.md,"First‚ of‚ a‚ kind agile, iterative transformation for DWP",Department for Work and Pensions (DWP),"Public Sector, Government Services",AWS,"IBM delivered an agile, sprint‚ based transformation for the UK Department for Work and Pensions (DWP). The joint teams adopted transparent collaboration practices, including daily stand‚ ups, sprint reviews with broad stakeholder attendance, lunch & learn sessions, and shared tooling such as Jira across suppliers. The project leveraged Site Reliability Engineering principles and GDS Service Manual guidelines to deliver incremental, user‚ focused improvements. IBM also supported the development of a Basic Check service hosted on AWS, integrating with a TCS‚ run application hosted by DXC.","The transformation became a key reference project for DWP, earning recognition as the best public sector project at the national Technology Awards. It established a high‚ trust culture across multiple suppliers and enabled DWP to continue the project independently if desired.",[https://ibmgbs.loopio.com/library?entry=5393957]
5567402.md,Lloyds Banking Group DevOps CoE Case Study,Lloyds Banking Group,Financial Services,,"Proposal for establishing a DevOps Center of Excellence at Lloyds Banking Group, outlining strategies and implementation plans.",,[https://ibmgbs.loopio.com/library?entry=5567402]
5585035.md,BPs journey to becoming a leading energy service provider,BP,Energy Services,"AWS, Azure","On BPs journey to becoming a leading energy service provider, they must replace legacy systems and rapidly roll‚ out new global solutions. A team of 45 IBMers engineered with them a new full‚ stack customer experience platform using a large‚ scale Java and JavaScript microservice architecture. We used flexible React/HTML5 ""micro frontend"", reusable component libraries, and highly modular backend deployed in Docker containers on both AWS and Azure. The Git based CI/CD pipelines include automated BDD, e2e and performance testing utilising Cucumber, Selenium and JMeter.",The new platform now hosts 30+ applications across the global BP estate; the first launch within 3 months.,[https://ibmgbs.loopio.com/library?entry=5585035]
5585037.md,Online Criminal Record Check with the Disclosure Barring Service,Disclosure Barring Service,"Public sector, Government services",,"IBM designed and delivered an online criminal record check platform for the Disclosure Barring Service (DCS), embedding Government Digital Service (GDS) design standards and WCAG 2.1 AA accessibility requirements into every phase of development. The team created personas, mapped user journeys, identified accessibility needs early, and iteratively prototyped and tested solutions with users, including those using assistive technologies such as JAWS and Apple/Android screen readers. GDS assessments were built into sprint cycles, achieving an exemplar rating that enabled the service to go live on time.","[Compliance with WCAG 2.1 AA and Service Design Standards, Exemplar rating from GDS assessments, Successful go‚ live on schedule]",[https://ibmgbs.loopio.com/library?entry=5585037]
5585038.md,Partnering with Scottish Government since 2017 to jointly deliver their Social Security benefits,Scottish Government,"Public Sector, Government Services",,"IBM partnered with the Scottish Government from 2017 to deliver social security benefits. The project employed blended multi‚ disciplinary teams across all agile roles defined in the DDaT Skill Framework, delivering iterative outcomes within tight legislative timeframes. IBM assembled a team of 280 professionals including delivery managers, product managers, researchers, content and product designers, business analysts, architects, developers, DevOps, platform engineers and testers. The focus was on fostering a badge‚ less culture, establishing skill communities, agreeing common ways of working, and collaborating towards shared goals as part of committed outcome‚ based complex programme delivery.",Delivered 7 new user‚ centred benefits in two years,[https://ibmgbs.loopio.com/library?entry=5585038]
5864797.md,Semaphore ‚Äì Secure Messaging System for UK Home Office,UK Home Office,"Government, Public Sector","AWS, Kafka, EKS (Amazon Elastic Kubernetes Service), Container technologies, IAM, Certificate Manager, KeyCloak","The document details the design, build and support of Semaphore, a secure end‚ to‚ end messaging system for the UK Home Office. The solution handles sensitive passenger data for border control, ingesting PNR messages from carriers via multiple security zones, encrypting all traffic, and forwarding them through IBM MQ to more secure zones before returning responses. It supports over 1.4‚ÄØbillion passenger movements annually with zero downtime, scaling to an average peak of 100 passenger movements per second (‚âà4‚ÄØmillion passengers daily). The architecture uses clustered queue managers, distributed queuing, and active‚ active‚ active deployment across multiple AWS availability zones, providing high resilience and 99.999% availability.

Additionally, the document references a Kafka‚ based messaging solution for the Schengen‚ area EU border control, deployed on Kubernetes with 65 edge implementations feeding three central clusters, achieving zero data loss and fault tolerance through multi‚ master databases.

The implementation also includes migration of APM to AWS, leveraging cloud-native services (EKS, IAM, Certificate Manager) and containerization for elastic scalability and reduced hardware dependencies.","[Processed >1.4\u202fbillion passenger movements yearly with zero downtime, Scalable to 100 passenger movements per second peak, 99.999% availability target met, Zero data loss achieved in Kafka solution, Migrated APM to AWS enabling elastic scalability and multi‚ zone resilience]",[https://ibmgbs.loopio.com/library?entry=5864797]
5878391.md,Social Security Scotland (SSS) New Benefits Platform,Social Security Scotland,"Public Sector, Government",AWS Cloud,"The project involved creating a new benefits platform for Social Security Scotland following the devolution of additional powers. The solution was built on AWS Cloud using an automated Infrastructure as Code approach aligned with SSS‚  architectural vision. Agile teams rapidly iterated on the live service, maintaining and improving quality standards while delivering new benefit types every six weeks. DevOps practices, CI/CD pipelines, and automated testing were employed to ensure rapid deployment and high reliability.","[Enabled delivery agility allowing technical teams to deliver at pace, Reduced recovery times during service interruptions, Achieved continuous rollout of new benefit types every 6 weeks, Won the MCA award for Best Change and Transformation Project in Public Sector 2020]",[https://ibmgbs.loopio.com/library?entry=5878391]
5878392.md,Digital Service Transformation for the Disclosure and Barring Service,Disclosure and Barring Service (DBS),"Government, Public Sector",AWS,"The project involved partnering with DBS to deliver their first digital service for background‚ check applications. The engagement began with user‚ centric design, iterative prototyping, and agile scrum teams. In the beta phase a production‚ strength service was built on AWS, meeting UK government security standards and NCSC guidelines. The solution incorporated automated DevOps pipelines, rigorous code quality checks, and WCAG‚ÄØ2.1‚ÄØAA accessibility compliance tested with assistive technologies such as JAWS and Apple/Android screen readers.","Successfully achieved GDS Alpha assessment against the Digital Service Standard criteria; recognised for high maturity in DevOps and automated security testing; delivered a secure, compliant cloud service that enabled DBS to transition to agile in‚ house delivery.",[https://ibmgbs.loopio.com/library?entry=5878392]
6020429.md,IBM works with Disclosure and Barring Service to deliver digital services,Disclosure and Barring Service (DBS),"Public sector, Government services","Cloud native engineering approaches, DevOps CI/CD pipelines, Site Reliability Engineering (SRE)","IBM partnered with the Disclosure and Barring Service (DBS) and other supplier engineering teams to deliver digital services. The technical approach leveraged modern cloud‚ native engineering practices, agile sprints, parallel streams of work, Design Thinking, User Personas, Journey Maps, and a product‚ centric continuous improvement model. IBM implemented DevOps CI/CD pipelines and SRE practices to automate delivery, reduce technical debt, and prioritize enhancements through a shared backlog.","[Reduced technical debt, Improved delivery speed and quality, DBS won the 2020 ‚ÄòBest Use of Customer Insight‚Äô award]",[https://ibmgbs.loopio.com/library?entry=6020429]
6020431.md,Kone Migration to AWS Transit Gateway,Kone,"Elevator & Escalator Manufacturing, Building Services","AWS Transit Gateway, WAFs, VPNs, Proxies","IBM migrated Kone‚  legacy Cisco ISR/VPN solution to AWS Transit Gateway. The design addressed multiple provider entry points and both dedicated and shared customer services, requiring careful planning to avoid traffic black‚ holes. Additional Transit Gateway attachments were used to adjust routing metrics. IBM also supported the broader solution with WAFs, VPNs, and proxies. The migration was repeatable across environments, completed in a shorter period, and achieved zero downtime for all Kone services.","[Repeatable deployment model, Multiple environment support, Reduced migration time, Zero downtime]",[https://ibmgbs.loopio.com/library?entry=6020431]
6020432.md,NHS Digital Enterprise Cloud Transformation,NHS Digital,"Healthcare, Public Sector","AWS SSO, AWS Control Tower, Account Factory for Terraform, Infrastructure as Code (IaC)","IBM addressed challenges faced by NHS Digital‚  Enterprise Cloud organization, transforming a largely unmanaged 400+ account environment into a modular, flexible, and integrated platform. The solution deployed AWS SSO, Control Tower, and an IaC‚ based Account Factory for Terraform to enable best‚ practice governance, secure segregation, and single sign‚ on across multiple accounts.","[Improved security posture through guardrail coverage, Enhanced compliance with NHS Digital standards, Scalable account provisioning via modular design, Simplified onboarding of legacy accounts into a securely segregated model]",[https://ibmgbs.loopio.com/library?entry=6020432]
6020440.md,DevOps as a Service for Disclosure and Barring,Disclosure and Barring Service,"Public Sector, Government Services",AWS,"IBM delivers DevOps squads to the Disclosure and Barring Service (DBS) to execute their digital services roadmap. Using modern iterative engineering, lean methodologies based on Six Sigma, Design Thinking, User Personas, Journey Maps, and feedback loops, IBM evolves AWS services in a product‚ centric continuous improvement manner. The approach includes removing overheads from DevOps CI/CD pipelines, streamlining release governance, and applying FinOps aligned to the AWS Well‚ Architected Framework to reduce Home Office consumption.","[Reduced Home Office cloud consumption, Awarded ‚ÄòBest Use of Customer Insight‚Äô at the 2020 UK Customer Satisfaction Awards]",[https://ibmgbs.loopio.com/library?entry=6020440]
6020442.md,Scottish Government Benefit Processing Platform,Scottish Government,"Public Sector, Government Services",AWS,"Designed and built a first‚ of‚ kind benefit processing platform for the Scottish Government, delivering a fully automated, resilient infrastructure and security service within five months. The solution provides an AWS hosting environment on which the application went live, with L3 support covering incident, change, problem management, application, infrastructure and security management, as well as operational procedures and automation.",Processed 80‚ÄØbillion platform events in the first five months while ensuring secure routing and processing of data from hundreds of sources.,[https://ibmgbs.loopio.com/library?entry=6020442]
6020446.md,Scottish Government Digital Cloud Platform,Scottish Government,"Public Sector, Government Services",AWS,"From 2018 to-date, we have worked with Scottish Government to build, manage and enhance their digital cloud platform which has enabled payments of over  £190m to nearly 100,000 households. Our DevOps / SRE practices support this AWS platform which needs to react and evolve to the increasing number of benefit services that are deployed (typically every six weeks).","[Platform scaled to handle growing service deployments, Automated disaster recovery enabled rapid recovery from large-scale incidents, Awarded the Change and Transformation award at MCA Awards 2020]",[https://ibmgbs.loopio.com/library?entry=6020446]
6020452.md,"Demonstrate proactive account leadership to deliver the level of support and resources required to foster knowledge transfer and on track, quality deliverables in a multi-vendor, multi-disciplinary approach and environment",Social Security Scotland,"Public Sector, Government",,"Central to our approach is proactive account leadership. For Social Security Scotlands account leads ensured accurate forecasting of resources to support multi‚ vendor teams. We created a central document library to provide the foundations for active knowledge transfer to support effective on and off boarding of resources across the value chain. Our account lead worked with the team to deploy automated tools and agile techniques to improve the quality of deliverables, sharing quality trends and KT progress dashboards in retrospectives. This provided the client team with an effective view on performance and progress across their multi‚ vendor, multi‚ disciplinary environment.","[Accurate forecasting of resources, Improved knowledge transfer and onboarding processes, Enhanced quality of deliverables through automated tools and agile techniques, Visibility into performance and progress via dashboards]",[https://ibmgbs.loopio.com/library?entry=6020452]
6502079.md,Agile Software Development and Support for Projects and Products of the ≈†KODA AUTO a.s. - UK Garage,≈†KODA AUTO a.s.,"Automotive, Automotive Manufacturing",IBM Garage Methodology,"The case study describes how ≈†KODA AUTO‚  development capabilities were enhanced by adopting the IBM Garage methodology. By applying this approach, the company was able to bring the speed and agility of a startup to the scale of an enterprise, enabling the creation of better digital products and services that align with its 2025 strategy.","Improved development velocity, increased ability to deliver high‚ quality digital products and services, and alignment with long‚ term strategic goals for 2025.",[https://ibmgbs.loopio.com/library?entry=6502079]
6534439.md,Ensuring Accessibility in Benefit Services for Scottish Government,Scottish Government,"Public Sector, Government Services",,"IBM delivered benefit services to the Scottish Government by applying extensive research, iterative testing, best practice reviews, accessibility audits and expert guidance. The approach involved aligning with WCAG 2.1 AA/AAA standards, leveraging IBM‚  global accessibility experts, and using the Equal Access Toolkit to embed accessibility throughout project planning, development, testing, and launch. This tailored strategy ensured that all services and products were fully accessible to their intended users.",Achieved a 97% positive satisfaction rate from applicants for the accessible services.,"[https://ibmgbs.loopio.com/library?entry=6534439, https://www.ibm.com/able/]"
6534440.md,"IBM worked with Department of Work and Pension (DWP) to develop a service allowing 90,000 government users to quickly and easily query over 100 million national insurance records",Department of Work and Pension (DWP),"Government, Public Sector",,"IBMs Enterprise Design Thinking framework demonstrates that prototypes are fundamental to how IBM solves problems. IBM worked with the Department of Work and Pension (DWP) to develop a service allowing 90,000 government users to quickly and easily query over 100 million national insurance records. This successful project had high user satisfaction ratings of 77%, better access to key data, resulting in the DWP transitioning 90,000+ staff to the new service with 0 hours of training needed, achieved through extensive qualitative and quantitative research and usability testing throughout. The design and technical teams built many prototypes of varying fidelity to evaluate hypotheses and establish how to deliver better user, business and technical outcomes. This significantly de-risked the delivery of highly technical features, aligning the team on the problem to be solved and amassing stakeholder buy-in before a single line of code was written.","[High user satisfaction ratings of 77%, Improved access to key data, Transition of 90,000+ staff to new service with zero training hours]",[https://ibmgbs.loopio.com/library?entry=6534440]
6534442.md,Reimagining how they use over 100 million national insurance records,Department for Work and Pensions (DWP),"Government, Public Sector",,"The DWP asked IBM to reimagine how they use over 100 million national insurance records to administer UK benefit support, using a legacy database that is part of the UK‚  critical national infrastructure. IBM conducted qualitative user research, Design Thinking workshops and quantitative surveys to uncover the needs of diverse user groups. End‚ to‚ end user journeys were designed and prototyped, with iterative user testing and co‚ design sessions to continuously improve the product. Using Agile, IBM integrated multiple legacy data sources while meeting complex security and scalability requirements. Service blueprinting linked user interaction flows with services and integrations, creating a living document that built consensus across technical, design and business teams and identified inconsistencies.

The UCD team developed deep technical knowledge of APIs and microservices, read and interpreted JSON files fluently, and understood complex technical and data constraints to succeed on the project.",12% increase in agents‚Äô trust in the information provided; 16% increase in clarity of information; 8% increase in overall satisfaction despite no change to the database,[https://ibmgbs.loopio.com/library?entry=6534442]
6534443.md,BP Retail Digital Payment Platform,BP Retail,"Oil & Gas, Fuel Retail",,"IBM collaborated with BP Retail and PayPal to create a seamless, multi‚ channel digital payment experience for customers. Using user‚ centered design (UCD) methods, IBM worked closely with BP Retail stakeholders and product owners to ideate, prioritise, prototype and validate the service through guerrilla testing at UK BP petrol stations and usability tests with BP employees from the cashier‚  perspective. The program began as a single market ‚Äòpay@pump‚Äô feature and expanded to native Android and iOS apps in four markets worldwide, added web as a new digital channel, and launched BP‚  first loyalty programme. The result is an omni‚ channel experience that has earned the BPme iOS app a rating of 4.5+ stars in the App Store.","[Seamless multi‚ channel payment experience across mobile and web, Rapid scaling from single market to four global markets, Launch of BP‚  first loyalty programme, High user satisfaction with 4.5+ star rating on the App Store]",[https://ibmgbs.loopio.com/library?entry=6534443]
6534444.md,IBM works with Scottish Government to deliver low‚ income benefit services,Scottish Government,"Public Sector, Government Services",,"IBM‚  design teams, embedded with 20+ user researchers, UX and service designers, partnered with the Scottish Government‚  technical, development, product and policy leads to research, design and deliver eight new low‚ income benefit services. Using Agile methodology and User‚ Centred Design (UCD), they built cross‚ functional teams that delivered high‚ quality end‚ to‚ end services on an ambitious schedule, incorporating early user testing and continuous improvement research.","[Delivered 8 new benefit services impacting over 100,000 Scottish households, Achieved an average customer satisfaction score of 97%, Won the Change and Transformation project award at MCA Awards 2020]","[https://ibmgbs.loopio.com/library?entry=6534444, https://resources.mygov.scot/standards/digital-first/]"
6534451.md,Food Standards Agency (FSA) Food Business Registration Service,Food Standards Agency,"Public Sector, Government, Food Safety",,"IBM collaborated with the FSA design team, stakeholders, policy makers and local council representatives to develop a food business registration service. IBM acted as a catalyst for digital delivery, engaging in user‚ centred design activities that were adopted by the FSA for their own projects and upskilled other colleagues, resulting in organic growth of user‚ centred delivery.",Net Promoter Score of 9.5/10 awarded to IBM; upskilling of FSA staff leading to broader adoption of UCD practices within the organization.,[https://ibmgbs.loopio.com/library?entry=6534451]
6534454.md,Cyber Security Innovation Factory,NHS Digital,"Healthcare, Public Sector",,"Our designers partnered with the NHS Digital Cybersecurity team as their Innovation Garage delivery partner to co‚ develop a joint Cyber Security Innovation Factory. Using IBM Garage techniques such as Problem Hypothesis Statements, Opportunity Canvases and Experimentation Boards, we sourced user‚ led ideas from across the NHS ecosystem through our Enterprise Design Thinking method. These ideas were then taken through a series of workshops to prioritise the highest value items, aligning user needs with business value and technical feasibility.","[Established a structured innovation factory for cyber security within NHS Digital, Captured and prioritized high‚ value user‚ led ideas across the NHS ecosystem, Enabled rapid experimentation and prototype development]",[https://ibmgbs.loopio.com/library?entry=6534454]
6540450.md,Strategic Trace Platform Infrastructure for NHS T&T,IBM and NHS Test & Trace,"Healthcare, Public Health",,"IBM, in partnership with NHS Test & Trace (NHS‚ÄØT&T), successfully delivered a strategic Trace platform infrastructure on which a portfolio of products was built. The portfolio included International Arrivals (IAC), Managed Quarantine (IAQ), Covid Test Results Matching and Enquiries Feedback & Complaints (EF&C) services, a Real Time Test Results Service (RTTS), and Contact Centre and Agent Migration. These products were operated at national scale, serving over 65‚ÄØmillion people as an integral part of the national infrastructure for health and care in support of the fight against COVID‚ 19. The implementation was planned, managed, implemented and maintained through a DevOps method, coordinating delivery across the product portfolio and individual products with modular components that enabled rapid development, reuse, and access via direct connections and APIs.","[Delivered national‚ scale services supporting over 65\u202fmillion people during the COVID‚ 19 pandemic, Enabled rapid development and reuse of modular capabilities across multiple health services]",[https://ibmgbs.loopio.com/library?entry=6540450]
6540451.md,Apply for National Insurance Number,Department for Work and Pensions (DWP),"Public Sector, Government Services",,"IBM delivered a new digital service ‚Äì the ‚ÄòApply for National Insurance Number‚Äô product ‚Äì to DWP in just eight weeks during the COVID‚ 19 pandemic. The project followed the GDS Service Manual and Scrum framework, incorporating mock assessments and continuous health checks with DWP‚  digital assessment team.","[90,000+ applications processed since go‚ live, 57% improvement in application processing performance, 81% user satisfaction rating,  £108m anticipated operational savings]",[https://ibmgbs.loopio.com/library?entry=6540451]
6540454.md,How we will leverage business and user benefits using an agile approach,NHS Transformation & Technology (NHS T&T),"Healthcare, Public Sector",,"The document outlines an integrated Agile DevOps delivery method applied to the Spine Clinicals programme in partnership with NHS T&T. It describes how blended squads focus on user needs and business outcomes, visualising work flow through backlog management, prioritising value via techniques such as value trees and pain‚ point trackers, and aligning product squads to measurable, value‚ based metrics. The approach enabled rapid reprioritisation in response to pandemic‚ driven policy changes, delivering over 100 regular deployment and maintenance releases from inception to production within nine months across multiple partners and up to seven different systems.","‚Ä¢ Delivered more than 100 regular deployment and maintenance releases in 9‚ÄØmonths.
‚Ä¢ Reviewed and signed off 22 major design changes within a 9‚ week period, aligning with business benefits, user needs and policy changes.
‚Ä¢ Enabled rapid reprioritisation and flexible product roadmaps to respond to changing pandemic requirements.",[https://ibmgbs.loopio.com/library?entry=6540454]
6540461.md,Migration of Apigee Edge to Apigee X for a top‚ tier UK bank,Top‚ tier UK bank (unnamed),"Financial Services, Banking","Apigee Edge, Apigee X, Google Cloud Platform, Terraform, Jenkins, Helm, Node.js library, Google Secrets Manager","The project involved migrating the bank‚  entire integration layer‚Äîcomprising all APIs for mobile applications and internal/external web services‚Äîfrom Apigee Edge (SaaS) to Apigee‚ÄØX on Google Cloud.  The migration leveraged existing configurations (workflows, proxies, KVMs) from Edge, re‚ deployed them using the Node.js library provided by Google, and stored encrypted configuration data in Google Secrets Manager.  Infrastructure as code was managed with Terraform, continuous integration pipelines were built with Jenkins and Helm, and test environments were created to validate both infrastructure and product configurations.","[Successful migration of all APIs to Apigee\u202fX without loss of functionality, Re‚ use of existing Edge configurations reducing rework, Automated deployment pipelines enabling rapid, repeatable releases, Enhanced security through use of Google Secrets Manager]",[]
6540466.md,TK-App,Techniker Krankenkasse (TK),"Health Insurance, Statutory Health Care",,"IBM partnered with Germany‚  largest statutory health insurer, Techniker Krankenkasse (TK), to develop and deliver the TK‚ App. The app was built from inception through to a live service using an agile, user‚ centric methodology aligned with the UK Government Digital Service (GDS) process. IBM leveraged its extensive experience in onboarding suppliers and integrating third‚ party services, having previously worked on similar projects such as the Spine Clinicals Programme. The TK‚ App is available nationally to all TK customers and integrates with five statutory insurers and three additional third‚ party services, while also supporting 30 private insurers.

The project followed a four‚ phase approach (Engage, Learn/Sustain, etc.) and employed agile ceremonies, playbacks, team charters, service blueprints, and tooling to streamline the onboarding process. IBM created a community of practice for onboarding and integration, managed stakeholder engagement across client, government, and third‚ party partners, and established operational meetings and strategic innovation boards to guide product roadmap and regulatory compliance.

The result is a scalable national solution that currently serves over 370,000 users and has the capacity to support tens of millions.","[Over 370,000 active users, Scalable to tens of millions of users, Successful onboarding of multiple statutory and private insurers, Established community of practice and stakeholder engagement framework]",[https://ibmgbs.loopio.com/library?entry=6540466]
6540504.md,Global Airline Merchandising Platform Transformation,Global Airline,"Aviation, Airline","DevOps practices, AIOps, ChatOps, Observability (Splunk)","The project involved working with a Global Airline client to promote self‚ service, develop a new merchandising platform, dynamically scale infrastructure, reduce maintenance costs and introduce modern DevOps practices. The platform was designed for high availability and operational reliability, leveraging cognitive analytics to support Site Reliability Engineering (SRE).","[Achieved 99.8% availability, Reduced Mean Time Between Resolution (MTBR) and Mean Time To Resolve (MTTR) through automated insights, Cut test cycle times by 30‚ 50% via test automation]",[https://ibmgbs.loopio.com/library?entry=6540504]
6540505.md,Example Implementation at a North American Automotive Insurer,North American Automotive Insurer,Automotive Insurance,"DevOps observability, AIOps, Site Reliability Engineering (SRE), ChatOps","IBM‚  AIOps, ChatOps, Site Reliability Engineering and DevOps observability were applied to the insurer‚  platform, resulting in a 2X increase in delivery velocity, 99.99% availability and a 20% cost reduction.","[2X Delivery velocity, 99.99% availability, 20% cost reduction]",[]
6540710.md,NHS Digital COVID Test and Trace Solution,NHS Digital,"Healthcare, Public Health",,"IBM partnered with NHS Digital to build a replacement COVID Test and Trace solution. Within the first week IBM ramped up an experienced Agile team of 50, further expanding the team over subsequent months and rotating individuals in and out as required.","[Accelerated mobilisation of a dedicated agile delivery team, Flexible resource profile aligned with project milestones, Rapid scaling to meet evolving testing and tracing needs]",[https://ibmgbs.loopio.com/library?entry=6540710]
6540716.md,"Scotland Government and IBM co‚ created a scalable, integrated, cloud‚ based benefits solution enabling citizens to apply via a portal for Low‚ Income Benefits",Scottish Government,"Public Sector, Government Services",Cloud-based benefits platform (public cloud),"IBM partnered with the Scottish Government to design, develop and deploy an integrated, cloud‚ based portal that allows citizens to apply for low‚ income benefits. The project mobilised seven agile development teams over a six‚ week period, covering service design, analysis, architecture and solution development. IBM leveraged its Factory Services model, drawing on a flexible resource pool and AI‚ enabled skill matching to rapidly scale the delivery team.","[Rapid deployment of a scalable portal within 6 weeks, Integrated benefits application process for citizens, Demonstrated ability to mobilise cross‚ functional teams across public sector engagements]",[https://ibmgbs.loopio.com/library?entry=6540716]
6540756.md,Apply for National Insurance Number,Department for Work and Pensions (DWP),Government/Public Sector,,"IBM delivered a new digital service for DWP‚  ‚ÄòApply for National Insurance Number‚Äô in 8 weeks during the Covid‚ 19 pandemic, following the GDS Service Manual. The project included discovery, alpha, beta and live agile delivery phases, fortnightly health checks with DWP‚  digital assessment team, GDS preparation sessions each sprint, and early engagement of user research and design assessors.","Since go‚ live there have been 90,000+ applications processed, a 57% performance improvement in application processing time, an 81% user satisfaction rating, and an anticipated  £108‚ÄØmillion operational savings.",[]
6540791.md,Apply for National Insurance Number ‚Äì Digital Service,Department for Work and Pensions (DWP),"Public Sector, Government Services",,"The project delivered a new digital service for applying for a National Insurance Number within eight weeks during the Covid‚ 19 pandemic. The team followed the Government Digital Service Service Manual, employing agile delivery, user research, and design thinking to create an accessible, citizen‚ facing portal. Key features included streamlined application workflows, real‚ time status updates, and automated data validation against existing government databases.","‚Ä¢ 90,000+ applications processed
‚Ä¢ 57% improvement in application processing performance
‚Ä¢ 81% user satisfaction rating
‚Ä¢ Anticipated  £108‚ÄØmillion operational savings",[]
6540793.md,NHS England & Improvement Cloud Data Platform,NHS England & Improvement,"Healthcare, Public Health","Microsoft Azure Synapse Analytics, Tableau, React.JS, ASP.NET Core 3.1, Okta IDAM, Infrastructure as Code, DevOps CI/CD","The document details IBM‚  delivery of a comprehensive Cloud Data Platform for NHS England & Improvement over the past three years. The platform includes front‚ end visualisation dashboards (ViewPoint, Model Hospital, NCIP), a Unified Data Access Layer (UDAL) built on Azure Synapse Analytics, and an Insight Platform providing single sign‚ on identity and access management via Okta. Agile product development, user research, automated testing, and reusable data engineering components were employed to integrate disparate NHS and government datasets, modernise legacy SQL procedures, and deliver interactive dashboards that highlight unwarranted variation in hospital performance.","[Improved healthcare outcomes for the population of England, Enhanced data visibility through visualisation dashboards (ViewPoint, Model Hospital, NCIP), Streamlined data acquisition via UDAL enabling integration of legacy datasets, Reduced dependency on external suppliers by migrating Cerner infrastructure to NHS-owned hosting, Accelerated delivery and reduced risk through Agile Scrum/Kanban practices, Improved operational efficiency in granting user access with the Insight Platform]",[https://ibmgbs.loopio.com/library?entry=6540793]
6540803.md,Successful Implementation example,Social Security Scotland,"Public Sector, Government","AWS EC2, AWS Lambda, Amazon S3, AWS Fargate, Amazon Redshift, AWS Cost Explorer, AWS Organizations, AWS Compute Optimizer, AWS Cost Anomaly Detection","The project involved implementing a comprehensive cost‚ optimisation strategy for Social Security Scotland‚  cloud environment. Key actions included establishing a business tagging framework, enforcing tag compliance through quality gates in automated testing and code reviews, consolidating billing via AWS Organizations, and applying service control policies to prevent the use of costly services. Automation was introduced to tear down or stop development environments during off‚ peak periods, and start/stop schedules were applied to reduce compute costs. S3 Storage Lens was used to identify unused objects and apply lifecycle policies, while cost data was visualised in AWS Cost Explorer for ongoing monitoring.

The approach also leveraged AWS Compute Optimizer to right‚ size EC2 and Lambda workloads and AWS Cost Anomaly Detection to alert teams of unexpected spikes. The result was a significant reduction in cloud spend, improved visibility into cost drivers across multiple accounts, and the ability to quickly respond to anomalies.

A similar start/stop automation strategy was later applied to the Home Office Immigration Platform Technologies programme, earning the team the ""Best Use of Cloud Services"" award at the UK IT Industry Awards.","[Reduced compute and storage costs through automated environment teardown, Improved cost visibility across multiple accounts via consolidated billing and tagging, Enabled rapid response to cost anomalies with automated alerts, Achieved industry recognition for cloud service excellence]",[]
6540804.md,,,,,,,
6540810.md,Delfi Limited Data Foundation Implementation,Delfi Limited (Petra Foods Ltd),Food & Beverage ‚Äì Confectionery Manufacturing,"AWS S3, AWS Lambda, AWS Glue, Amazon Redshift, Tableau","In 2019‚ 2020 Delfi Limited, a confectionery manufacturer operating across Southeast Asia, needed an enterprise‚ level automated, integrated and self‚ service reporting solution to replace manual Excel‚ based reporting. The project ingested data from SAP S/4HANA, MSSQL and other bespoke systems into AWS using SFTP to raw S3 buckets, applied cleansing and transformation with AWS Glue (PySpark), stored processed data in Amazon Redshift, and delivered dashboards via Tableau Server. The architecture followed a Raw‚ Conform‚ End‚ User analytics pipeline, supported by Lambda triggers, Glue jobs, and an automated data catalog.

The solution reduced the number of manual reports from 200 to 20 optimized dashboards, cut report preparation time from several days to under one day, and lowered manual effort by more than 25%. It also enabled advanced demand‚ forecasting analytics and a single version of truth across sales, supply chain, finance and operations.

Key benefits included faster decision making, lower operational costs, and a scalable data platform that can grow with Delfi‚  expanding markets.","[Reduced manual effort by >25%, Cut report preparation time to <1 day, Replaced 200 Excel reports with <20 dashboards]",[https://ibmgbs.loopio.com/library?entry=6540810]
6540811.md,Case Study 1 | Test & Trace (2020),Test & Trace Programme / National Institutional Testing Programme,"Public Health, Government","Power BI, Azure Data Factory","We partnered with the Test & Trace programme to design, develop and deliver customer‚ centric Power BI dashboards across multiple projects and service lines. The work involved consolidating fragmented Excel/PowerPoint reporting into a unified Power BI platform, improving data quality from 80% to over 99%, creating an Asymptomatic Testing dashboard in collaboration with the Central Data Office, automating report creation via Power BI Data Flows (reducing manual effort by 90%), and standardising reporting for Local Authorities‚Äîcutting input and compilation time by 95% across 147 LAs. The dashboards supported over 50 senior stakeholders and enabled data‚ driven decision making throughout the programme.","[Streamlined and consolidated dashboards, replacing ad‚ hoc workarounds, Improved data quality from 80% to >99%, Automated reporting reducing manual effort by up to 95%, Enabled rapid delivery of functional software within two weeks, Supported 50+ senior users for strategic decisions]",[https://ibmgbs.loopio.com/library?entry=6540811]
6540816.md,Bouygues Telecom (ByTel) Enterprise Analytics Development and Operations Platform,Bouygues Telecom,"Telecommunications (mobile, internet, IPTV services)","AWS SageMaker, AWS CodeBuild, AWS CloudFormation, Amazon API Gateway, AWS Lambda, Amazon CloudWatch, AWS Identity and Access Management","The document details how the vendor partnered with Bouygues Telecom (ByTel), France‚  third‚ largest B2C/B2B telecom provider, to build a scalable, enterprise analytics development and operations platform. The solution was built entirely on AWS native components and included four governed machine learning environments (application development, ML training, evaluation, production) across separate AWS accounts. It enabled continuous monitoring of model metrics via SageMaker Model Monitor and Clarify explainability, automated retraining pipelines, and version‚ controlled notebook management using CodeCommit and CodeDeploy. The platform allowed multiple teams to work in parallel on use cases such as B2B lead triage, smart alerts, contract analysis, and invoice validation.

The implementation accelerated AI delivery: 4√ó faster model deployment, 25‚ÄØ% lower PoC cost, and 50‚ÄØ% lower model deployment cost. It also democratized AI across the organization, enabling any team to bring models into production in about four months.

The vendor plans to use this experience as a blueprint for similar projects (e.g., UKHSA), highlighting the platform‚  scalability, governance, security, and cost‚ efficiency.","[4√ó faster deployment of AI models, 25\u202f% lower PoC cost, 50\u202f% lower model deployment cost, democratization of AI across multiple business units, increased speed to value for new services]",[https://ibmgbs.loopio.com/library?entry=6540816]
6540820.md,Case Study One ‚Äì Providing Data Services for AI Modelling,International corporation in the Chemical and Petroleum industry,Chemical & Petroleum,"AWS EC2, Amazon EKS, AWS Lake Formation, AWS Glue, Amazon Redshift, Apache Spark, Kafka, AWS IAM, Collibra, AWS CloudTrail, AWS CloudWatch","The client required a data and analytics platform to enable AI predictive modelling as a data service. The solution architecture included EC2 for native services, EKS microservices, AWS Lake Formation for a data lake with S3 storage, AWS Glue for ETL, Amazon Redshift for the warehouse, Apache Spark for ML training, Kafka for streaming, Tableau for BI, TensorFlow and Watson Studio for modelling. Security was achieved through fine‚ grained access control in Lake Formation, IAM policies for catalog and bucket permissions, and audit logging via CloudTrail and CloudWatch. Collibra provided data governance and an audit pipeline that streamed events to a Tableau dashboard with notifications.","[Implemented FGAC (fine‚ grained access control) on data lake and warehouse, Delivered AI predictive modelling services within schedule, Established end‚ to‚ end audit trail for compliance, Enabled secure, role‚ based access for business users]",[https://ibmgbs.loopio.com/library?entry=6540820]
6540825.md,NLEDP ‚Äì Secure Data Platform for the Home Office,Home Office (UK Government),"Government, Public Sector, Law Enforcement",AWS,"The project, called NLEDP, delivered a replacement of the Police National Computer (PNC) and the Police National Database (PND). It was built as a cloud‚ native solution on AWS, designed with security by design principles. The architecture incorporated 80 security controls identified through a threat assessment, encryption at rest and in transit using Amazon Key Management Service, immutable image deployment via CI/CD pipelines, isolated air‚ gapped environments, privileged access and secrets management, RBAC, joiners/movers/leavers processes, vulnerability scanning (Tenable/Nessus) and protective monitoring with Splunk. The solution enabled secure handling of highly sensitive government data‚Äîincluding PII, firearm locations and criminal records‚Äîwhile automating workflows and maintaining strict access controls.

The implementation followed a DevSecOps methodology: design co‚ created with the client, automated testing, immutable images, and rigorous pre‚ production validation. Operations included continuous monitoring, vulnerability management, and compliance assessments.

This case demonstrates how IBM leveraged AWS to deliver a highly secure, compliant data platform for a critical government application within stringent security requirements.","[Secure deployment of highly sensitive data on AWS, Encryption at rest and in transit with regular key rotation, Immutable image pipeline ensuring identical production environments, Air‚ gapped isolated environment with controlled integrations, RBAC and least privilege access controls\n\nReduced risk of data loss or breach, compliance with government security standards, and automated delivery and operations for rapid, secure deployment]",[https://ibmgbs.loopio.com/library?entry=6540825]
6540831.md,NHS Test & Trace Real Time Test Service (RTTS),National Health Service (NHS) ‚Äì Test & Trace,"Healthcare, Public Health",,"The NHS built the Real Time Test Service (RTTS) from zero to a production service in eight weeks, managing 600,000 test results during its initial phase and now handling over two million. The project reduced the time required to process test results from hours to a much shorter duration, enabling faster response to COVID‚ 19 testing demands.","[Rapid deployment of a fully functional real‚ time testing platform within 8 weeks, Scalable handling of >2\u202fmillion test results, Significant reduction in test result processing time]",[]
6540850.md,Transformative Social Security Benefit Platform for the Scottish Government,Scottish Government,"Public Sector, Government Services",,"IBM partnered with the Scottish Government to deliver a transformative social security benefit platform using enterprise-scale and customer-led delivery methods. Six 15-person blended customer/supplier engineering squads were formed, covering the full delivery life-cycle from architecture and analysis through solution engineering and deployment. Agile processes, change and release management, and collaboration with ID management and security teams were employed.","[Launch of 11 new benefits, Payouts exceeding  £190 million to nearly 100,000 households, Recipient of the 2020 MCA Change and Transformation Project Award]",[https://ibmgbs.loopio.com/library?entry=6540850]
6540851.md,Digital Genomics Management Service Delivery at Manchester Centre for Genomic Medicine,Manchester Centre for Genomic Medicine (ManGen),"Healthcare, Genomics, Life Sciences",,"IBM worked with Manchester Centre for Genomic Medicine (ManGen) to deliver a new digital genomics management service using user‚ centered Agile methodologies. IBMs Garage agile methodology provided a best practice delivery framework for the blended team and users to jointly define, prioritize and deliver. IBM enforced best practice delivery and support by introducing agile techniques and ceremonies including backlog management (Kanban), product roadmap and sprint cadence (Scrum). We delivered to coding standards defined by NHSD Cybersecurity for handling patient data and the NHSX Digital Technology Assessment Criteria.","The service is now live and used by genetic counsellors, clinical scientists and clinicians.",[https://ibmgbs.loopio.com/library?entry=6540851]
6540852.md,IBMs solution for Kone,Kone,Elevator & Escalator Manufacturing,"AWS API Gateway, AWS Lambda, Amazon Aurora, Amazon ECS, Amazon S3, AWS CodePipeline, IaaS (AWS infrastructure), PaaS (managed services), SaaS","IBM implemented a comprehensive AWS cloud enablement and governance strategy for Kone, aligning with the Well‚ Architected Framework and an enterprise AWS Organisation structure. The solution included cloud native business processes and tools configuration, creation of cloud infrastructure (IaaS), legacy application modernisation, and operating cloud‚ native managed services (PaaS, SaaS). IBM embedded AWS architects into Kone‚  in‚ house team to jointly administer and operate the Cloud Center of Excellence, focusing on serverless design patterns such as API Gateway, Lambda, Aurora, ECS/S3, and CodePipeline.","[Increased development agility, Improved quality through testing automation, 50% cost savings in operations]",[https://ibmgbs.loopio.com/library?entry=6540852]
6540853.md,Scottish Government AWS Hosting Platform for Social Security Programme,Scottish Government,"Public Sector, Social Services","AWS (DynamoDB, RDS, Lambda, Elasticache, VPC, ECS, EC2, S3, CloudWatch), Terraform, Ansible, GitLab CI/CD, Jenkins","IBM was engaged by the Scottish Government to engineer and operate an AWS hosting platform for their flagship Social Security programme. The implementation used an extensible infrastructure‚ as‚ code approach with open‚ source DevOps tooling, creating an optimised CI/CD pipeline using GitLab and Jenkins. Pre‚ production and production environments were built on AWS services such as DynamoDB, RDS, Lambda, Elasticache, VPC, ECS, EC2, S3, and CloudWatch, orchestrated through Terraform, PowerShell, Ansible, Jenkins, SonarQube, and Artifactory.","[Implemented a scalable, secure cloud infrastructure for the Social Security programme, Established automated CI/CD pipelines improving deployment speed and reliability, Leveraged IaC to reduce manual configuration errors and enable rapid environment provisioning]",[https://ibmgbs.loopio.com/library?entry=6540853]
6540854.md,High‚ Performance Computing Implementation for SKF,SKF,"Manufacturing, Industrial Engineering","AWS ParallelCluster, EC2 On‚ Demand and Spot instances, FSx, AWS Batch","IBM conducted proof‚ of‚ concepts to evaluate the feasibility of SKF‚  applications on AWS, then built a high‚ performance computing environment using AWS ParallelCluster. The cluster leveraged On‚ Demand and Spot EC2 instances backed by FSx for storage, with Spot Fleet handling demand spikes and AWS Batch managing job scheduling and tuning.","[Demonstrated technical feasibility of running SKF workloads in the cloud, Enabled scalable HPC resources on-demand with cost optimization via Spot instances, Provided a flexible, high‚ performance environment for compute‚ intensive tasks]",[https://ibmgbs.loopio.com/library?entry=6540854]
6540855.md,"Secure, Compliant AWS Managed Service for a Global Communications Provider",Global Communications provider (unnamed),"Telecommunications, Communications","AWS IAM, AWS CloudTrail, AWS CloudWatch, AWS Security Groups, Amazon S3, Amazon EBS, AWS Key Management Service (KMS), AWS Lambda, AWS Config, Fortigate NGFW firewalls, QRadar SIEM","IBM designed and implemented a secure, compliant AWS managed service for a global communications provider. The architecture leveraged the AWS Cloud Adoption Framework and included IAM, CloudTrail, CloudWatch, Security Groups, S3, EBS, KMS, Lambda, and Config to enforce security controls. Fortigate NGFW firewalls were deployed and managed, while logs were analyzed using QRadar SIEM. Additionally, IBM developed a web front‚ end and Python backend that automate the creation of new AWS accounts under the correct Organization Unit for a government client managing 700+ child accounts, with AWS Config enabling trusted access to AWS Organizations via API.","[Secure and compliant AWS environment, Automated account provisioning across 700+ child accounts, Centralized logging and SIEM analysis, Improved governance and control over AWS resources]",[https://ibmgbs.loopio.com/library?entry=6540855]
6540856.md,Department for Work and Pensions (DWP) Hybrid AWS On‚ Premise Solution,Department for Work and Pensions (DWP),"Government, Public Sector","AWS, EC2, Office 365, ServiceNow","IBM deployed a hybrid AWS on‚ premises solution for DWP, establishing a direct link between the agency‚  datacenter and AWS to provide a secure dedicated network with minimal latency. The front‚ end application was re‚ architected to run natively on AWS using EC2 instances across two availability zones for load balancing and resilience. Additionally, DWP migrated Office 365, Eclipse, and ServiceNow workloads to AWS, upgraded to a Zero Trust Network model, achieved Wi‚ Fi and wired network convergence, reduced the wired LAN footprint, and simplified overall infrastructure.","[Improved online customer experience, Reduced operational costs, Enhanced load balancing and resilience via multi‚ AZ EC2 deployment, Simplified network architecture with Zero Trust and Wi‚ Fi/Wired convergence, Cost savings from consolidated cloud workloads]",[https://ibmgbs.loopio.com/library?entry=6540856]
6540858.md,IBM Supports Department for Work and Pensions to Deliver Automated Provisioning of Cloud Services,Department for Work and Pensions (DWP),"Government, Public Sector","AWS, Terraform, Docker, Puppet, GitHub, Bash, MongoDB","IBM‚  global team of Python developers worked with the UK Government client, Department for Work and Pensions (DWP), to automate cloud service provisioning using an infrastructure‚ as‚ code approach. The team leveraged Python along with tools such as Scrapy for data crawling on S3 and local servers, MatPlotLib for data visualization, TensorFlow for object identification and speech recognition, and integrated Terraform, Docker, Puppet, GitHub, Bash, and MongoDB to build a robust, containerized, serverless solution that runs on AWS.","[Automated provisioning of cloud services, Infrastructure-as-code implementation, Enhanced data processing and visualization capabilities, Improved scalability and reliability of DWP‚  cloud operations]",[https://ibmgbs.loopio.com/library?entry=6540858]
6540859.md,Innovation Gateway MVP,HDRUK (Health Data Research UK),"Healthcare, Research Data","Atlassian Jira, Confluence, Zephyr, GitHub","IBM partnered with HDRUK to design and build the Innovation Gateway Minimum Viable Product (MVP), a digital delivery platform aimed at accelerating research outcomes. IBM set up an Atlassian instance for HDRUK‚  first digital project, embedding structures to plan, manage, and track design, development, and testing tasks for scrum teams. Jira was used to manage agile delivery, Confluence for knowledge management, Zephyr for test management, and GitHub for codebase management and merges. Jira plugins provided clear audit trails within tickets, ensuring documentation availability for future phases.","Streamlined agile project planning and execution, improved traceability of development tasks, enhanced collaboration across design, development, and testing teams, and established a scalable framework that could be extended to future projects.",[https://ibmgbs.loopio.com/library?entry=6540859]
6540860.md,Large Healthcare Payer Implements OAuth2 with Okta,Unnamed Large Healthcare Payer,"Healthcare, Insurance","OAuth 2.0, Okta","IBM implemented an OAuth 2.0 framework and Okta identity management to provide a standard single sign‚ on (SSO) solution for the payer‚  client applications. The architecture enabled secure delegated access over HTTPS, allowing authorized devices, APIs, servers, and applications to obtain access tokens instead of credentials. IBM also built a platform for British Petroleum that uses OAuth2 authentication for all client‚ to‚ server requests and backend calls to third‚ party services.","[Implemented secure SSO across web and REST endpoints, Enabled token‚ based delegated access reducing credential exposure, Provided a unified authentication framework for multiple external integrations]",[https://ibmgbs.loopio.com/library?entry=6540860]
6540862.md,AWS Cost Optimization for Government Client,Unnamed Government Agency,"Government, Public Sector","AWS, Serverless Containers (e.g., AWS Fargate), Amazon QuickSight","IBM reviewed the client‚  existing AWS solution against the Well-Architected Framework Cost Optimization model, scoring 1/5 on all parameters. IBM implemented a FinOps framework to raise scores above 4/5, re‚ architected cost‚ intensive components (e.g., moving to serverless containers), and set up tools for developers to review Cost & Usage reports via QuickSight dashboards. Ongoing monitoring and right‚ sizing of virtual instances were also established before code was published to production.","[Improved Well-Architected Framework cost optimization scores from 1/5 to >4/5, Reduced cloud spend through serverless architecture and instance right‚ sizing, Enabled continuous cost visibility with QuickSight dashboards]",[https://ibmgbs.loopio.com/library?entry=6540862]
6540863.md,IBM delivered Gen-O,Manchester Centre for Genomic Medicine (ManGen),"Healthcare, Genomics","PostGres, Hasura, GraphQL, MongoDB","IBM partnered with ManGen to build Gen‚ O, a digital genomics management service that stores and manages 100,000 genomic patient records in PostGres. Hasura and GraphQL middleware were used to enable communication between the database and clinician-facing front‚ end applications. In addition, IBM developed an NLP solution for an oil & gas client that ingested unstructured broker messages, extracted JSON outputs from an IBM Watson model, normalised and loaded them into MongoDB, and produced CSV subsets for analytics teams.",The Gen‚ O platform enabled efficient storage and retrieval of large-scale genomic data. The NLP solution for the oil & gas company identified a potential  £28M in additional revenue.,[https://ibmgbs.loopio.com/library?entry=6540863]
6540929.md,UK Border Agency Data Governance Implementation,UK Border Agency,"Government, Aviation, Customs & Border Control",,"Implemented an integrated data governance process that checked details in real time during flights across multiple data sources including international flight and carrier reservation systems, border control, customs, supporting both AI and manual risk analysis. Data collection of API and PNR data was secured in compliance with international standards set out by the International Civil Aviation Organization (ICAO) and the European Union.","Benefits were tracked over three years and fed into information governance processes, advanced analytics, policy changes and continual agile improvements.",[https://ibmgbs.loopio.com/library?entry=6540929]
6540951.md,North American Automotive Insurer ‚Äì Delivery Velocity & Cost Reduction,North American Automotive Insurer,Automotive Insurance,,"Through IBM Decision-Making Framework for Innovation and IBM Garage Methodology, the team applied Cognitive Data Classification, tagging, and metadata generation to enhance DevOps processes. By integrating DevOps observability, AIOps, Site Reliability Engineering (SRE), and ChatOps, they achieved significant improvements in delivery speed and reliability.","[2X Delivery velocity, 99.99% availability, 20% cost reduction]",[https://ibmgbs.loopio.com/library?entry=6540951]
6541134.md,IBM delivers integrated products for NHS Test & Trace,NHS (Test & Trace programme),"Healthcare, Public Sector",Salesforce API/CRM platform,"In 2020 IBM secured a contract to provide an integrated set of products supporting the UK National Health Service‚  Test and Trace initiative. The project required rapid delivery of a highly configurable, robust solution that could integrate with a complex web of existing systems while maintaining service levels during transition from an incumbent supplier. IBM leveraged its experience in large‚ scale public sector deployments to assemble multidisciplinary teams, manage roadmaps, and collaborate closely with NHS bodies and third‚ party suppliers.","[Delivered at scale within weeks, Rapid API/CRM platform implementation on Salesforce, Maintained service continuity during transition, Demonstrated ability to meet rapidly changing policy objectives]",[https://ibmgbs.loopio.com/library?entry=6541134]
6541143.md,NHS Test and Trace Implementation,National Health Service (NHS) ‚Äì Test and Trace Program,"Healthcare, Public Health",,"The project describes the transition of NHS Test and Trace from beta to live production, managing a continuous feedback loop between deployment and operations. The team implemented automated delivery pipelines, strict quality gates, shift‚ left operations with embedded Site Reliability Engineers (SREs), and comprehensive runbooks and SOPs. Over 100 releases were delivered in nine months across multiple partners and up to seven different systems, ensuring smooth service transition without compromising safety.","[Delivered over 100 releases within 9 months, Enabled a continuous feedback loop improving release quality, Increased capacity to support more releases over time, Maintained operational stability through SRE integration and runbooks]",[https://ibmgbs.loopio.com/library?entry=6541143]
6541168.md,"Scotland Government and IBM co‚ created a scalable, integrated, cloud‚ based benefits solution",Scottish Government,"Public Sector, Social Services",Cloud-based portal (generic),"IBM partnered with the Scottish Government to design, develop and launch an integrated, cloud‚ based benefits application that allows citizens to apply for low‚ income benefits through a single portal. The project required rapid scaling of resources; IBM mobilised seven agile development teams within six weeks to cover the full delivery life cycle‚Äîfrom service design and analysis to architecture and solution development‚Äîensuring a seamless end‚ to‚ end experience for users.","Rapid deployment of a scalable, integrated benefits platform; ability to support high user volumes during peak application periods; streamlined citizen access to low‚ income benefits through a unified portal; demonstration of IBM‚  Factory Services model and AI‚ enabled resource matching.
",[https://ibmgbs.loopio.com/library?entry=6541168]
6541169.md,IBM supports NHS Digital‚  Data Security Centre,NHS Digital,"Healthcare, Health IT",,"IBM partnered with NHS Digital to enhance the Data Security Centre‚  operations against known and emerging security risks. By leveraging its ecosystem of niche suppliers and subject matter experts, IBM introduced innovative solutions such as a joint NHS/IBM Innovation factory and gamified training through Immersive Labs to upskill technical teams that had previously been unresponsive to traditional training methods.","[Improved resilience and response capabilities for NHS Digital‚  security operations, Successful delivery of high‚ standard training via gamification, increasing team engagement and competency, Strengthened partnership between IBM and NHS Digital as a strategic security partner]",[https://ibmgbs.loopio.com/library?entry=6541169]
6541184.md,NHS Test and Trace Programme,National Health Service (NHS),Healthcare,,"IBM has chosen its work with the NHS Test and Trace programme as a case study, leveraging experiences and learnings from that project (and other healthcare clients such as NHS Digital and Genomics England). The team will collaborate with NHS Digital colleagues as part of a Rainbow team to deliver end‚ to‚ end services for the Vaccination Programme. Following the model used on NHS Test and Trace, IBM‚  team is supported by an executive team providing input and guidance, enabling NHS Digital to benefit from IBM‚  expertise in product management, complex programme delivery, architecture, thought leadership, clinical safety, and other healthcare subject matter areas.",[],[https://ibmgbs.loopio.com/library?entry=6541184]
6541186.md,NHS Test and Trace Programme,National Health Service (NHS),Healthcare,,"We have chosen our work with the NHS Test and Trace programme as our case study. Our team bring the experiences and learnings gained on NHS Test and Trace (as well as other Healthcare clients such as NHS D and Genomics England), to work with NHS D colleagues as part of a Rainbow team to deliver end to end services for the Vaccination Programme. As per the model we used on NHS Test and Trace, our team will be supported by an Executive team who will provide input and guidance. This partnership approach allows NHS D to leverage the diversity of experience and expertise that IBM has in product management, complex programme delivery, architecture, thought leadership, clinical safety, and other healthcare subject matter expertise.",[],[https://ibmgbs.loopio.com/library?entry=6541186]
6541231.md,,Global Airline,Airline & Travel,,"The document describes the use of ChatOps in a new merchandising platform for a Global Airline client. Implementing ChatOps improved operational reliability to 99.8% availability and enabled cognitive analytics that helped Site Reliability Engineering (SRE) engineers identify trends, reduce test cycle times, and achieve significant savings through test automation.","[Achieved 99.8% availability, Reduced test cycle times leading to 30-50% effort savings]",[https://ibmgbs.loopio.com/library?entry=6541231]
6541273.md,Social Security Scotland Benefit Launch,Social Security Scotland,"Public Sector, Social Services",,"Using a product‚ centric approach, Social Security Scotland was able to deliver its first benefit application 6 months earlier than planned. The digital solution achieved a 90% uptake rate, with average application completion times of less than five minutes and a 97% positive user satisfaction score.","[Benefit launched 6 months early, Digital uptake of 90%, Average completion time <5 minutes, 97% user satisfaction]",[https://ibmgbs.loopio.com/library?entry=6541273]
6541288.md,Raiffeisen Bank International CCOE Implementation,Raiffeisen Bank International (RBI),"Banking, Finance","CCOE services, Data Lakes, Compute Environments","The project involved establishing a Cloud Center of Excellence (CCOE) for RBI, laying the foundational building blocks, relationships, and engagement needed to shape the CCOE to meet the needs of NHS teams. The early phase focused on adoption, setting baseline metrics and KPIs tied to business outcomes, embedding effective ways of working, and refining an agile delivery approach. This groundwork enabled RBI to later build a suite of business enablers such as data lakes and compute environments on top of the CCOE services.","[Successful establishment of a scalable CCOE, Enabling long‚ term value through data lakes and compute environments, Improved adoption and clear vision for NHS cloud platform usage]",[]
6541307.md,Basic Check Digital Solution ‚Äì Online Criminal Record Check Service,Disclosure and Barring Service (UK),"Public Sector, Government Services","GOV.UK Notify, GOV.UK Verify, GOV.UK Pay","IBM designed and implemented an award‚ winning online criminal record check service for the Disclosure and Barring Service. The project involved building a digital solution that met the 18 Digital Service Standard criteria, integrating GOV.UK Notify, Verify and Pay services, and embedding shadow GDS assessments into sprint cycles to ensure continuous alignment with user needs.","[Achieved an ‚Äòexemplar‚Äô Government Digital Service (GDS) assessment rating, Launched in 2018 and serves over 1,000 daily customers, First digital service to combine Notify, Verify and Pay GOV.UK services]",[]
6818227.md,IBM brings proven experience migrating multi-component on-premise environments to AWS,Department for Work and Pensions (DWP),"Public Sector, Government Services","AWS Cloud, Private Cloud","IBM migrated an estate of approximately 100 on‚ premise hosted applications, including mission critical systems supporting Universal Credit, to a hybrid environment consisting of private cloud and AWS. The project involved running dual environments during the transition, decommissioning legacy hardware, and developing migration patterns for critical national infrastructure that ensured no loss or corruption of data in line with the AWS Well‚ Architected Framework.","[Successful dual operation of on‚ premise and cloud environments, Decommissioning of legacy hardware, Established migration patterns for future physical-to-cloud moves without service disruption]",[https://ibmgbs.loopio.com/library?entry=6818227]
6818230.md,Stop-the-Traffik Charity Data Visualization PoC,Stop-the-Traffik,"Human Trafficking, NGO/Charity","AWS, Elastic-Logstash-Kibana (ELK)","Built a proof‚ of‚ concept using complex data sets stored in multiple sources and visualised them to help fight human trafficking. The solution processed large volumes of data, enabling the creation of dashboards that highlighted patterns and anomalies relevant to law enforcement.","[One report led to law‚ enforcement investigations across 16 countries, Significantly disrupted trafficking operations for months]",[https://ibmgbs.loopio.com/library?entry=6818230]
6818231.md,Global Airline Data Product Strategy,Global Airline (unnamed),"Aviation, Airlines",,"A global airline required their data product strategy to be defined. A combined task force of diverse technical stakeholders with competing priorities was led by a central governance board. Our team used data reference architectures and data governance models to conduct a comprehensive capability assessment. Through interviews and design‚ thinking workshops, we engaged stakeholders to gain consensus on data use cases. Strong C‚ suite buy-in to the future data strategy was achieved through biweekly playbacks and governance sessions, ensuring business influence across priorities with decisions captured via regular, provocative discussion.","[Consensus on data use cases, Strong C‚ suite buy‚ in to the data strategy, Effective governance structure capturing decisions]",[https://ibmgbs.loopio.com/library?entry=6818231]
6818232.md,DWP Digital Service: Apply for NINO,Department for Work and Pensions (DWP),"Government, Public Sector",,"For DWP, we created a new digital-service for citizens to apply for National Insurance Number (NINO) by developing a product vision and steering the product direction from early alpha prototyping into public beta. The IBM Product Owner worked closely with stakeholders from a range of interdependent products to understand priorities, using a Feasibility/Value matrix to define and deliver the product roadmap and backlog, delivering value incrementally. Through iterative user research/testing, Google Analytics data trends, and user needs affinity mapping, the product backlog was actively prioritised and refreshed.","[Service launched in 8 weeks, 57% increase in efficiency]",[https://ibmgbs.loopio.com/library?entry=6818232]
6818256.md,Scottish Government New Social Security Department,Scottish Government,"Public Sector, Government Services",Cloud Platform (generic),"We used Agile to help the Scottish Government establish a new social security department and launch 10 benefits. We helped design, build and deliver the complex services and cloud platform hosting them, using an agile delivery method, using GDS from discovery through to live, and re-using patterns and existing assets to accelerate delivery. The strength of agile experience enabled practical challenges to be overcome; adopting highly collaborative ways of working, decisions were made quickly and requirements prioritised to deliver an enterprise quality, secure, complex, highly performant service at pace, changing the lives for 100,000+ citizens averaging over 97% customer satisfaction.","[Served 100,000+ citizens, Achieved over 97% customer satisfaction]",[https://ibmgbs.loopio.com/library?entry=6818256]
6818258.md,With DWP we transitioned Searchlight,Department for Work & Pensions (DWP),"Government, Public Sector, Social Services",,"The project involved transitioning Searchlight, a service used by 90,000 DWP users to manage over 65 million National Insurance records, into the support/sustainment arm of the business. The team employed ticket information metrics and recorded the skills required to support each application, assessing existing team capabilities to provide a holistic view of upcoming support workload and how it would be fulfilled within a service design framework. Through joint working and a team mentoring model, an environment for effective iterative knowledge transfer was created, enabling less-experienced support staff to develop necessary competencies. This collaborative upskilling approach successfully transitioned responsibilities and met all service acceptance criteria.","[Successful transition of Searchlight into support, Meeting all service acceptance criteria, Effective knowledge transfer and upskilling of support staff]",[https://ibmgbs.loopio.com/library?entry=6818258]
6818270.md,Scottish Government DevOps Platform,Scottish Government,"Public Sector, Government","AWS S3, AWS RDS Aurora, AWS Lambda, Amazon EC2, AWS API Gateway, VPC, Route 53, Amazon Directory Service, CloudWatch, CloudTrail, DynamoDB, ECS, SNS, SQS, Kafka","The project involved designing and delivering a highly automated, secure, resilient, and high‚ performance DevOps platform for the Scottish Government. Using repeatable deployment scripts, the team provisioned VPCs, Route53, Directory Services, and ECS as the core platform foundation. DynamoDB was deployed to provide a NoSQL service that actively controls state locking for Terraform. Microservices leveraged an RDS Aurora database and API Gateway. Operational tooling included S3, ELK stack, CloudWatch, CloudTrail, SNS, SQS, and Kafka to queue, parse, and process over 80 billion events in the first five months of operation.","[Automated deployment and provisioning of infrastructure, Secure and resilient platform architecture, High‚ performance event processing handling 80+\u202fbillion events within five months, Improved operational visibility via CloudWatch, CloudTrail, ELK]",[https://ibmgbs.loopio.com/library?entry=6818270]
6818276.md,Telef√≥nica Cloud Garden Platform,Telef√≥nica,"Telecommunications, Communications Data","Multi‚ cloud platform (open source Kubernetes management), Blockchain data network","IBM partnered with Telef√≥nica to develop and enable the delivery of Telef√≥nica‚  ‚ÄòCloud Garden‚Äô platform, which allows customers to deploy integrated telecommunication solutions on a multi‚ cloud environment powered by an open‚ source Kubernetes management stack. The solution includes a blockchain data network that enables 8,000 businesses to collaborate and share relevant information securely.","[Enabled 8,000 businesses to access a shared blockchain data network, Provided a secure communications data solution for the Home Office with Auckland]",[https://ibmgbs.loopio.com/library?entry=6818276]
6932507.md,Social Security Scotland ‚Äì Digital Transformation of Scottish Government Benefits,Scottish Government,"Public Sector, Social Welfare","AWS public cloud, DevOps, Cloud‚ first","IBM partnered with the Scottish Government to design, develop and launch a new agency ‚Äì Social Security Scotland ‚Äì that delivers devolved welfare benefits. The project involved creating an end‚ to‚ end benefits platform built on AWS, using agile delivery methods, enterprise user‚ centred design, and a cloud‚ first DevOps approach. It included extensive user research (over 1,350 participants), iterative sprint cycles, secure‚ by‚ design principles, and continuous improvement practices to ensure the service met high standards of accessibility, performance and security.","[Launched first wave of benefits for low‚ income families between late 2018 and early 2020, Paid out over  £190 million to nearly 100,000 households, Established a modern, secure, flexible and scalable platform for future benefits, Achieved an average customer satisfaction score of >97%, Won the Change and Transformation award at the MCA Awards 2020]",[https://www.ibm.com/case-studies/dbs-cloud-application-innovation-services]
6932510.md,Basic Digital Service ‚Äì A GDS‚ compliant digital service,Disclosure and Barring Service (DBS),"Public sector, Government digital services","AWS, GOV.UK Pay, GOV.UK Verify, GOV.UK Notify, Node.js, JavaScript","IBM partnered with DBS to develop the Basic Digital Service, a fully GDS‚ compliant online service that allows users to obtain a DBS check. The project leveraged AWS for hosting, integrated government services such as GOV.UK Pay, Verify and Notify, and was built using open‚ source front‚ end components (JavaScript/Node.js). Agile Scrum and Enterprise Design Thinking were applied throughout discovery, rapid prototyping, user testing and iterative delivery. The service was designed with accessibility (WCAG 2.1 AA), data analytics, and continuous improvement in mind.","[Customer satisfaction rose from 68% to 93%, 40% reduction in operational and hosting costs, 3√ó increase in online applications due to improved usability, Received the ‚ÄòBest Use of Customer Insight‚Äô award at the 2020 UK Customer Satisfaction Awards, Achieved an exemplar GDS rating]",[https://ibmgbs.loopio.com/library?entry=6932510]
6964135.md,NHS DigiTrials and the RECOVERY Trial,"NHS Digital (in partnership with IBM, Microsoft and University of Oxford‚  Big Data Institute)","Healthcare, Clinical Trials","IBM Cloud, FHIR, HL7","The NHS DigiTrials consortium was established in late 2019 to provide data services for clinical trials using routinely collected NHS data. During the COVID‚ 19 pandemic, the RECOVERY Trial leveraged this infrastructure‚Äîintegrating data from NHS DigiTrials, SAIL (Wales) and NHS Scotland‚Äîto accelerate trial results. IBM worked with NHS Digital specialists to define required extracts, link source data, and transmit it to the trial team, enabling rapid analysis of treatment efficacy.",The integrated data platform facilitated the discovery that low‚ cost dexamethasone reduced death by up to one third in hospitalised patients with severe respiratory complications of COVID‚ 19. The collaboration also demonstrated a scalable model for real‚ time clinical trial data integration and reporting.,[https://www.recoverytrial.net/files/recovery_dexamethasone_statement_160620_v2final.pdf]
7120164.md,Schengen Area Border Control Regulations for the EU,European Union (Schengen Area),"Government, Immigration & Border Control","Kafka (IBM Event Streams), Kubernetes, AWS","The project delivered a cloud‚ based event streaming solution to electronically register entry and exit of third‚ country nationals, calculate authorised stay duration, and replace passport stamping. The architecture centers on Kafka running on Kubernetes with 65 edge implementations feeding three central clusters, achieving zero‚ loss RPO and 99.999% availability. Design focused on data consistency, failure recovery, performance, observability, and security for PII/biometric data.","[Zero‚ loss Recovery Point Objective (RPO), 99.999% availability target met, Active‚ active‚ active architecture with no single points of failure, Parallel combined writes via Apache Flink Transaction Manager ensuring atomicity across three master Kafka topics, Scalable throughput supporting an average of 4\u202fmillion daily passenger movements, Compliance with Home Office security standards and GDS digital service standards]",[https://ibmgbs.loopio.com/library?entry=7120164]
7120166.md,Digital Service Transformation for the Disclosure and Barring Service,Disclosure and Barring Service (DBS),"Public Sector, Government Services",,"The project involved building an in‚ house agile capability within DBS to deliver a new public‚ facing digital service for criminal record and background checks. The team worked across multidisciplinary groups, integrating with existing systems and focusing on user experience through iterative research, design and delivery cycles. Agile practices such as Scrum, continuous integration/deployment pipelines, automated testing, and site reliability engineering were employed to ensure high quality and rapid iteration.","[3‚ fold increase in online customers, 93% customer satisfaction, 40% reduction in operational costs]",[]
7120167.md,Scottish Government ‚Äì AWS Benefit Processing Platform for Scotland,Scottish Government,"Public Sector, Government","AWS, Kafka, Lambda, S3, Kubernetes, Docker","IBM partnered with the Scottish Government to build and support an automated, resilient benefit processing platform based on EBSA. The solution leveraged AWS services such as Kafka for messaging, Lambda for compute, S3 for storage, Kubernetes and Docker for container orchestration, along with DevOps and Infrastructure‚ as‚ Code practices. It processed over 80‚ÄØbillion events in the first five months of operation, enabling rapid service restoration and supporting multiple benefit‚ focused digital services.","[Processed >80\u202fbillion events within 5 months, Achieved high scalability and resilience for public sector benefits processing, Won MCA Award 2020 for ‚ÄòBest Public Sector Change and Transformation Project‚Äô]",[]
7120170.md,Transition of DSAB Services at the Home Office,Home Office (UK Government),"Public Sector, Government IT Services","AWS, Azure","IBM successfully transitioned three live DSAB services‚ÄîAdvanced Freight Targeting Capability (AFTC), Electronic Property Management System (EPMS), and Submit a General Aviation Report (SGAR)‚Äîfrom an incumbent supplier to IBM within a 6‚ week period. The transition involved hybrid environments, non‚ standard AWS accounts, Azure deployments, and ACP‚ based applications, all while maintaining service levels during the COVID‚ 19 pandemic and despite losing key incumbent resources mid‚ transition. A train‚ the‚ trainer knowledge transfer model was employed to accelerate onboarding of IBM staff.

The project included scoping workshops, introduction sessions, and a final handover on 17 October ahead of the 1 November deadline. Post‚ transition, all three applications are now managed under IBM‚  standard service approach with continuous improvement initiatives such as shutting down non‚ production environments during off‚ hours to reduce costs.

IBM‚  flexible resourcing spanned L2, L2+, and L3 support levels, integrating closely with Home Office L1/L2 teams. The SGAR stakeholders reported satisfaction with ongoing business changes, and all applications now benefit from IBM‚  100% green service level track record and regular high customer‚ satisfaction scores.","[Completed transition in 6 weeks without impacting service levels, Maintained critical national infrastructure operations, Implemented cost‚ saving measures (e.g., off‚ hour environment shutdown), Achieved 100% green service levels and positive stakeholder feedback]",[https://ibmgbs.loopio.com/library?entry=7120170]
7120171.md,Digital Services Transformation for Disclosure and Barring Service,Disclosure and Barring Service (DBS),"Government, Public Sector ‚Äì Digital Services","AWS Serverless, AWS SaaS products","IBM partnered with the DBS to modernise its online digital services. The engagement involved driving a technical approach that leveraged agile sprints, Site Reliability Engineering, Scaled Agile and DevSecOps practices. IBM applied Design Thinking, User Personas and Journey Maps to evolve the service in a product‚ centric continuous improvement model. DevOps CI/CD pipelines were implemented to automate delivery and improve service reliability. The solution was built as cloud‚ native applications on AWS using serverless architectures and AWS SaaS products.","The transformation enabled DBS to win the ‚ÄòBest Use of Customer Insight‚Äô award at the 2020 UK Customer Satisfaction Awards, reduced technical debt, accelerated feature delivery, and established real‚ time dashboards for velocity, outcomes, technical debt and team experience through IBM‚  VOTE framework.",[https://ibmgbs.loopio.com/library?entry=7120171]
7203436.md,Creating a new single public utility from scratch with harmonised work and asset management,Irish Water,"Water utilities, Public utilities","IBM Maximo, ClickSchedule, Syclo, Esri GIS","Irish Water was established as a new national water utility in the Republic of Ireland, consolidating assets and services from 34 local authorities. The project aimed to transfer operations into a single public utility while accelerating domestic meter installation (targeting 1.1‚ÄØmillion meters). IBM acted as the primary Systems Integrator, implementing IBM Maximo for work and asset management over a 15‚ month programme. The solution integrated scheduling with ClickSchedule, mobile field support via Syclo, and spatial visibility through Esri GIS. It enabled optimized deployment of field engineers, improved data accuracy, tighter financial integration for capital programmes, and enhanced OPEX control.

Key activities included programme management, business change (training, data migration, process redesign), implementation, and post‚ go‚ live support. The project delivered a unified work management platform that supported the rapid expansion of the workforce and ensured on‚ time meter rollout across Ireland.","[Optimized field engineer deployment with right skills at the right time, Improved accuracy of work and asset data via GIS integration, Enhanced cost control through tighter financial integration for capital programmes, OPEX improvements due to increased efficiencies, Successful on‚ time launch of 1.1\u202fmillion domestic meters]",[https://ibmgbs.loopio.com/library?entry=7203436]
7204582.md,Southeast Water Mobile Workforce Management Solution,Southeast Water,Utility (Water),"IBM Maximo Asset Management Scheduler, IBM Mobile, Maximo Mobile","Previously at Southeast Water, a mobile workforce management solution based on IBM Mobile was deployed alongside IBM Maximo Asset Management Scheduler. The solution digitised and transformed processes for scheduling future/planned work and issuing reactive day‚ to‚ day work orders across multiple locations in the southeast of England, enabling hundreds of employees to use a unified tool from both desktop and mobile devices.","[Overall boost in customer satisfaction, Increased regulatory funding]",[]
7417388.md,Real‚ Time Testing Service (RTTS) ‚Äì Test & Trace Programme,UK Health Security Agency (UKHSA),"Healthcare, Public Health","Salesforce Platform, MuleSoft SaaS Integration","During the COVID‚ 19 pandemic IBM established a Salesforce platform to support International Arrivals, Managed Quarantine and a Private Test Providers portal. Simultaneously they created the Real‚ Time Testing Service (RTTS), a SaaS integration platform powered by MuleSoft, to streamline transmission of test results to the contact tracing service. A multidisciplinary team of over 50 people was mobilised within two weeks, delivering a foundational release in less than three months and then maintaining a bi‚ weekly sprint cadence for continuous value delivery.","[Rapid go‚ live of a high‚ volume data interchange solution, Enhanced ability to integrate new International Arrivals capabilities on demand, Positive recognition from NHS Digital CEO Simon Bolton and UKHSA CIO Adam Wheelwright for speed, quality and teamwork]",[https://www.ibm.com/case-studies/uk-health-security-agency/]
7417391.md,Global Car Rental Company Asset Management Tooling Implementation,Global Car Rental Company,"Car Rental, Automotive Travel","ServiceNow, IBM Cloud Broker","We partnered with a Global Car Rental Company to consolidate ITSM tools, specifically asset management tooling, onto ServiceNow. The solution was designed as an enterprise platform featuring a single corporate service catalogue, SSO integration, and a CMDB fed by live data from cloud providers via IBM Cloud Broker. Workflows were defined to automate routine tasks, approvals, and provide service status dashboards, simplifying and standardising key processes while increasing visibility through performance metrics.","[ServiceNow as single system of record (master view) for all Change, Incident, Request, Asset management and CMDB activities, Enterprise-wide visibility of all ITSM processes, Simplified and strengthened IT Operational Controls, Automated cloud infrastructure provisioning simplifying and strengthening cloud governance controls, Consolidation of legacy tools into a single glass table (BR1A119R) for effective asset management]",[https://ibmgbs.loopio.com/library?entry=7417391]
7417394.md,BMW Group Cloud Adoption,BMW Group,Automotive,"Azure, AWS","IBM leveraged its multi‚ cloud CAF approach to help BMW Group transition to a public cloud platform that serves as a central gateway for the company‚  cloud‚ first transformation strategy. By applying best‚ practice frameworks from both Azure and AWS, IBM enabled BMW to build a truly global PaaS and IaaS platform while addressing gaps in operational maturity and governance across multi‚ cloud environments.","[Increased agility, Improved operational excellence, Enhanced control and automation]",[https://ibmgbs.loopio.com/library?entry=7417394]
7417397.md,Azure AD Migration for a Leading US Distributor,Leading US distributor,"Distribution, Retail","Azure AD, Azure AD DS, Self‚ Service Password Reset","The project involved migrating the distributor‚  identities and endpoints to Azure AD. The team assessed current systems, designed and planned the migration, implemented Azure AD and Azure AD Domain Services for hybrid authentication, and introduced Self‚ Service Password Reset to reduce helpdesk load. The approach included user communications, device redeployment, and iterative wave-based rollout.","[Improved security through policy enforcement and MFA, Reduced helpdesk calls via self‚ service password reset, Established a repeatable, documented migration process]",[]
7417398.md,Large Scale Cloud Migration (BR1A113Q),Department for Work and Pensions (DWP),"Public Sector, Government IT Services","private cloud, public cloud","IBM led the operational transition of DWP‚  outsourced IT estate to a standardised SIAM framework, delivering a new hybrid cloud architecture that hosted critical systems in a secure private cloud while leveraging public cloud for agility and cost‚ efficiency. The project migrated 60+ critical applications and 1500+ servers across six waves, re‚ engineered IT service management practices into a unified ITSM model, integrated CMDB with ServiceNow, introduced SRE practices, and consolidated duplicate services to reduce complexity.","[Reduced lost user hours from 2% to 0.03%, Saved 1 million user‚ hours in first six months and 75% reduction in major incidents, 600% increase in delivery of significant changes with a success rate >99.5%]",[https://ibmgbs.loopio.com/library?entry=7417398]
7417403.md,Migration Factory model reduces migration duration,Large UK banking group,"Banking, Financial Services",,"In the Migration Factory model, workload migrations are sequenced into logical groupings, ‚Äúwaves‚Äù, based on application affinity and business priorities. Working as an integrated team we will ensure the waves are agreed with the business and technology stakeholders and the Client‚ Side Partner, before moving into migration. We recommend that we plan two waves ahead while also maintaining an overall high‚ level plan for the entire scope, to plan the number of workloads required per wave, track progress towards milestones, and assess any change impacts. This iterative, dynamic approach allows the plan to adapt, improve and maintain momentum.

At a large UK banking group, we used our Migration Factory model to structure multiple concurrent migration waves. We were able to manage a central planning function, track progress, incorporate lessons learned, implement regression testing, perform triage review, sign off and shift‚ left migration activities. Our wave approach reduced the duration of migrations and delivered a 100% success rate; we will apply this to accelerate results at UKHSA.","[Reduced duration of migrations, Achieved 100% success rate]",[https://ibmgbs.loopio.com/library?entry=7417403]
7417404.md,,Large International Conglomerate,,,"At a large international conglomerate we applied a structured governance and prioritisation approach to manage a cloud migration programme. By aligning with stakeholders and using Weighted Shortest Job First (WSJF) as the primary metric, along with additional criteria such as Business Value, Risk, Ease of implementation, and technical platform readiness, the team was able to mitigate operational risks and maintain speed of workload migrations. The structured governance improved the speed of migrations by 40%.",[Improved migration speed by 40%],[https://ibmgbs.loopio.com/library?entry=7417404]
7417415.md,FinOps tagging of transitioned workloads,UK Health Security Agency (UKHSA),"Public Sector, Healthcare",Cloud services (multiple providers),"A large UK Government health agency rapidly deployed substantial cloud workloads during the pandemic, resulting in 532 separate cloud accounts and 150k instances across 132 unique services. The agency lacked visibility into spend and tagging consistency. IBM performed a detailed as‚ is analysis of current tagging practices, identified gaps, and developed an actionable plan to optimize tags and reporting granularity. This enabled FinOps stakeholders to gain transparency, implement self‚ service models, and align cost controls with incident, problem, and change management processes.","[40% reduction in cloud spend, Improved visibility into cloud costs across 532 accounts, Enhanced tagging consistency supporting automation of billing, chargebacks, and ITSM processes]",[https://ibmgbs.loopio.com/library?entry=7417415]
7533406.md,Bouygues Telecom AI/ML Production on AWS,Bouygues Telecom (Bouygues T.),Telecommunications,Amazon Web Services,"IBM leveraged its AWS‚ centric MLOps capabilities to deploy multiple high‚ value features for Bouygues Telecom in just a few months. The implementation included smart contract analysis on unstructured data, automated invoice validation, and real‚ time smart data alerts, all running within the AWS ecosystem.","[Rapid production of AI/ML services, Multiple high‚ value features delivered quickly, Improved operational efficiency through automation]",[https://ibmgbs.loopio.com/library?entry=7533406]
7771946.md,Maximo Implementation for Large Energy Transmission & Distribution Company,Large Energy Transmission & Distribution Company,Energy and Utilities ‚Äì Transmission & Distribution,"IBM Maximo, IBM Maximo Scheduler","IBM delivered a Maximo solution to replace the client‚  legacy Ellipse system, providing work and asset management capabilities. The implementation included data migration from Ellipse, integration with other legacy systems, application management support, training materials, and a change request process for production changes. The project followed an agile methodology, delivering 120 user stories across three sprints in 16 weeks on time, to quality and within budget.","[Increased efficiency of the Engineering Field Force, Improved visibility for wider stakeholder groups, Enhanced access to essential data, Automated workflows leading to better technology utilization, Scalable system design accommodating future growth]",[https://ibmgbs.loopio.com/library?entry=7771946]
7801998.md,Create a rapidly scalable shop window to attract and convert prospects,Centrica Business Solutions,Energy & Utilities,"Salesforce (Sales Cloud), Pardot, Acquia Drupal CMS","In 2017, Centrica Business Solutions launched a global digital marketing platform to unify its multi‚ country, multi‚ language web presence and streamline lead generation. IBM led the design, UX, and project delivery using Agile methods, delivering an MVP in five two‚ week sprints. The solution integrated Salesforce and Pardot for marketing automation, consolidated multiple existing CRMs into a single global instance, and deployed Acquia Drupal as the content management system. The platform supports rapid expansion into new markets with minimal effort and provides sales teams worldwide visibility into pipeline data.","[2.5√ó faster conversion rate than industry benchmark, >1,000 daily website visitors, 71% returning customers, 18,000 content downloads in first eight months, 2,000 leads captured]",[https://ibmgbs.loopio.com/library?entry=7801998]
7802000.md,Net Zero Go Platform with Energy Systems Catapult using Salesforce Technology,IBM (in partnership with Energy Systems Catapult),"Energy & Decarbonisation, Local Authority Services",Salesforce Experience Cloud,"The Net Zero Go platform, developed by IBM in collaboration with Energy Systems Catapult and built on Salesforce‚  Experience Cloud technology, serves as a one‚ stop shop for local authorities to plan, develop and deliver decarbonisation projects. Launched in March 2022, the platform consolidates best practices, project workflows based on the RIBA Plan of Work, and facilitates collaboration between councils, network operators, suppliers and other stakeholders. It enables councils to build business cases, track progress, share knowledge, and engage with partners through a secure, scalable environment.","[Accelerated development of local net‚ zero projects by reducing time and resource barriers, Improved procurement and financing processes for council initiatives, Enhanced collaboration and knowledge sharing across 430 councils and industry stakeholders, Increased likelihood of project success through standardized workflows and shared best practices, Support for councils to meet their net‚ zero targets by 2050]",[https://ibmgbs.loopio.com/library?entry=7802000]
7814076.md,Migrated Data from Ellipse into Maximo for National Grid‚  Isle of Grain Terminal,National Grid (Isle of Grain LNG Importation Terminal),"Energy, Utilities ‚Äì LNG Importation Terminal","IBM Maximo 7, Oracle Fusion Middleware, SAP","In 2016/17, National Grid migrated data from its legacy ABB Ellipse 6 system to IBM Maximo 7 for the Isle of Grain terminal, the UK‚  leading LNG importation facility with a tank capacity exceeding 20% of national demand. The migration involved extracting key asset, financial, inventory, planning, and maintenance data from Ellipse, transforming it into Maximo data load templates, and loading it via Maximo Data Load Templates and the Maximo Integration Framework (MIF). Approximately 30 Ellipse tables were migrated electronically. Maximo was integrated with nine other systems‚Äîprimarily through Oracle Fusion middleware‚Äîincluding SAP, Permit to Work, Risk Management, and Document Management systems.","[Successful migration of ~30 data tables from Ellipse to Maximo, Integration of Maximo with nine enterprise systems via Oracle Fusion Middleware, Enhanced data consistency across asset, financial, inventory, planning, and maintenance domains]",[https://ibmgbs.loopio.com/library?entry=7814076]
7908135.md,Data Access Request Service (DARS) Process Optimisation,NHS Digital,"Healthcare, NHS",Microsoft Dynamics 365,"IBM Consulting worked with NHS Digital‚  Data Access Request Service (DARS) to enhance and optimise the data access onboarding process. The project involved a lean process assessment, enterprise design thinking workshops, and the creation of a roadmap for rapid delivery of improvement work packages. Key deliverables included streamlined access procedures, automated data capture via the website, refreshed webinar training, and real‚ time status feedback to researchers.","[Simplified access process (R08) with improved data capture through the website (R02, R03 & R05), Reduced turnaround time for requests by implementing a phased value‚ based delivery approach, Enhanced researcher experience with timely status updates (R10 & R11), Enabled rapid deployment of work packages within 4‚Äì8 weeks per package]",[https://ibmgbs.loopio.com/library?entry=7908135]
7961427.md,Case Study,Large Asian Enterprise,,,"Implementation of a data governance framework across a large Asian enterprise in two phases: Phase‚ÄØ1 ‚Äì assessment of existing data processes and identification of pain points; Phase‚ÄØ2 ‚Äì establishment of a Data Governance Organisation Structure, roles, responsibilities, and Target Operating Model using IBM‚  Data Governance Framework.",,[https://ibmgbs.loopio.com/library?entry=7961427]
7961432.md,European Wind Turbine Operator,European Wind Turbine Operator,"Wind Power Generation, Renewable Energy",,"IBM partnered with a leading global wind power asset manager to create a single operations centre that consolidates real‚ time monitoring of over 26,000 turbines across more than 5,500 SCADA systems. The solution implements a subscribe‚ and‚ publish model using messaging protocols, connector services and data integration buses to ingest, curate, govern, analyze and publish time‚ series sensor data from each turbine (‚âà148,600 readings per second). This architecture enables maintenance planning, asset management, operational status monitoring, alarm and event management, and democratizes data access for internal teams and external partners.","‚Ä¢ Centralized real‚ time visibility of a vast turbine portfolio
‚Ä¢ Scalable ingestion of high‚ frequency sensor data across thousands of SCADA systems
‚Ä¢ Improved maintenance planning and asset management
‚Ä¢ Enhanced operational efficiency and maximized power generation",[https://ibmgbs.loopio.com/library?entry=7961432]
7961938.md,Finnair Cloud Migration,Finnair,"Aviation, Airline Services","Cloud environment (unspecified provider), Re-hosting of 400 servers, Re-architecting and re-factoring of 20 applications into cloud-native formats","In a tight seven‚ month timeline, the team migrated Finnair‚  entire application suite‚Äîcomprising 400 servers and 70 applications‚Äîto a new cloud environment. The migration combined lift‚ and‚ shift for infrastructure with re‚ architecting and re‚ factoring of selected applications into cloud‚ native formats. Operations were managed under a ""you build it, you run it"" model in partnership with Finnair‚  own team, ensuring that the airline could continue its critical 24/7 flight operations without interruption.","[Successful migration of all servers and applications within seven months, Maintained uninterrupted 24/7 service for flight operations, Enabled a sustainable operational model where Finnair staff manage their own cloud services]",[https://ibmgbs.loopio.com/library?entry=7961938]
8518732.md,GUARDIAN,Royal Air Force (RAF),"Defense, Military Aviation",,"The GUARDIAN project is a  £80m initiative for the RAF to develop a new Air Command and Control System that supports detection and rapid response to potential hostile or suspect aircraft threatening UK sovereignty. The system is safety‚ related, targeting Safety Integrity Level (SIL)1 as defined by BS EN 61508 and Def Stan 00-55. IBM‚  software development process for GUARDIAN includes a tailored internal review workflow based on ISO/9001 and ISO/IEC 27001/27002 standards, with static analysis tools and manual peer code reviews to ensure compliance with coding standards (e.g., Universal Coding Standard, Meyers‚ Klaus items). The design, implementation, and testing activities are audited by the safety team against IEC 61508 SIL1 requirements and reviewed externally by independent safety auditors.

Key aspects highlighted include:
- Customised review process per engagement complexity.
- Use of static analysis for line‚ by‚ line compliance checks.
- Manual code reviews to verify design adherence, error handling, and interface specifications.
- Safety audits aligned with SIL1 guidelines.

The document does not specify measurable outcomes or benefits achieved beyond the compliance and safety assurance aspects.",[],[https://ibmgbs.loopio.com/library?entry=8518732]
8529480.md,"Case Study ‚Äì Department for the Environment, Food and Rural Affairs (Defra)","Department for the Environment, Food and Rural Affairs (Defra)","Government, Public Sector","Cloud migration to Crown Hosting, Office365","IBM has partnered with Defra since 2004 providing IT services including hardware, software infrastructure, application support, development, and consulting. The engagement involved hosting over 450 applications, transitioning more than 250 into BAU AMS support, rationalising the estate from 800+ to under 100 apps, and migrating production ICT‚Äîincluding 150 business applications, email systems, and infrastructure‚Äîto Crown Hosting during 2017. IBM applied ITIL‚ aligned processes, intelligent automation, DevSecOps practices, Agile methodologies (Kanban, Scrum@Scale), and IBM Garage design thinking to modernise bespoke services, deliver rapid responses to crises (e.g., Avian Flu outbreak, York Floods), and create self‚ healing scripts and chatbots for HR queries during COVID‚ 19. The project achieved significant savings ( £2‚ÄØm per year), zero SLA penalties over 3+ years, and enabled Defra‚  transition to a multi‚ supplier model with in‚ house capability building.

Key initiatives included:
- Data centre migration across 14 weekends with minimal disruption
- Automation of issue detection and self‚ healing scripts
- Rapid deployment of immigration services for Ukrainian resettlement
- Agile coaching, product owner training, and rapid chatbot development
- Collaboration agreements to manage multi‚ supplier complexity","[ £2\u202fm annual savings, Zero SLA penalties over 3+ years, Reduced application count from 800+ to <100, Rapid crisis response (e.g., flood recovery, immigration services deployment), Improved HR query handling via chatbot]",[https://ibmgbs.loopio.com/library?entry=8529480]
8530722.md,Transition of 89 Banking Applications at Barclays,Barclays,"Banking, Financial Services",IBM Cloud services (generic),"IBM transitioned 89 banking applications across 16 business lines within Barclays to its own support, transferring knowledge to 251 IBM staff from the incumbent suppliers. The transition covered applications ranging from legacy out‚ of‚ support systems to recently transformed or mid‚ transformation cloud applications, operating internationally in both retail and wholesale markets. The project was completed over six months using a contactless, remote approach that allowed all resources to work from home during COVID restrictions, ensuring safety and continuity of service.","[Completed within 6 months across multiple geographies, No disruption to live services, Successful knowledge transfer to IBM staff, Maintained service quality and security]",[https://ibmgbs.loopio.com/library?entry=8530722]
8530942.md,Case Study ‚Äì Disclosure and Barring Service (DBS) Digital Services,Disclosure and Barring Service,"Government, Public Sector","AWS, Atlassian, Jenkins, Vault","The document details how the team built DBS‚  second citizen‚ facing digital service for barring referrals. By reusing existing technical assets, tools (such as Atlassian, Jenkins and Vault) and the original AWS platform, they accelerated delivery while maintaining high security standards for sensitive personal data. The project leveraged GOV.UK services (Notify, Verify, Pay) and the GOV.UK front‚ end framework to ensure consistency across the estate.","[Achieved an ‚Äòexemplar‚Äô Government Digital Service (GDS) rating, Won the ‚ÄòBest Use of Customer Insight‚Äô award at the 2020 UK Customer Satisfaction Awards]",[https://ibmgbs.loopio.com/library?entry=8530942]
8530959.md,Social Security Scotland Benefits Platform on AWS,Social Security Scotland (SSS),"Public Sector, Government Benefits","AWS, Kubernetes, ELK Stack","IBM implemented a new benefits platform for Social Security Scotland using AWS Cloud, leveraging Infrastructure as Code principles and DevOps automation. The solution enabled rapid delivery of new benefit types every six weeks, supported by agile teams and continuous integration/continuous deployment pipelines. It incorporated Kubernetes for container orchestration and an ELK-based logging, monitoring and alerting system handling approximately 120 million events per hour.","[Increased delivery agility allowing new benefit types to be rolled out every 6 weeks, Reduced recovery times through automated infrastructure management, Received the MCA award for Best Change and Transformation Project in Public Sector 2020]",[]
8530973.md,Transition of the NHS Electronic Staff Record System,National Health Service (NHS),"Healthcare, Public Sector","AWS, Azure","IBM leveraged its proven transition methodology to move the NHS Electronic Staff Record (ESR) system, a hybrid environment that integrates Oracle HR Payroll with cloud services. The approach focused on low‚ risk, rapid knowledge transfer and close collaboration with incumbent suppliers during contract exit. IBM‚  team delivered a seamless transition with minimal impact to service users, ensuring continuity of critical national infrastructure.","[Seamless transition with no service disruption, Minimal impact on end users, Enhanced knowledge transfer and reduced risk of tacit knowledge loss, Improved operational stability for the NHS ESR system]",[https://ibmgbs.loopio.com/library?entry=8530973]
8588573.md,Test & Trace Programme ‚Äì Real‚ Time Testing Service (RTTS),UK Health Security Agency (UKHSA),"Healthcare, Public Sector","Salesforce Platform, Mulesoft Integration, SaaS Integration Platform","During the COVID‚ 19 pandemic IBM established a Salesforce platform to support International Arrivals, Managed Quarantine and a Private Test Providers portal.  A Real‚ Time Testing Service (RTTS) ‚Äì a SaaS integration platform powered by Mulesoft ‚Äì was built collaboratively by a multidisciplinary team of over 50 people in just two weeks, with the foundational release going live in less than three months.  The solution enabled rapid transmission of test results to the contact tracing service and could be pivoted quickly when new requirements (e.g., International Arrivals capability) emerged, delivering value through bi‚ weekly agile sprints.","[Rapid go‚ live of a production‚ grade, high‚ volume data interchange system in under three months, Scalable integration platform that supported dynamic changes to priorities, Positive recognition from senior leaders: ""I\ve never seen a system of the importance and scale of RTTS be developed and go‚ live so quickly"" ‚Äì Simon Bolton, NHS Digital CEO & former CIO; ""Being able to design, build, deploy and then evolve a production grade, high volume, data interchange solution‚Ä¶truly outstanding"" ‚Äì Adam Wheelwright, UKHSA CIO]",[https://www.ibm.com/case-studies/uk-health-security-agency/]
8588658.md,DWP Migration to Cloud,Department for Work and Pensions (DWP),"Public Sector, Government Services","Azure, AWS","IBM‚  Migration Factory model was applied to migrate more than 60 critical applications from on‚ premises data centres to cloud environments within a single year. The migration leveraged Azure and AWS services, using IBM‚  wave‚ based approach, governance framework, and tooling such as the IBM Delivery Curator and Cloud Advisory Tool to plan, execute, and validate each workload. The process included detailed business analysis, service design documentation, and integration with DWP‚  IT Service Management (ITSM) framework.","[Reduced incidents leading to 1 million user hours saved per month, Accelerated time‚ to‚ value for cloud adoption, Improved scalability and resilience of critical services]",[https://ibmgbs.loopio.com/library?entry=8588658]
8588743.md,API Gateway at the Department for Work and Pensions (DWP),Department for Work and Pensions (DWP),"Government, Public Sector",API Gateway,"IBM delivered an API gateway that became the core of DWP‚  enterprise technology landscape, allowing developers to securely share information in a robust, resilient, flexible, and controllable manner. The solution enabled business processes to be re‚ imagined, accelerated time‚ to‚ market for connected digital services, and reduced costs by unlocking insights into key business processes.","[Re‚ imagined business processes, Improved time to market for connected digital services, Reduced cost through insight unlock, Enabled cross‚ departmental and third‚ party information sharing]",[]
8588785.md,Public Sector Healthcare Provider in EMEA ‚Äì API Catalogue Case Study,Unnamed Public Sector Healthcare Provider (EMEA),Healthcare,MuleSoft,"The client was facing API sprawl, making it difficult for teams and partners to understand available APIs. IBM conducted Design Thinking workshops with stakeholders to assess the entire landscape. The outcome was a rich API catalogue for all external and internal users, categorised by functionality (Provider, Enrolment, Benefits, Claims, Network, etc.) and user visibility. This structure promoted reuse, identified duplication that could be safely removed, and improved API management, governance, and analytics.","[Improved API reuse, Reduced duplicate APIs, Enhanced governance and analytics, Greater clarity for internal and external developers]",[]
8757957.md,UK Banking Organisation DevOps Improvement,Unnamed UK Bank,Banking,,"An unnamed UK banking organisation implemented a DORA‚ based DevOps maturity model and automated dashboards to measure deployment frequency, change failure rate, lead time for changes and mean time to recover. The approach involved rolling out the IBM DevOps Maturity Model across application and organisational teams, creating tool‚ chain specific views, and establishing both bottom‚ up empowerment and top‚ down governance around security standards, code quality checks, container scanning, production access service accounts, artifact repositories and CI/CD tooling.","Reduced release time by 12 weeks, saving  £4‚ÄØmillion per annum in effort and costs.",[]
8917100.md,Digital Services Transformation for the Disclosure and Barring Service (DBS),Disclosure and Barring Service (DBS),"Public Sector, Government",,"IBM partnered with the Home Office and other supplier engineering teams to deliver DBS‚  online digital services. The engagement leveraged IBM‚  modern engineering practices, including agile sprints in parallel streams, and applied innovative approaches such as Design Thinking, User Personas, and Journey Maps. IBM drove the technical approach and product development, iteratively building, testing, deploying, and scaling solutions through its Garage framework to continuously improve the service.

The project focused on evolving DBS‚  digital platform in a product‚ centric, continuous‚ improvement manner, ensuring that user experience insights were integrated throughout the development lifecycle.","[DBS won the ‚ÄòBest Use of Customer Insight‚Äô award at the 2020 UK Customer Satisfaction Awards, Enhanced online digital services with improved customer experience and streamlined processes]",[https://ibmgbs.loopio.com/library?entry=8917100]
9022447.md,Second citizen‚ facing digital service for ‚Äòbarring referrals‚Äô,Disclosure and Barring Service (DBS),"Government, Public Sector",AWS,"The project involved building DBS‚  second citizen‚ facing digital service for barring referrals. It leveraged the existing AWS platform used by the original ‚Äòbasic check‚Äô service, reusing Atlassian, Jenkins and Vault tooling, as well as GOV.UK integration services (Notify, Verify, Pay) and front‚ end framework. The approach focused on reuse of technical assets and best practices to accelerate delivery while maintaining consistency across the estate.","[Achieved an ‚Äòexemplar‚Äô Government Digital Service (GDS) rating, DBS won the ‚ÄòBest Use of Customer Insight‚Äô award at the 2020 UK Customer Satisfaction Awards]",[https://ibmgbs.loopio.com/library?entry=9022447]
9089249.md,Immigration & Asylum Biometrics System (IABS),Home Office Border Force Agency / UK Visas & Immigration,Government ‚Äì Border Security and Immigration,,"IBM designed, built, tested, ran and enhanced the IABS system for the Home Office. The solution was a service‚ oriented architecture that leveraged an ESB, BPEL workflows, business rules, and biometric matching (fingerprint, slap, face). It supported high‚ volume transactions (‚âà75,000 per day) and stored millions of records across multiple datasets (40‚ÄØmillion immigration records, 55‚ÄØmillion HMPO face images, 3.6‚ÄØmillion EU Exit face images). The architecture enabled loose coupling, platform independence, modular design, asynchronous messaging, and future scalability. IBM delivered continuous improvements including a facial matching capability for passport applications and the EU Settlement Scheme.

Key outcomes included:
- Reliable operation for over ten years with no missed major milestones.
- Ability to process large volumes of biometric data securely.
- Flexibility to add new features (e.g., facial recognition) without disrupting existing services.
- Proven capacity planning and impact assessment processes.

The project demonstrated IBM‚  expertise in biometric systems, SOA design, and government‚ critical infrastructure delivery.","[75,000 transactions per day, 40\u202fmillion immigration records, 55\u202fmillion HMPO face images, 3.6\u202fmillion EU Exit face images, 10+ years of continuous operation without major milestone failures]",[]
9092125.md,Benefit Processing Platform for Scottish Government,Scottish Government,"Public Sector, Government",AWS,"IBM partnered with the Scottish Government to design and build a benefit‚ processing platform hosted on AWS. The solution leveraged cloud‚ native architecture, continuous integration/continuous delivery (CI/CD) pipelines, automated infrastructure provisioning, and self‚ healing capabilities. It was engineered for high resilience, enabling operations to continue seamlessly during an entire AWS Availability Zone outage without impacting citizens‚Äô experience.","‚Ä¢ Achieved uninterrupted service during a full AZ failure thanks to robust SRE practices.
‚Ä¢ Earned the MCA Award in 2020 for ‚ÄòBest Change and Transformation Project‚Äô in the Public Sector.
‚Ä¢ Established a fully automated, resilient infrastructure that supports large‚ scale data processing (billions of records) with improved performance and governance.",[https://ibmgbs.loopio.com/library?entry=9092125]
9380232.md,How we would organise and manage a product-centric delivery and support team to provide effective outcomes,Disclosure and Barring Service (DBS),"Public Sector, Government Services",AWS,"The document describes how the team built a production‚ strength service for the Disclosure and Barring Service (DBS) on AWS, implementing security controls to meet stringent UK government standards informed by NCSC guidelines. This was DBS‚  first cloud delivery, leveraging existing tooling and establishing an AWS/DevOps solution that ensured high levels of data protection for sensitive personal information.","[First cloud delivery for DBS, High‚ level security compliance with UK government standards, Secure and scalable production environment on AWS]",[https://ibmgbs.loopio.com/library?entry=9380232]
9380233.md,Creating the second citizen‚ facing digital service for ‚Äòbarring referrals‚Äô at DBS,Disclosure and Barring Service (DBS),"Government, Public Sector IT Services","AWS, Atlassian, Jenkins, Vault, GOV.UK Notify, GOV.UK Verify, GOV.UK Pay","The project involved building DBS‚  second citizen‚ facing digital service for barring referrals. By reusing existing technical assets and products‚Äîsuch as the original AWS platform, Atlassian, Jenkins, Vault tooling from the earlier ‚Äòbasic check‚Äô service‚Äîand extending proven techniques (user feedback collection, logging, alerting, monitoring), the team accelerated delivery while maintaining consistency across the estate. Integration leveraged common GOV.UK services (Notify, Verify, Pay) and legacy backend systems, and front‚ end development reused the GOV.UK front‚ end framework.","[Achieved an ‚Äòexemplar‚Äô Government Digital Service (GDS) rating, Won the ‚ÄòBest Use of Customer Insight‚Äô award at the 2020 UK Customer Satisfaction Awards]",[https://ibmgbs.loopio.com/library?entry=9380233]
9407453.md,IBM DBS Digital Partnership ‚Äì Transforming Disclosure and Barring Service,Disclosure and Barring Service (DBS),"Public Sector, Government Services","AWS, Salesforce, MuleSoft Anypoint Platform","IBM partnered with the Disclosure and Barring Service to overhaul its technology delivery, creating a new digital capability that leveraged agile DevSecOps practices, open‚ source tooling, and cloud infrastructure. The project delivered citizen‚ facing .GovUK applications (basic and barring products), an internal enterprise data warehouse, feedback service, adult first service, and additional services in various stages of agile delivery. IBM installed the UK‚  first QRoc for secure monitoring and used AWS to host a stable, SLA‚ compliant platform that has operated without missed SLAs for five years.","[Reduced cost base and increased revenue, enabling DBS to lower fees ‚Äì basic and standard checks were reduced by 22% on 6 April 2022, Citizen savings realized through more efficient services, Finalist place at the 2023 MCA award for ‚ÄòPerformance Improvement in the Public Sector‚Äô]",[https://ibmgbs.loopio.com/library?entry=9407453]
9520969.md,Apply for NiNo,Department for Work and Pensions (DWP),"Government, Public Sector",,"A Covid‚ 19 related digital service delivered in 8 weeks using agile methods, fortnightly health‚ checks with DWP‚  digital assessment team, GDS preparation sessions every sprint, and user‚ research and design‚ assessor engagement to meet Service Manual Standards.","[90,000+ applications processed, 57% improvement in application processing speed, 81% user satisfaction,  £108m operational savings]",[https://ibmgbs.loopio.com/library?entry=9520969]
9520972.md,Rapid Mobilisation ‚Äì MVP of the COVAX Platform,Ireland‚  Health Service Executive,"Healthcare, Public Sector","IBM Garage framework, Salesforce","A blended IBM, Salesforce and Ireland‚  Health Service Executive (HSE) Garage team delivered a minimum viable product (MVP) of the COVAX platform in only nine working days. The project leveraged IBM‚  rapid delivery methodology, agile practices and close partnership with HSE to prototype and validate a critical public health solution within an unprecedented timeframe.","[Delivered MVP in 9 working days, Demonstrated speed-to-innovation capability for government clients, Enabled rapid prototyping of a national vaccination platform]",[https://ibmgbs.loopio.com/library?entry=9520972]
9520973.md,Social Security Scotland‚  Cloud Hosting Platform,Scottish Government ‚Äì Social Security Scotland,"Government, Public Sector",Cloud hosting platform (unspecified provider),"IBM helped build a cloud hosting platform for Social Security Scotland, enabling the organization to attract, recruit and upskill DevOps engineers. The project combined on‚ the‚ job training with a 16‚ week knowledge transfer method, allowing the team to become self‚ sufficient as the project neared completion.","[Developed DevOps engineering capabilities within the client team, Enabled self‚ sufficiency in managing the new cloud platform, Improved recruitment and upskilling of technical staff]",[https://ibmgbs.loopio.com/library?entry=9520973]
9520976.md,IBM transformed HMRC‚  Portfolio Management capability,HMRC (Her Majestys Revenue and Customs),"Government, Public Sector",,"In 18 months IBM applied its IBM Garage methodology to transform HMRC‚  portfolio management. Engaging over 150 stakeholders, the team co‚ created a data‚ led reporting service and delivered upskilling through on‚ the‚ job training, lunch & learns, buddying and tailored learning. The new service was handed over in Q4‚ÄØ2022 with an accompanying development roadmap.","[Changed behaviours and ways of working for 40 programme delivery teams, Supported 4 operational delivery areas delivering live services, Enabled 11 functions across 5 departments (VOA, DWP, MOJ, HO, NHS, CPS, devolved)]",[https://ibmgbs.loopio.com/library?entry=9520976]
9664780.md,DWP Hack2Work Hackathon,Department for Work and Pensions (DWP),"Public Sector, Government","Red Hat Code Workspaces, MongoDB","IBM commissioned the Hack2Work hackathon with DWP to develop digital solutions that help citizens return to work after Covid. The event gathered over 150 participants, including DWP staff and employers, who created real‚ life employment insights through videos and lightning talks. Participants submitted problem statements beforehand, and SMEs supported them during the event. Eleven hack teams were formed around the ideas, technology platforms, and skill levels. IBM provided tooling such as user story templates, empathy maps, ready‚ made Red Hat code workspaces, code snippets, and MongoDB templates. Two solutions from the hackathon progressed to product delivery, earning praise from DWP CDIO Simon McKinnon for the rapid creation of working code.","[Two solutions advanced to product delivery, DWP leadership expressed amazement at the speed and quality of outcomes]",[https://ibmgbs.loopio.com/library?entry=9664780]
9664781.md,"IBM and Moorhouse partnered (as ""NorthStar"") to support HMRC",HM Revenue & Customs (HMRC),"Government, Taxation",,"IBM and Moorhouse formed the NorthStar partnership to help HMRC set up a successful multi‚ supplier transformation portfolio. Over an 18‚ month period, NorthStar applied a three‚ step approach: mobilise the portfolio, deliver governance controls for over 200 projects covering more than 80% of HMRC‚  digital delivery, and sustain a value‚ driven portfolio management function. The initiative realigned 38 programmes across nine strategic roadmaps involving 25 suppliers, improving delivery and governance to remove approximately  £150‚ÄØmillion from programme costs.","[ £150m cost savings through improved delivery and governance, development of a best‚ in‚ class portfolio management function, upskilling of a 15 FTE civil service team and a 250 FTE PMO community]",[]
9664783.md,HMRC‚   £300m Securing our Technical Future Programme (SoTF),Her Majestys Revenue and Customs (HMRC),"Public Sector, Government",Microsoft Azure,"When HMRC‚   £300‚ÄØmillion Securing Our Technical Future programme was experiencing delays, conflicts and disputes involving multiple contractors, IBM was called in to stabilise the project. Within four weeks a new Delivery Excellence & Assurance (DEA) team was established, partnering with HMRC to conduct workshops, validate costs, introduce a RAID and communications process, and set the project back on track. The DEA framework enabled the migration of 70 services to Microsoft Azure over a single weekend, delivering the full migration on time.","[On‚ time delivery of all 70 service migrations,  £18\u202fmillion cost savings for HMRC, Secured an additional  £50\u202fmillion in Treasury funding]",[https://ibmgbs.loopio.com/library?entry=9664783]
9664784.md,Irelands Health Service Executive COVID‚ 19 Vaccine Management System,Health Service Executive (HSE),"Healthcare, Public Health",Salesforce,"During a national emergency, the Irish HSE partnered with IBM to rapidly develop a national COVID‚ 19 vaccine management system on Salesforce. Using IBM‚  product engineering approach, the first iteration of the solution was delivered in just nine days, and a roadmap of 24 major releases was established over a 22‚ month period.",First version deployed within 9 days; comprehensive multi‚ release roadmap enabled continuous improvement and scaling of vaccine management across Ireland. The project demonstrated rapid delivery capability and long‚ term scalability for public health needs.,[]
9664789.md,Scottish Government Social Security Directorate Intelligent Client Capability,Scottish Government ‚Äì Social Security Directorate,"Public Sector, Government Services","Low‚ code/No‚ code platforms (configurable software), Virtual Library platform, Watson.AI, ServiceNow App Engine Studio","IBM implemented a comprehensive knowledge transfer and upskilling program for the Scottish Government‚  Social Security Directorate. The initiative included a training needs analysis, focused delivery plan, virtual library of manuals and guidance, communities of practice, job‚ shadowing and reverse shadowing cycles, and continuous monitoring via capability assessments. The program leveraged low‚ code/no‚ code tools to enable rapid development, testing and DevOps practices within the directorate‚  teams.","[Established confident in‚ house teams with capabilities in analysis, low‚ code development, testing and DevOps, Enhanced the directorate‚  ‚Äòintelligent client‚Äô capability across oversight, planning, design, delivery and validation, Reduced knowledge silos through train‚ the‚ trainer approach and communities of practice, Improved service continuity and compliance with training requirements]",[https://ibmgbs.loopio.com/library?entry=9664789]