Title,Company,Industry,Clouds Implemented,Description,Outcomes,Links
Streamlining Lead Data Collection,2-10 Home Buyers Warranty,Financial Services,Sales Cloud,"Specialized in home warranties, the company faced fragmented lead data and poor analytics. IBM implemented Sales Cloud to unify lead sources and apply analytics for budget optimization.",Improved lead channel visibility; enhanced partner sourcing; better budget allocation across channels.,https://ibm.box.com/s/9v8vqompcerw09xzgjgho9goyez4byr7
CRM & Experience Transformation,GreatAmerica Financial Services,Financial Services,"Experience Cloud, Sales Cloud, Service Cloud",Commercial equipment finance firm needed automation and scalability. IBM delivered a unified CRM with automation-first strategy and seamless UX.,Reduced manual interventions; scalable solution delivery; improved employee productivity and customer experience.,https://ibm.box.com/s/9v8vqompcerw09xzgjgho9goyez4byr8
Merchant Portal Innovation,Snap Finance,Financial Services,"Experience Cloud, Service Cloud","Consumer finance firm lacked a branded merchant experience. IBM built a portal with onboarding automation, forecasting, and learning tools.",Enabled enterprise-scale selling; improved merchant satisfaction; streamlined onboarding and training.,https://ibm.box.com/s/9v8vqompcerw09xzgjgho9goyez4byr9
UX Strategy for Real Estate,Brookfield,Financial Services – Real Estate,Strategy Only (Experience Cloud planned),Brookfield’s leasing agents struggled with fragmented systems. IBM designed a UX strategy to consolidate data access and improve deal cycles.,Anticipated reduction in sales cycle duration; increased employee satisfaction; improved revenue potential.,https://ibm.box.com/s/9v8vqompcerw09xzgjgho9goyez4byr10
Agent Experience Overhaul,New York Life,Financial Services,Experience Cloud (Sales & Service Cloud existing),"Legacy agent portal lacked usability. IBM implemented a consolidated portal with calendaring, policy archives, and customer data.",Faster onboarding; improved agent productivity; enhanced customer interactions across channels.,https://ibm.box.com/s/9v8vqompcerw09xzgjgho9goyez4byr11
Partner Portal Modernization,Pentair,Manufacturing,"Experience Cloud, Sales Cloud, Service Cloud, Platform",Water solutions manufacturer needed a scalable partner portal. IBM delivered a branded template and outsourced maintenance.,Reduced support costs; scalable portal reuse; improved partner engagement and satisfaction.,https://ibm.box.com/s/9v8vqompcerw09xzgjgho9goyez4byr12
Customer Community Revamp,Blue Yonder,Manufacturing,"Experience Cloud, Sales Cloud, Service Cloud, Platform","Software consultancy needed to modernize an 8-year-old community. IBM redesigned UX, added training, and migrated search tools.",Enhanced onboarding; reduced technical debt; improved customer self-service and engagement.,https://ibm.box.com/s/9v8vqompcerw09xzgjgho9goyez4byr13
Consolidated PRM for Partners,AMD,High Tech / Manufacturing,Experience Cloud,"AMD’s partner UX was fragmented. IBM built a branded PRM portal with self-service for returns, warranties, and inventory.",Streamlined partner operations; improved engagement; reduced friction in partner interactions.,https://ibm.box.com/s/9v8vqompcerw09xzgjgho9goyez4byr14
Data-Driven Employee Experience,Columbia University,Higher Education,Experience Cloud,Ivy League research institution needed unified data and analytics. IBM built a workspace to improve communication and decision-making.,Improved executive visibility; better donation targeting; measurable progress tracking.,https://ibm.box.com/s/9v8vqompcerw09xzgjgho9goyez4byr15
Student Admissions Experience,MyComputerCareer,Education,Experience Cloud,Technical college lacked centralized onboarding. IBM implemented branded student portal with progress tracking and advisor scheduling.,Increased applicant conversion; simplified registration; improved enrollment and revenue.,https://ibm.box.com/s/9v8vqompcerw09xzgjgho9goyez4byr16
Holistic IT Strategy,Brinks,Consumer Goods,N/A,Security firm needed scalable IT strategy. IBM reengineered warehouse operations and automated logistics.,Improved operational efficiency; scalable growth; enhanced logistics and process automation.,https://ibm.box.com/s/9v8vqompcerw09xzgjgho9goyez4byr17
Headless B2C Commerce Launch,Mulberry,Retail,"B2C Commerce, Service Cloud, Marketing Cloud",Luxury brand needed to modernize commerce. IBM implemented Salesforce Headless B2C Commerce integrated with existing clouds.,First UK headless B2C launch; improved digital experience; scalable multi-site rollout.,https://ibm.box.com/s/9v8vqompcerw09xzgjgho9goyez4byr18
Marketplace for Energy Collaboration,Energy Systems Catapult,Nonprofit (Energy Sector),Experience Cloud,UK innovation group needed a platform for local energy projects. IBM built a marketplace for collaboration and investment tracking.,Enabled stakeholder collaboration; improved project visibility; supported net-zero goals.,https://ibm.box.com/s/9v8vqompcerw09xzgjgho9goyez4byr19
Disaster Relief Enablement,American Red Cross,Nonprofit,"Experience Cloud, Service Cloud",Humanitarian org needed scalable disaster response. IBM built a platform for faster aid requests and support delivery.,Accelerated financial aid processing; streamlined disaster recovery; improved constituent support.,https://ibm.box.com/s/9v8vqompcerw09xzgjgho9goyez4byr20
IBM Accelerates Onboarding and Boosts Sales Efficiency for Dormakaba,Dormakaba,Manufacturing,"Sales Cloud, Agentforce",IBM implemented a Sales Coach Agent integrated into the Opportunity page to guide sales executives using dormakaba’s documentation. The copilot feature enables direct queries for consistent selling.,Reduced sales executive training time; embedded institutional knowledge; improved opportunity management and supplier interaction consistency.,https://ibm.box.com/s/81fg1ncuj22pxq7gd1smicccub060mi9
IBM Transforms Pricing Strategy for Pfizer,Pfizer,Healthcare and Life Sciences,"Sales Cloud, Agentforce","IBM delivered an AI Assistant to automate pricing workflows, retrieving historical bid data and providing contextual recommendations.",Reduced manual effort and errors; improved pricing accuracy and transparency; embedded institutional knowledge; faster bid turnaround.,https://ibm.box.com/s/81fg1ncuj22pxq7gd1smicccub060mi10
GSA Optimizes Call Center Efficiency,General Services Administration (GSA),US Federal,"Service Cloud, Agentforce","IBM implemented a solution to summarize inbound communications and knowledge materials, improving case resolution speed and accuracy.","10% increase in call center capacity; over 2,000 hours saved annually; improved customer experience and agent productivity.",https://ibm.box.com/s/81fg1ncuj22pxq7gd1smicccub060mi11
IBM Reimagines Procurement for Salesforce,Salesforce,Technology,"Agentforce, integrated with Coupa, Quip, Confluence, Basecamp, S360","IBM developed AskProcurement to centralize supplier status, PR/PO info, and policy guidance, streamlining procurement workflows.",4–6 point satisfaction improvement; 50–60% reduction in PR-to-PO cycle time; 75% improvement in policy access and guidance.,https://ibm.box.com/s/81fg1ncuj22pxq7gd1smicccub060mi12
IBM Transforms Partner Support for Brother,Brother International Australia,Manufacturing,"Service Cloud, Agentforce",IBM replaced manual partner support with a chat-driven AI workflow that parses product manuals and triggers defect forms/orders.,Significant reduction in resolution time; improved partner experience; increased operational efficiency by removing manual validation.,https://ibm.box.com/s/81fg1ncuj22pxq7gd1smicccub060mi13
IBM and OMV Automate Order Management,OMV,Energy & Utilities,"Service Cloud, Agentforce","IBM deployed an Agentforce Service Agent to interpret emails and attachments, classify content, and generate orders in real time.",Reduced manual processing; improved data accuracy and consistency; faster response times for order requests.,https://ibm.box.com/s/81fg1ncuj22pxq7gd1smicccub060mi14
IBM Helps Flender Enhance Customer Service,Flender,Manufacturing,"Service Cloud, Agentforce","IBM implemented a Service Agent to automate case handling, streamline email routing, and provide instant pricing recommendations.",Reduced response time; improved agent productivity; enhanced customer satisfaction with personalized service.,https://ibm.box.com/s/81fg1ncuj22pxq7gd1smicccub060mi15
IBM and Santander Boost Contact Center Performance,Santander,Financial Services,"Service Cloud, Agentforce","IBM implemented a Service Agent to retrieve real-time answers from 30+ PDFs, enabling faster responses to branch queries.",Faster response times; increased agent productivity; improved accuracy and consistency of information provided to sales teams.,https://ibm.box.com/s/81fg1ncuj22pxq7gd1smicccub060mi16
Unified modular approach to accelerate the time to market,NA,NA,"Sales Cloud, Service Cloud, Experience Cloud, Commerce Cloud, Platform","eCommerce-centric core model integrated with business solutions (pricing, stock). Replaces fragmented systems with a shared modular platform.",Reduced time to market from 2 years to a few days.,Waeg References General.pptx
Increase loyalty of independent pharmacies,NA,Healthcare,"Commerce Cloud, Sales Cloud, Service Cloud, Platform","Salesforce platform used to connect with independent pharmacies, improve service levels, and drive cross-selling.","+50% orders, +250% conversion, +350% revenue, +150% user growth.",Waeg References General.pptx
Modernize global web stores for cleaning industry,Nilfisk,Manufacturing,Commerce Cloud,"Multi-language, multi-currency storefront with real-time SAP pricing and PIM integration.","Enhanced customer interaction, improved marketing tools, and analytics.",Waeg References General.pptx
Solvay SpP eCommerce transformation,Solvay,Chemicals,"Commerce Cloud, Sales Cloud, Service Cloud, Experience Cloud, Marketing Cloud Account Engagement",Migrated small-volume orders to scalable online solution. Integrated with CRM and marketing automation.,"Improved service for small customers, reduced manual effort, increased scalability.",Waeg References General.pptx
Launch B2B wine & spirits sales,Moët Hennessy,Beverages,"Commerce Cloud, Experience Cloud",First-time online B2B sales for hospitality clients. Offline/online hybrid cart and payment process.,"Enabled scalable B2B sales, improved customer experience.",Waeg References General.pptx
Dawn Foods EU rollout,Dawn Foods,Food Manufacturing,"Commerce Cloud, Sales Cloud, Service Cloud, Experience Cloud, Marketing Cloud Account Engagement",Multi-region B2B store with localized branding and ERP integration.,Foundation for rapid EU rollout; improved scalability.,Waeg References General.pptx
Marketing automation for 11 countries,Dawn Foods,Food Manufacturing,"Marketing Cloud Engagement, Sales Cloud, Service Cloud",Centralized platform for GDPR-compliant campaigns and training.,Enabled self-sufficiency; improved campaign delivery.,Waeg References General.pptx
Carrier Transicold spare parts portal,Carrier,Manufacturing,"Commerce Cloud, Service Cloud, Experience Cloud",Unified platform for public and key accounts. Replaced legacy ordering tool.,Faster order response; improved customer experience.,Waeg References General.pptx
Roland-Garros ticketing transformation,Roland-Garros,Hospitality,"Commerce Cloud, Sales Cloud, Service Cloud, Experience Cloud, Marketing Cloud Account Engagement",B2B ticketing and lounge sales with hybrid cart/payment model.,First-time B2B online sales; streamlined process.,Waeg References General.pptx
Takeda campaign enablement,Takeda,Pharmaceutical,"Marketing Cloud Engagement, Veeva CRM",Centralized campaign team and playbook for EUCAN regions.,"Improved platform usage, governance, and campaign support.",Waeg References General.pptx
Danone eShop for professionals,Danone,Food Manufacturing,"Commerce Cloud, Experience Cloud",API-only Adyen integration; high-quality B2B/B2C design.,Increased access to products; improved professional engagement.,Waeg References General.pptx
Spare parts portal for hospitals,NA,Healthcare,Commerce Cloud,24/7 webshop with next-day delivery.,MVP launched; expanded to DACH + NEZ regions.,Waeg References General.pptx
Volvo CE multi-storefront portal,Volvo CE,Manufacturing,Commerce Cloud,"Hardware, software, and used parts storefronts with dealer admin portal.","Improved billing accuracy, faster order cycles, better customer loyalty.",Waeg References General.pptx
Zuora-integrated eCommerce platform,NA,High Tech,Commerce Cloud,Custom storefront with partner-specific purchase rules.,Enabled flexible partner access; improved product visibility.,Waeg References General.pptx
Kongsberg B2B Lightning rollout,Kongsberg,Manufacturing,"Commerce Cloud, Experience Cloud","Integrated storefront with SSO, shipping logic, and dealer experience.",+60 orders on day one; x2 faster checkout; x4 easier back-office maintenance.,Waeg References General.pptx
Interxion strategic CRM partnership,Interxion,Data Center Services,"Sales Cloud, CPQ, Service Cloud, Finance Force",Continuous improvement team; strategic guidance and architecture.,Sole Salesforce partner; improved CRM value realization.,Waeg References General.pptx
Solvay SRM platform,Solvay,Chemicals,"Commerce Cloud, Sales Cloud, Service Cloud, Experience Cloud, Marketing Cloud Account Engagement, Platform",Agile supplier portal with SAP integration and contract management.,Streamlined onboarding; improved procurement visibility.,Waeg References General.pptx
Royal FrieslandCampina SRM,Royal FrieslandCampina,Food Manufacturing,"Commerce Cloud, Sales Cloud, Service Cloud, Experience Cloud, Marketing Cloud Account Engagement, Platform","Configurable SRM with feedback, risk templates, and analytics.",Improved supplier relationships; centralized data insights.,Waeg References General.pptx
Bridgestone Mobility Field Service,BMS,Automotive,"Service Cloud, Field Service, Experience Cloud",Dispatcher-managed work orders with mobile app execution.,Enhanced visibility; reduced manual errors.,Waeg References General.pptx
bioMérieux Customer Portal,bioMérieux,Healthcare,Experience Cloud,Portal for 1000 customers and 150 distributors.,43% orders via portal; 98% satisfaction; -2 FTEs in India.,Waeg References General.pptx
OMV CX transformation,OMV,Energy,"Sales Cloud, Experience Cloud, Service Cloud",Multichannel CX platform with ticketing and mobile apps.,Improved lifecycle experience; operational excellence.,Waeg References General.pptx
Transforming Patient Access & Engagement with a Salesforce-Powered Digital Platform​,NA,Life sciences,Health Cloud,"IBM partnered with a major Pharmamanufacturer to create an omni-channelplatform powered by Salesforce HealthCloud to connect patients, caregivers, HCPsand HUB providers and help with PatientAccess of Specialty drugs acrossImmunology, Oncology, Neuroscience andCVM therapeutic areas​      Drivers:  Delivering personalized care through astate-of-the-art digital platform withintegrated provider and patient portalsbecame a key differentiator in fosteringpatient intimacy within a highly competitivemarket.​  Objectives:  Create channels for real-timetransactions between patients, HCPs andHUB​  Accelerate patient access and approvalfor manufacturer products​  Enable seamless integrations with theecosystem to help paint a patient 360view of treatment journey ","IBM’s platform, has been in use for the last 8 years and is considered the best in the industry for program effectiveness, HCP and patient satisfaction. The most tangible benefits are. ​30% operations cost efficiencies due to automation and digital channels use.​  High patient and HCP CSAT​  Improved patient Adherence.     3M live patients, 12K US Providers",LS Case Studies copy.pptx
"A Secure, Scalable, and Data-Driven Participant Management Solution​",NA,Life Sciences,Health Cloud,"Our client: 
A leading U.S. health research
organization partneredwith
IBM to develop a secure, HIPAA-compliantplatform for managing participant engagement in anationwide precision medicine initiative.​
​Drivers:​
The organization required a HIPAA-compliant,highly secure, and scalable digital platform toefficiently manage participant enrollment,engagement, and retention while ensuringseamless integration with multiple researchsystems. The solution needed to support securedata exchange, streamline participantinteractions, and provide real-time analytics forresearchers.
​Objectives:​
·           Implement a Salesforce Health Cloud-poweredplatform to enhance participant managementand engagement. 
·          
Ensure HIPAA compliance and FedRAMP Highsecurity standards using Salesforce Shield andSalesforce Gov Cloud+. ​
·          
Enable automated, personalized participantcommunication via Salesforce Marketing Cloud(SFMC).​
""Designed and implemented a secure, HIPAA-compliant
Salesforce Health Cloud platform, serving as the
organization’s centralized system for participant
management. ​

Developed key Salesforce-powered portals and websites to
enhance user engagement: ​

Participant Portal (Salesforce Experience Cloud) – Allows
participants to manage profiles, complete surveys and
consents, and order biosample kits.​

Staff Portal (Salesforce Experience Cloud) – Enables
partner site staff to schedule appointments, log
participant interactions, and track study milestones.​

Public Websites – Serve as educational and recruitment
platforms for potential study participants.​

Integrated Salesforce Marketing Cloud (SFMC) to automate
and personalize participant communication through email
and SMS, improving engagement and study retention.​

Leveraged MuleSoft’s Anypoint Platform to facilitate real-
time data exchange between Salesforce, Qualtrics,
HealthPro, DNA Genotek, AWS, and other critical research
systems.​

Implemented Salesforce Shield to enhance security,
compliance, and audit controls, ensuring the platform
meets strict regulatory requirements. ​

Enabled AI-powered analytics with CRM Analytics,
providing researchers with real-time visibility into
participant data, engagement levels, and study metrics.""","1M enrolled.   Rapid Development & Deployment: Employed
Agile model, to achieve MVP, and nationwide
authorization to operate (ATO), within 12 months. ​

​

Enhanced Operational Efficiency: Reduced
initial treatment timelines and operational costs
by streamlining participant and care
administration workflows.​

​

Seamless Participant & Staff Experience ​

​

Personalized & Automated Multi-Channel,
Compliant Engagement ",LS Case Studies copy.pptx
 AI-Driven Marketing Transformation for a Global Diabetes Care Leader​,NA,Life sciences,Marketing Cloud,"Our Client: ​

A global leader in diabetes care technology partnered
with IBM to optimize their marketing operations using
Salesforce Marketing Cloud (SFMC). The company
sought to enhance engagement with three key
audiences: consumers, healthcare professionals (HCPs),
and payers.​

​

Drivers:​

The client faced two primary challenges:​

Effective Communication & Engagement: They
needed a streamlined strategy to showcase product
innovations and maximize engagement throughout the
patient treatment journey.​

Optimized Marketing Execution: Distributed
campaign operations resulted in inefficiency and a
higher costs envelope, necessitating a unified, data-
driven approach to improve marketing effectiveness,
costs, and performance​

​

Objectives:​

Unify and streamline marketing operations through
Salesforce Marketing Cloud. ​

Expand audience engagement by integrating SMS
and multi-channel marketing strategies. ​

Improve campaign performance through data-driven
personalization and automation. ​

Enhance data quality to ensure higher deliverability
and engagement rates.​   IBM implemented a comprehensive transformation of
the client's marketing operations, centralizing efforts
within Salesforce Marketing Cloud to drive efficiency
and effectiveness. Key solution component included:​

​

Marketing Automation & Centralization: Consolidated
all email communications into Salesforce Marketing
Cloud, enabling a single, streamlined tech stack for
marketing execution.​

Omnichannel Expansion: Extended outreach by
integrating SMS marketing, allowing for a broader
and more effective multi-channel engagement
strategy.​

Data Quality Enhancement: Cleaned and optimized
contact lists, improving email deliverability and
reducing bounce rates, ensuring messages reached
the right audience.​

Operational Efficiency & Workflow Optimization:
Leveraged automation capabilities within SFMC to
refine campaign execution processes, reducing
delays and enhancing speed-to-market.​

Creative & Content Alignment: Collaborated with
digital agencies to create a unified visual identity
across social, digital, email, SMS, and web
campaigns.","30%+ reduction in campaign execution time,
improving speed-to-market.​

42% increase in engagement due to
personalization and experiential campaign
strategies.​

8-10% improvement in email deliverability,
maximizing audience reach.​

Unified marketing approach across social, digital,
email, SMS, and web for consistent branding and
communication.​

​

By partnering with IBM, the client successfully
transformed its marketing operations, improving
campaign efficiency, engagement, and overall brand
impact. With Salesforce Marketing Cloud at the core,
the company now executes high-performing, data-
driven marketing campaigns that enhance engagement
with consumers, HCPs, and payers, ultimately
supporting better patient care and brand growth.​",LS Case Studies copy.pptx
Caixa Bank AI Service Success,Caixa Bank,"Banking, Financial Services","Financial Services Cloud, Service Cloud, Agentforce","As its customer base grows, Caixa bank saw a large increase in support requests, and needed to build a system that could effectively scale and route inquiries. CaixaBank first chose Salesforce as its new platform of choice due to Salesforce’s high potential to scale and innovate, and its multicloud approach that extends beyond the contact center.           Building off its prior work with IBM Watson® technology, IBM® Consulting was the natural partner to work on this transformation because of both its Salesforce and IBM expertise. The transformation needed to accomplish three things: efficiently manage the contact center, unify customer service channels and unify their technology platform—all with a focus on improving user experience.        Through the Salesforce platform, CaixaBank now provides employees with the right tools and information to make the best recommendations and build customer relationships. The bank incorporated AI, including IBM Watson agent-facing chatbots to offset basic inquiries, escalate to live agents when appropriate and surface answers during customer interaction to reduce case time to resolution. ​

To improve back-office productivity, automated workflow processes create consistent customer service journeys while reducing redundant workload for agents. For more straightforward requests, IBM Watson and machine learning with natural language processing enables support channels to provide nearly two million answers each month. ​

Solution includes IBM Consulting and","Consolidation​
50+ service phone numbers condensed to 1 number​

High processing capacity​
IBM Watson responds to inquiries, providing over 2 million answers each month",first-call-deck-enterprise-salesforce-transformation 101525.pptx
Driving enhanced customer service with agenti. AI,Camping World,Hospitality,Service Cloud,"Camping World relies heavily on its contact centers to deliver unmatched customer service, but a surge in customers revealed some issues in its existing infrastructure. With its customers unable to reach a live human agent during call center off-hours, the retailer was forced to rethink its infrastructure, its lack of visibility and its functionality gaps. With customer interactions as the focal point, Camping World looked to IBM® Consulting to modernize its contact centers and invest in a new infrastructure to improve processes and workflow automation. The solution, powered by IBM watsonx Assistant, was deployed across all the web properties, increasing the coverage of questions and telephone capabilities. Following the implementation, customer engagement rates have trended upwards significantly, and the number of dropped conversations has decreased. ​

Customers are experiencing shorter wait times and faster responses, and agent efficiency has dramatically improved. ​

​

","Increased customer engagement​
As of March 2022, customer engagement increased 40% on all platforms​

Shorter wait times​
Agent efficiency has increased 33% and wait times have decreased to 33 seconds overall",first-call-deck-enterprise-salesforce-transformation 101525.pptx
Service Contract growth and management,Evident,Financial Services,"Financial Services Cloud, Service Cloud","Evident had gaps to close in the efficiency of its service operations. At the root of it all was a lack of visibility caused by disjointed data and manual, outdated processes. The Salesforce Practice of IBM Consulting™ proposed a unified platform—built on the Field Service module of the ​
Salesforce Service Cloud solution—through which the Evident service team could manage all ser-vice requests from first contact through to billing.  Central to IBM’s proposed delivery strategy was the application of the agile, design-thinking principles embodied by the IBM Garage™ methodology. The transformation of Evident’s service and support operations has turned a point of vulnerability into a key differentiator.","15%​
The new Salesforce solution increased the productivity of support engineers and team leads by over 15%​

25%​
Evident increased the number of existing customers under service contract by more than 25%",first-call-deck-enterprise-salesforce-transformation 101525.pptx
AI Driven Loyalty marketing,MOL Group,Retail and Oil and Gas,"Marketing Cloud, Loyalty Cloud, Data Cloud","MOL Group made the bold decision to relocate its retail activities from Downstream Operations to a new division focused on service innovation. Top management had recognized that the digital and mobile technology were fundamentally changing consumer behavior and, in the process, creating strategic opportunities in retail. The product of this co-creation effort is an integrated omnichannel marketing solution employing the full portfolio of Salesforce components. An IBM team worked closely with the Digital Factory to help MOL Group establish new marketing and loyalty practices. Within two years of the new app’s introduction, customer downloads are on course to exceed 1.4 million.","Increased Revenue​
Drove an average revenue uplift of 15%—30% through enhanced digital engagement​

Improved CSAT​
Achieved customer satisfaction levels >20% higher than competitors",first-call-deck-enterprise-salesforce-transformation 101525.pptx
Expereince Driven Purchasing on Salesforce,Tag Heuer,Retail,"Sales Cloud, Service Cloud, Experience Cloud, Commerce Cloud, Platform","For years, TAG Heuer had been using Salesforce CRM to manage its relationships with retailers and other business-to-business partners. As it undertook its consumer transformation strategy, the watchmaker’s leadership in Switzerland and France determined it would be most effective to leverage the Salesforce cloud platform for consumer engagement.  To help navigate both the technical and experiential side of the Salesforce equation, TAG Heuer enlisted IBM iX® global digital transformation and customer experience design consultancy for its combined expertise in Salesforce integration, design thinking and retail-industry knowledge. Working with IBM iX consultants, TAG Heuer built a new guided purchasing experience in a matter of weeks.","Enhanced time-to-market​
Developed a new online purchasing journey within 3 weeks    ​

Personalization​
Delivered more personalized services, helping drive 3x growth.          As more data and automation become available, TAG Heuer can reach owners and customers in new ways.​

Pandemic or not, the results have been remarkable. In 2020, the company saw triple-digit growth.",first-call-deck-enterprise-salesforce-transformation 101525.pptx
Massive Patient Vaccination Orchestration,NHS,Government,"Service Cloud, Platform","In early 2020, with hospitals around the UK in danger of becoming overrun, the UK government recognized the need to act. The ability to then take prompt action to control the spread of the virus on the back of positive results was central to breaking the chain of transmission. The longer the time required to process the results, the greater the potential for virus transmission.    IBM delivered a Salesforce platform that enabled the UK Health Security Agency to rapidly deploy solutions such as the International Arrivals Service, the Managed Quarantine Service and a web portal for private test providers. IBM® Consulting - Hybrid Cloud Services formed a joint, multidisciplinary team to build a software as a service integration platform to process all COVID-19 test results for onward contact tracing.","Reduced processing time​
Reduced processing time for ​
COVID-19 test results from 8 hours to 16 minutes enabling faster contact tracing​

Increase processing rate​
Processes COVID-19 tests at a rate of more than 1 million per day, or as many as 300 per second",first-call-deck-enterprise-salesforce-transformation 101525.pptx
IBM at the GRAMMYs,The Recording Academy,"Music, Entertainment",Platform,"The Recording Academy partnered with IBM Consulting to modernize its digital operations and deliver a more streamlined, personalized experience for nearly 24,000 members using Salesforce. Additionally, IBM introduced GRAMMY IQ, an AI-powered interactive quiz built with watsonx to engage millions of music fans before, during, and after the GRAMMY Awards.","Enhanced member experience through Salesforce personalization; Engaged millions of fans with AI-driven digital experiences; Positioned the Recording Academy for a modernized, data-driven future",https://www.ibm.com/sports/grammys
BPI achieves its Signature Selling Process thanks to Salesforce and IBM,Bank of the Phillippine Islands,"Banking, Financial Services","Financial Services Cloud, Service Cloud","The Bank of the Philippine Islands (BPI) transformed their business for the better using Salesforce Financial Services Cloud under the guidance of IBM. By reinventing fourteen lines of business—across sales, service, and support—BPI achieved their “Signature Selling Process.” This best-in-class sales experience benefits both customers and BPI employees and has led to an 80% growth in virtual store sales year over year since IBM began the project. Rather than a simple migration, this Salesforce implementation has allowed BPI to redefine their approach to functions such as call center support and chatbot assistance. Already, over 4,500 employees (1/5 of all BPI personnel) are newly enabled to better serve the bank’s customers thanks to the power of collaboration between BPI, Salesforce, and IBM.","80%
Growth in virtual store sales YoY, 4500+
Employees enjoy enhanced user experience,  14
Business lines successfully transformed",https://w3.ibm.com/consulting/contentplus/wow-stories/67dddbea50b770f1d1684330
Transforming Ericsson's Customer Support Through Salesforce,Ericsson,"Telecom, Technology","Service Cloud, Field Service, Experience Cloud","In an industry marked by intense competition, Swedish telecom giant Ericsson has little room for error. When the company realized their customer support operation was falling dangerously behind competitors like Huawei and Nokia, they sought the help of IBM—their twenty-year partner in strategic transformation.

By leveraging the power of our Enterprise Salesforce Transformation offering, we orchestrated multiple Salesforce implentations to create Omni Network Channel, a leading-edge customer support platform. Omni Network Channel provides customers with a single digital interface to open support tickets, have live chats, search a knowledge base, collaborate on user forums, and view network data—all backed by AI. Thanks to the platform, 900 institutional customer accounts are now empowered with self-service capabilities. As a result, Ericsson’s customers are projected to see the time needed to resolve technical issues cut in half. 

But the benefits of Omni Network Channel flow both ways, affecting all five of Ericsson’s market areas. The platform now empowers 7,000 software-support agents across 100+ countries with new tools and capabilities and has led to the decommissioning of five of the company’s legacy systems. Like the targeted decrease in issue-resolution time, our solution aims to decrease the need for engineers to visit customer sites by 25%, resulting in cost and time savings. Most importantly, our solution has the goal of reducing the number of dangerous tower climbs by 10%, ensuring safer working conditions for Ericsson’s most daring employees. ","50%
Targeted Decrease In Resolution Time.
25%
Targeted Decrease In Customer Site Visits.
7,000
Support Agents Enabled.",https://w3.ibm.com/consulting/contentplus/wow-stories/67dddbfe50b770f1d1684658
Platform Unification Drives Arla Towards Continued Transformation with Salesforce,Arla,"Agriculture, Retail","Sales Cloud, Service Cloud, Expereince Cloud, Agentforce","Arla, a Danish-Swedish dairy cooperative, partnered with IBM for their first-ever implementation of Salesforce, and the results were overwhelmingly positive. IBM's solutions not only streamlined Arla's operations but also empowered farmers by providing them with a unified platform and portal, as well as a custom climate check solution built on Service Cloud and Experience Cloud. This innovative solution allows farmers to input data to be reviewed by sustainability experts while providing actionable insights for improving their practices and reducing their environmental impact, a key highlight of the partnership. The incentive model implemented by IBM was also praised by Arla's leadership, and the company was able to take a major step towards meeting their sustainability goals through the collection of data on climate change. The partnership between IBM and Arla was so successful that the companies have continued to work closely together long after the completion of the initial scope of the transformation. The Incentive Model implementation was recently rewarded with a Danish Digital Award for ""Best in Digital Strategy"".","3
Legacy systems into one unified system
3
Months to complete initial go-live with multiple system integrations
10K+
Farmers using the new system",https://w3.ibm.com/consulting/contentplus/wow-stories/67dddbf950b770f1d1684583
A Massive ERP Conversion Results in Zero Interruptions for Thousands of Salesforce Users,Pepsico,"Retail, Beverage","Sales Cloud, Service Cloud, Mulesoft","Uninterrupted operations throughout a major platform overhaul
When PepsiCo was streamlining their operations by transitioning from SAP ECC to SAP S/4HANA, they partnered with IBM to ensure their extensive Salesforce components could weather the journey smoothly. By enhancing their Salesforce modules to be dually compatible with both SAP platforms, IBM enabled PepsiCo to centralize their operations, streamline processes, and establish consistency across their business without disruptions. An immense technology restructuring that could have resulted in downtime of critical sales, service, and marketing support amounted to business as usual for the corporation’s tens of thousands of users, avoiding catastrophe and solidifying IBM as the organization’s incumbent technology partner.","~30K
User seamlessly transitioned
15+
Business processes refined end-to-end
1M+
Lines of code refactored",https://w3.ibm.com/consulting/contentplus/wow-stories/67dddbe450b770f1d1684246
Creating a New Frequent Flyer Redemption Experience,Asia Miles,"Transportation, Airlines","Sales Cloud, Experience Cloud, Service Cloud, Loyalty Cloud","Customers felt demotivated to interact with the airline after investing time to pick flights, only to be waitlisted to receive their actual tickets
Lack of insight into how accrued miles could be used unless customers already had a specific destination in mind
Institute a 90-day availability prediction to help customers know before they book when they're most likely to successfully redeem miles
Instead of a single destination search, travelers can now see all destinations their miles can fly them to with personalized recommendations","Communication with customers is now much more clear and transparent
Streamlined processes are much more intuitive, keeping customers informed with personalized flexibility
Confidence is much higher among customers, as the new redemption process puts users fully in control
Excitement infused back into the travel process",https://w3.ibm.com/services/lighthouse/spaces/view/salesforce/documents/221178?listId=ygvwb
A European Multinational Corporation Transforms Its Sales and Customer Support Operations with IBM’s Salesforce Expertise,ABB,"Industrial, Manufacturing","Sales Cloud, Experience Cloud, Service Cloud","The client, a global leader in industrial technology, has transformed their sales and customer service operations. Thanks to IBM's expertise in managing their Salesforce platform, the client has a enjoyed a 30% reduction in incidents, a 70% reduction in initial ticket backlog, and a 72% improvement in average ticket resolution time. Thanks to the benefits of this single, unified platform, their IT team is now able to focus on more strategic initiatives. The client’s employees are also pleased with ticket handling, posting an average CSAT [Customer Satisfaction] score of 4+ for tickets. In addition to these advantages, IBM's automation solutions have enabled the client to reduce both their deployment issues and time to deploy, resulting in faster go-lives for new features and projects.","30%
Incident reduction in 12 months
70%
Initial ticket backlog reduced in 12 months
300+
Functionality gaps fixed",https://w3.ibm.com/consulting/contentplus/wow-stories/67dddbe250b770f1d16841f6
Florida’s Leading Utility Provider Empowers Its Essential Workers with Salesforce,Florida Power and Light,Utility,"Service Cloud, Field Service, Experience Cloud","Florida Power and Light (FPL) is responsible for delivering reliable energy to 12M+ Floridians. Operating in a region susceptible to storm-induced outages, the utility company partnered with IBM to develop a Salesforce solution that would streamline the process for deploying thousands of power-restoring technicians. The transformation led to an 89% faster vendor repayment process and a 15% reduction in invoice validation costs. Tens of thousands of manual expense reports have been replaced by a singular platform that makes tracking expenses easier for everyone—from the technicians on the ground to the state agencies responsible for compensation—while also providing unprecedented visibility into crews’ operations. Today, FPL is better equipped to manage natural disasters with faster, easier payments to their fleet of workers, ultimately providing even more reliable service for their customers while also saving public-sector dollars.","15%
Cost reduction with invoice validation
89%
Faster vendor payment processin
30K
Technicians consolidated onto single platform",https://w3.ibm.com/consulting/contentplus/wow-stories/67dddbef50b770f1d16843f9
IBM partners with IPON to streamline client services and onboarding,Intelictual Property Ontario,Government,"PS Cloud, Expereince Cloud, Shield","Customer Profile
Intellectual Property Ontario (IPON) is a mid-sized Ontario government agency that empowers innovators by providing intellectual property funding, education, and consulting services.
Challenge
Labor-intensive processes force staff to concentrate on administrative tasks rather than strategic priorities, such as allocating funding
Siloed applications, with extensive manual manipulation in Excel, lead to a lack of a single source of truth
Lack of a comprehensive view of customers and their lifecycle, including lifetime metrics and interaction history.
Partner Value
IBM leveraged skilled resources to position itself as a trusted partner to an organization with no previous Salesforce experience 
IBM assets and processes, such as the Apex methodology, enabled a proposal for a streamlined and comprehensive solution
Public sector expertise allowed IBM to understand unique IPON requirements and design a solution that aligns with other public sector products","Reducing funding approval time by 25%
Reducing onboarding processing time by 25% ",https://w3.ibm.com/services/lighthouse/spaces/view/salesforce/documents/244326?listId=vtfvr
IBM helps Streamlining Quote-to-Cash with Unified CPQ and CRM Integration,Mckesson,"Health Care, technology",Sales Cloud,"Customer Profile
A global leader in healthcare supply chain management and technology, the customer serves pharmacies, hospitals, and providers across 13+ countries, ensuring efficient delivery of medicines and supplies. With a focus on digital transformation, the customer aims to integrate its Bio-Pharma, Pharmacy, Payor, and Provider verticals, streamlining operations and enhancing service delivery.
Challenge
Multiple Salesforce orgs resulted in fragmented data and inconsistencies in sales and quoting processes.
Approval management and traceability issues caused delays and inefficiencies in processing approvals. 
Solution Summary
IBM proposed to integrate CPQ and CRM into a unified platform, eliminating the redundant processes and accelerating the quote-to-cash workflow. 
IBM aimed to implement an automated approval system to streamline pricing, enabling quicker approvals within predefined guardrails while enhancing traceability, compliance, and efficiency.

Partner Value
Human-centered methodology solves customers’ most complex business challenges
150+ pre-built applications, accelerators and intelligent workflows that enhance functionality and speed time to market
Expertise in competencies, markets, industries and Clouds
Pre-sales support early and throughout the cycle
Industry POVs and SMEs + customer success stories
Heritage of technology innovation and market-changing inventions built on the Salesforce platform","Expected Outcomes
Seamless Opportunity Experience
Advance Approval management & traceability",https://w3.ibm.com/services/lighthouse/spaces/view/salesforce/documents/244426?listId=vtfvr
Ministry of Natural Resources and Forestry streamlines the management of natural resources licensing and permitting ,Ontario,Government,"Experience Cloud, Service Cloud, Shield","Customer Profile
The Ministry of Natural Resources and Forestry (MNRF) is a government agency in Ontario, Canada, responsible for managing the province's natural resources, including forests, petroleum, fisheries, wildlife, and mineral resources. It oversees conservation efforts, sustainable resource development, and the protection of biodiversity.
Challenge
90% of licensing and permitting management was conducted via physical mail and email
MNRF needed a customer and employee experience transformation that is quick to go to market and maintains government policies (ex. Accessibility for Ontarians with Disabilities Act in Ontario)
Furthermore, MNRF required strong support with data integrity, security, and encryption of Personal Information (PI).
 Partner Value
In 2024, IBM has had 2 successful releases of its Natural Resources Information Portal (Salesforce Experience Cloud), with the second release having 0 bugs during the go-live phase.
In 2025, IBM was able to leverage its delivery excellence in their relationship with MNRF to conduct another phase of work with new functionality.
As MNRF’s trusted advisor, IBM continues to collaborate with the client to grow their Salesforce environment. This includes IBM providing Agentforce workshops to ideate on how AI and Agentic experiences can be leveraged for MNRF.","Management of licenses and permits is now 100% digital.
Expected 100% growth in TCV from 2024 to 2025",https://w3.ibm.com/services/lighthouse/spaces/view/salesforce/documents/244311?listId=vtfvr
Modernizing Sales and Service for Mars Retail Group,Mars Wrigley,Retail Food and Beverage,"Sales Cloud, Service Cloud","Customer Profile
Describe customer, including stats like size, location, operating area, etc. 
Challenge
MRG operated with disparate, disconnected systems that lacked integration, creating inefficiencies and limiting scalability across their operations.
Manual promotion management: The existing systems couldn't handle complex omnichannel promotions effectively, requiring extensive manual interventions and technical support for any pricing strategy or promotional campaign.
Siloed CRM operations: Multiple CRM systems operated independently without coordination, preventing a unified view of customer data and hindering cohesive customer relationship management.
Solution Summary
IBM is implementing Salesforce Sales and Service integrated with Sterling OMS for order management. The solution is: 

Unified Pricing Engine: One stop shop to Automate and tailor promotions/pricing across all retail channels
Real-Time Performance Data: Accurate visibility for strategic planning and immediate decision-making
Integrated OMS: Seamless product personalization and packaging capabilities
Connected CRM Platform: Single system modernizing Customer 360, case management, email management, orders, and lead management","“IBM has been a great partner as they helped us define an MVP solution that we can scale globally and enhance in the future” –Chandan Jogur – Senior Lead Digital Transformation, Mars Wrigky
100%Adoption Rater",https://w3.ibm.com/services/lighthouse/spaces/view/salesforce/documents/244323?listId=vtfvr
IBM Salesforce Center of Excellence: boosting Operational Efficiency and Platform Stability,Pine Labs,"Financial Services, Fintech",Service Cloud,"Customer Profile
Pine Labs is a leading Indian provider of advanced point of sale (PoS) and payment solutions. Pine Labs serves over 70,000 retailers across India. Pine Labs is committed to delivering innovative payment technologies that enhance the retail experience and drive business growth for both merchants and consumers.
Challenge
Unoptimized Salesforce configurations in existing Salesforce implementation led to slow ticket resolution, high technical debt and poor system performance.
Flawed system setups, lack of process discipline, and limited scalability hindered the implementation of new initiatives and delayed optimization, stalling adaptability and growth due to resource constraints.
Solution Summary
IBM to establish a Salesforce Center of Excellence (CoE) that drives governance , streamlines delivery, and accelerates strategic initiatives across key business functions.
In flight project team set up with various squads spread across marketing, solutions, onboarding, Value added services to deliver ongoing and new initiatives.

Partner Value
Human-centered methodology solves customers’ most complex business challenges
Expertise in competencies, markets, industries and Clouds
Pre-sales support early and throughout the cycle
Heritage of technology innovation and market-changing inventions built on the Salesforce platform
“Art of the Possible” customized demos","Expected Outcomes
Increased operational Efficiency and platform stability
Driving platform innovation",https://w3.ibm.com/services/lighthouse/spaces/view/salesforce/documents/244375?listId=vtfvr
Ireland expedites nationwide COVID vaccination program,HSE,"Government, Health Care","Service Cloud, Platform, Experience Cloud","HSE chose to build a platform on Salesforce cloud technology with IBM Consulting using the IBM Garage™—a framework for transformation that combines people, processes and technology. The all-remote team was able to bring in top talent from around the world—from Ireland, the UK, Israel, Egypt and Australia to the US and India. Team members included solution architects, developers, designers, Salesforce technical experts and HSE employees who understood the agency’s needs. They followed the agile, user-centered IBM Garage Methodology—design, build, scale.

Adhering to human-centered design principles and maintaining empathy for users, the team focused on key people who would first use the vaccination platform: vaccinators, care-home patients and healthcare workers. For each persona, designers strove to answer the question, How can we make their lives easier throughout the vaccination process?

The collaborative team prioritized the features needed for the minimum viable product (MVP) that HSE would use to vaccinate the first cohort—healthcare workers and elderly care-home patients. Other features could wait until they were needed. For example, HSE would eventually offer a self-service portal where citizens could register for their vaccinations, but the platform didn’t need that functionality on Day 1.

The team designed COVAX (COVID Vaccination Information System), a secure and simple-to-navigate vaccine management platform. It captures all the necessary data to produce a vaccination certificate and ensures sensitive personal information remains in GDPR compliance.","Data Tracking at Scale
 

Tracked nearly 11M COVID vaccinations across Ireland

Rapid Deployment
 

Launched a functional platform in only 2 weeks",https://www.ibm.com/case-studies/health-service-executive
"Modernized design. Maximized care.
Water Corporation implements an eConcessions platform with IBM Consulting",Water Corporation,Utility,Service Cloud,"Realizing it needed to make a change, Water Corporation turned to IBM Consulting® and its deep technical capabilities for assistance. By working together, the organizations co-created and engineered a new eConcessions database and management platform powered by Salesforce Service Cloud, extending the use of Salesforce as the organization’s strategic customer support platform.

Delivered under an IBM Salesforce consulting services project, the new solution offers streamlined, automated process workflows that seamlessly transition concession applications throughout the initial stages of validation and authorization. The extensive integration capabilities of the born-in-the-cloud Salesforce platform not only make it easy to pair the solution with the client’s existing website, billing and customer communication systems, but also make it possible to transfer data more quickly and securely to external actors—namely, local government authorities for processing.

At the same time, the eConcessions platform provides centralized access to the full collection of historic requests while offering users remote access capabilities.","By working with IBM Consulting to introduce an automated, cloud-based infrastructure, Water Corporation accelerated its validation processes, yielding faster turnaround times for support requests. Concession verification benefitted greatly from automation, in most cases allowing verification to be automated, prior to the Water Corporation users taking manual action.

The integration capabilities offered by the Salesforce-driven solution not only allows data exchanges in near real-time but also avoids the need for manual transcription, meaning fewer human errors are introduced that could delay a given application.

The streamlined workflows also helped Water Corporation boost the efficiency of its concession and conveyancing services team—the staff responsible for overseeing these applications. These employees have expressed less frustration and increased job satisfaction now that all the data they need is available in a single console, rather than scattered across multiple internal and external systems.

Finally, the new Salesforce-based eConcessions platform offers a flexible architecture that can readily scale as more applications are submitted and more historical records are preserved.
",https://www.ibm.com/case-studies/water-corporation-ibm-consulting
"Delivering Record Salesforce Org
Consolidation and Process
Standardization",Cox Automotive,Media,"Sales Cloud, revenue Cloud, CPQ, Service Cloud, Platform, analytics Cloud","BUSINESS DRIVERS ​

Organization underwent massive growth through acquisition without an enterprise-wide way of going to market​

Marketing, quoting, selling and servicing customers in different and siloed ways has prevented them from scaling efficiently​

Previous attempts to consolidate 13 retails brands within one instance failed. The company partnered with IBM to successfully unite these brands in one transformation.​

Consolidated multiple CPQ solutions into standard CPQ tool, process, product rationalization, and simplification​

Inherited technology, disparate data, and disjointed processes created barriers that IBM was brought in to help break down","Consolidation: 13 unique brands brought into a single CRM​

Successful Launch: After three failed efforts by other firms, IBM became the first to get a consolidated instance of Salesforce into production​

Increased Efficiency in both sales and service thanks to business-critical changes​

Cost Reduction due to retiring and consolidating old software and systems",https://ibm.box.com/v/COX Story
Lead to Cash Transformation​,Dun & Bradstreet,"Technology, Services","Sales Cloud, Revenue Cloud ","Business problem​

The client approached IBM Consulting to strategize a complete reimagining of their quote-to-signature process with the goal of making their CRM more intelligent, including AI workflows for tracking and reacting to customer behavior and sentiment.​

​

Solution​

IBM Consulting assessed platform options and the client accepted the recommendation to optimize using a combination of the Salesforce platform, IBM watsonx and legacy, proprietary systems.",Early results include a significant reduction of cancellation cycle time and increased employee productivity. ,https://ibm.box.com/s/dyruktklfmtgvgjjsnjpo0ug06dqb88d
Solar Emergency Backstop implementation for an Energy and Utilities Sector Major in APAC,Ausnet,Utility,"Service Cloud, Marketing Cloud, Energy and Utility Cloud","Customer Profile​

The client is Victoria’s largest diversified energy network business connecting communities with reliable, affordable and sustainable energy. With over $13 billion in assets, the company operates three core regulated networks: electricity distribution, gas distribution and the state-wide electricity transmission network. ​

Challenge​

With the increase in distributed energy sources (DER), like solar power, being installed on homes and businesses, more people are generating their own electricity, and this created challenges for the grid, particularly during peak production times. When the amount of solar power sent to the grid exceeded its capacity, it led to problems like grid instability or even shutdowns, as the system struggled to manage the influx of power. ​

Missing controls in existing applications to help monitor both solar generation and grid capacity in real-time so as to balance the supply and demand from these distributed energy resources.    
 Solution Summary​

To avoid potential damage to the infrastructure, the client was looking to build a smart grid system, by remodeling existing forms and applications.​

IBM designed Salesforce Sales and Service cloud integration along with implementing Salesforce Industry cloud (vlocity), aiming to reuse existing integrations and uplifting the existing solution to meet the new requirements of minimum system load (MSL). ​

IBM also developed a new portal where the users could register themselves, see their applications and view their current solar implementation to determine how much of additional capacity is available to them, what their export limits are and how much more they can export. This portal also provided an informative view to the installers, of all their completed and pending installations ensuring better productivity and visibility to the work pipeline.​

Partner Value/Why IBM​

Digital Strategy & Industry Expertise​

Experience Design Competency​

Global Size and Scale","Improved customer experience with a detailed view of current solar implementation​

Increased support teams’ efficiency with decreased number of customer support calls.​

Increased installations / day​

Efficient handling of Solar related enquiries.​

Single view of Solar implementation for the Client, their Customers, Installers and Representatives.​",https://ibm.box.com/s/fwyby2ebdscjt2uex39ir2wpdyt0evos
Crafting Intelligent Logistics Workflows,Inbev,Food and Beverage,"Service Cloud, Mulesoft, Platform, Einstein","BUSINESS DRIVERS ​

Design an intelligent workflow to automate self-service through virtual assistants to help solve out-of-stock and order inquiries faster, more accurately and with less time spent on the phone​

Elevate experiences for commercial transformation at scale by simplifying business processes, seamlessly engaging wholesalers and innovating faster​

Achieve meaningful financial impacts from people harmonization, decreased spend up and increased margin contribution","25% annual ticket volume resolved by a virtual agent​

70% annual ticket volume progressed by a virtual agent​

5% increase in adoption of wholesaler portal​

15,000 annual service hours saved",https://ibm.box.com/s/o1e0o8rl71hs4geaipcp5vfl18evjl4g
Establishing a C4E Model and Migration to MuleSoft,Pearson,Media,Mulesoft,"BUSINESS DRIVERS ​

Migrate from IBM middleware and Apigee to MuleSoft​

Establish a Center for Enablement based delivery model to enable multiple lines of business to deliver integrations at scale​

Unlock key capabilities including:​

Enablement and evangelization​

Productization​

Service ownership​

Accelerators​

Automated governance and monitoring​

Architecture","15+ Apigee policies migrated to MuleSoft​

Cost savings from the new lightweight solution​

Governance & Security maintained at the same level with a more consistent, lower-cost API gateway​

Hybrid Environment in which to deliver the APIs, allowing them to build services on MuleSoft or AWS",https://ibm.box.com/s/u1r9l42f9rspiwp2fykdks2633oyynx8
Unlocking New Revenue Streams from Digital Products,General Motors,"Automotive, Industrial","Automotive cloud, Service Cloud, Experience Cloud, Mulesoft","BUSINESS DRIVERS ​

Company desire to grow digital product revenue to $80 billion by 2030​

Improve customer experiences and customer service with a futureproof solution that would boost CSAT scores and, as a result, revenue​

Migrate and consolidate data from disparate systems into Salesforce, which can read and use that data to enhance CX​

Expand on current foundational usage of AI to position the company to succeed in the future, without sacrificing the customer care standards that users expect​

Use MuleSoft to integrate customer data from more than one million customer records","Automotive Cloud successfully rolled out in 2023, becoming the largest OEM to launch it at such a large scale​

3000+ nonemergency advisors using the new solution​

Speed to Value: Products built specifically for the automotive industry resulted in very fast speed-to-value​

CSAT increased due to AI, self-service and lower call handling times​

Higher Revenue thanks to higher NPS, CSAT and efficiency",https://ibm.box.com/s/893bpthh87ww8iu2jocbptjgg9hg539d
Automating Marketing Tasks and Processes for an Automotive Manufacturer's Financial Services,VWFS,Financial Services,Marketing Cloud,"BUSINESS DRIVERS ​

Started a Salesforce campaign to automate more than 35 marketing campaigns and 40 CRM KPIs​

Design new KPIs and integrate with multiple Salesforce orgs to deliver leads and get feedback about them​

Set goals to improve the customer experience, increase customer loyalty and implement as much automation as possible​

Deliver the project on a short timeline using Agile methodology","5 months to deliver the project with excellence​

Automation of the requisite 35 marketing campaigns and 40 CRM KPIs, enabling the company to reach their goals​

KPIs both automated and created in new areas​

Improved UX resulting in more customer engagement and loyalty",https://ibm.box.com/s/af2zhexhq4tul81g2oeol85jhzukn68i
"Implementing Automotive Cloud to Improve Employee, Dealer and Customer Experiences",Toyota Canada,Automotive,"Automotive cloud, Service Cloud, Data Cloud, Experience Cloud, Mulesoft","BUSINESS DRIVERS  ​

Company lacked an effective 360° view of their customers​

Three separate legacy case management systems resulted in a disjointed application landscape to manage cases​

Lack of evolution of legacy systems over 20+ years, leading to the business eagerly looking for a chance to improve their processes​

Unify and improve the case management processes for employees and dealers​

Create a new dealer case management experience that provides access to dealer and customer cases and data​

Set the technical foundation for a customer data platform, aggregating data sources to provide insights and predict next best actions for customers","3000 dealer users registered from nearly 300 active dealerships​

94 million records transferred​

32 online learning modules launched for dealers ​

8.5 Million customers (8.1 client Customers, 400K+ Business Customers)​

30+ MuleSoft APIs ",https://ibm.box.com/s/xz22sukmjyikinbkwpgtrqlioth7tcys
Blending Customer Success with Offshore Resourcing to Enhance Security & User Experiences,Honda USA,Automotive,"Service Cloud, Experience Cloud","BUSINESS DRIVERS ​

Company launched multiple new car models, and each had a new portal for its individual customer types​

Subsets of brands led to lots of information needing to be personalized and surfaced for different customers​

Single sign on (SSO) and multi-factor authentication (MFA) needed to be added to cut across different portals​

Complex implementation of Experience Cloud to connect 5+ portals for different brands and models​

IBM established a successful model of Customer Success + offshore support to provide a flexible, cost-effective solution for the client that met their expectations for competitive rates","Cost Reduction thanks to seamless blending of IBM's Customer Success with offshore support​

Security Requirements adhere to company and Salesforce mandates ahead of required timeline​

Flexibility due to fractional resourcing and competitive pricing provided by IBM customer success​

User Experience improved with the interconnectedness of different brand portals",https://ibm.box.com/s/rxdq87zjl2f4fm8gx9ydnyz4cbibskss
Creating a Triad of Three Unique Experiences for Employees & Other Users,Amgen,"Life Sciences, technology",Experience Cloud  ,"BUSINESS DRIVERS ​

Global Value & Access: Consolidate content that leverages SSO to appropriately limit access depending on the type of user​

Employee Experience: Migrate from SharePoint to a full employee digital workspace that enables internal users to maximize results and productivity​

Digital Health & Innovation: Showcase product availability in a secure, compliant experience for customers​

Integrate Salesforce knowledge articles to streamline access and enable better self-service for users","Productivity: Enterprise collaboration tools, knowledge capture and resource access improved employee productivity​

Engagement: Guided onboarding and improved self-service and support boosted engagement among users​

Retention: Streamlined communication and feedback opportunities reduced employee turnover​

Transformational Change: Enabled by a broadened boundary system integration",https://ibm.box.com/s/wq6fc2uvm9p37ev8ywl3ssu11hk7lf8x
Undertaking a Collaborative Process Design to Improve the Charging Contact Center Experience ,Ford,Automotive ,"Sales Cloud, Service Cloud","BUSINESS DRIVERS ​

Conduct a series of virtual working sessions focused on the company's Charging case types identified as areas with process design opportunities​

Provide recommendations for future state process design and improvement areas to take forward, including Slack integration, process standardization, automated case creation and guided processes​

Ensure consistency and standardization of the case resolution path across all use cases​

Apply consistent case management design and call types across Sales and Service use cases​

Confirm processes and initiatives currently in flight that are driving positive impact","Improved accuracy of reporting and ease of use ​

Use Slack to enable speed and real-time resolution for customers​

Holistic Understanding of the end-to-end case journey through continuous data capture in Salesforce​

Higher productivity, agent proficiency and cost control in case resolution processes through standardization and targeted automation",https://ibm.box.com/s/ygyj39cimj6n7r77kzqc8v8yep1gm7br
Harmonizing Brands to Become a World-Class Contact Center,Ahold Delhaize,Retail,Service cloud,"BUSINESS DRIVERS ​

Divergent processes and disparate systems in more than six brands across multiple US call centers​

Agents experienced a lack of integration across buying channels (brick and mortar vs. BOPIS), wasted significant time going back and forth across dozens of systems and dealt with minimal channel diversity​

Desire for more human-centered engagement with a focus on customer and user experience, including personalization and the ability to serve users in their channel of choice","8% increase in agent efficiency​

10% reduction in call handle times​

15% increase in first call resolution​

Omnichannel service allows agents to serve customers anywhere, anytime​

Personalization resulting in improved experiences and a 360-degree view of users",https://ibm.box.com/s/gv3govtly8g9squ6j2kl62q3m5qovxtg
Fostering User Ideation with an Innovative Help Portal,Hulu,"Media, technology, consumer Goods",Experience Cloud,"BUSINESS DRIVERS ​

The company had an outdated ideation community built on User Voice that lacked scalability and led to an ineffective customer help experience​

A fragmented user experience was frustrating users, keeping them out of the decision making process and creating internal inefficiencies​

Undertake a migration to Salesforce to better connect the new community to their other existing Salesforce properties​

Provide customers with innovative new features, including feedback mechanisms, self-service, personalized experiences and system integrations.","Cost Savings: More congruent eperience for users and. Viewers lowered costs for the company​

Increased Engagement: Due largely to ideation and feedback mechanisms​

Brand Loyalty: Self-service, personalization and enhanced collaboration foster brand loyalty​

Unified Experience: System integrations and a single support platform",https://ibm.box.com/s/603llw7594x9cfdwt31h0izdwq5hdj3j
Building a Digital Engagement Solution to Improve Customer and Employee Experiences for Stellantis​,Stellantis,Automotive ,"Platform, Marketing Cloud","BUSINESS DRIVERS ​

With more than 775 million private vehicles becoming connected by 2023, Stellantis needed a solution that would help them take advantage of this growing market worth an estimated 9 billion euros ​

Enhance customer service for end users to include subscription enrollment, service support and payments​

Provide employees with new features such as service and catalog management, order processing, and accounting​

Use IBM Garage methodology to redesign connected services​

Expand the solution to other products and services, such as after-sales services and accessories, and implement marketing automation​

Integrate ex-FCA brands and countries in the solution","4,000,000+ additional B2C customers​

€6,000,000+ increase in revenue​

Increased Loyalty among clients, generating several million euros in after-sales tele-maintenance​

Critical Solution for electrical car value proposition; no electrical car in Europe can be sold without REMOTE LEV service",https://ibm.box.com/s/4gqcfbh5cx1d1ikw610fhcn9xaqtgooi
Integrating Digital and Physical Experiences Through Technology Enabled Intelligent Workflows,Discount Tire,"Retail, automotive","Service Cloud, Experience Cloud, Mulesoft","BUSINESS DRIVERS ​

Provide the most inviting, easy and safe tire and wheel purchase and service experience in the world​

Use technology to offer a touchless end-to-end customer experience and comprehensive services at the time of the customers' choosing​

Design, develop and deploy a complex MuleSoft API platform with more than 100 APIs. ​

Provide customer-facing web changes to activate a completely new customer journey​

Seamlessly orchestrate each step from web booking and appointments, store visits, appointment validation and completing service","Increase in order volume​

Increase in customer satisfaction​

Increase in ease of use for customers and employees​

Overall Improvement in the user experience",https://ibm.box.com/s/ysw7o6rk6v8dst2lb3xcehieqwlhrjff
"Improving Time to Market and Cost of Delivery with an Agile, Reusable Framework",Phillip Morris,"Reatil, CPG",Mulesoft,"BUSINESS DRIVERS ​

Leverage platform business needs through MuleSoft-based integrations and application reusability​

Empower strategic decision making on transforming the business to a B2C model by creating reusable Experience, Process and Systems APIs​

Remove redundant and time-consuming activities to standardize the API lifecycle​

Provide flawless integration of SAP with a product life cycle management software to generate an accurate bill of material which will bring the company closer to having a B2C business model​

Analyze legacy interface to identify API opportunities and provide proactive enablement of APIs","150+ APIs delivered in three quarters​

15/month average velocity of API delivery​

100% compliant to integration center for enablement standards and patterns​

5 business domains (Consumer, Products, Operations, Corporate, IT) served and enabled by the APIs",https://ibm.box.com/s/nx62lhh3mvu4d6kzimuzl87s04jvwud1
Reimagining the Passenger Reservation System with MuleSoft,Air Canada,"Airlines, travel and transporation",Mulesoft,"BUSINESS DRIVERS ​

Modernize the airline's legacy Main Fram Passenger Reservation and Departure system ​

Enable 24/7 global functions for shopping, bookings, pricing, seats and departure control for the airline's passengers, totaling tens of millions of flyers per year​

Use MuleSoft to serve integrations to front end systems supporting kiosks, mobile, contact centers and personal devices​

Build and support more than 165 APIs as well as develop complex logic, rules and business algorithms, all implemented within the MuleSoft integration layer","Increase in overall net customer satisfaction levels​

Increase in total number of customer bookings​

Decrease in time it takes to get to market​

Increase in the number of on-time departures",https://ibm.box.com/s/l2yu1dy18bzfw2iin9a3lxlx7dg6bcgj
Undergoing a Digital Transformation and API Strategy for a Banking & Financial Markets Client,Truist,Financial Services,Mulesoft,"BUSINESS DRIVERS ​

Develop foundational capabilities and provide thought leadership in areas of Hybrid Cloud Solution, API Management and architecture for a journey to Open Banking​

Consolidate from multiple technologies to MuleSoft, helping to set enterprise standards and best practices​

Create APIs for omnichannel enablement and partner collaboration​

Differentiate with an API Monetization Strategy, cost savings from a global delivery and Accelerators, and the largest API Factory with full stack integration","20% increase in speed to market due to building 20+ reusable assets and accelerators​

20% productivity gain from templates and best practices​

30% increase in stability by reducing defects ​

150+ APIs",https://ibm.box.com/s/02jm62g0xef6kicc6j9hsx1u0yla991j
Transforming and Consolidating the Customer Experience​,Mariott vacations Worldwide,Hospitality,"Sales Cloud, Experience Cloud, Service Cloud, Platform","BUSINESS DRIVERS ​

Consolidate multiple brands, all with their own public-facing websites and backend systems​

Update a confusing, non-intuitive experience that was leading to lagging user adoption​

Consolidate and modernize digital experiences for customers, enriching and elevating their quality of engagement​

Deepen relationships with customers by forming more robust, personalized connections with users​

Lack of understanding of currently owned products, let alone new ones, among customer base​

Frustration and lack of trust with existing antiquated systems, resulting in more calls to customer service","Engagement: Higher program adoption and activation and accelerate time to first vacation for new customers​

Reputation: Increased awareness and recognition of the brand, including telling the company's new story​

CSAT: Increase in customer satisfaction thanks to more customer-centric changes to the brand experience​

Revenue: Simplified, streamlined experience results in deeper brand loyalty and more lifelong customers",https://ibm.box.com/s/1jnky3839lmzfgibk9t0j1dyqkqmlzh8
Using Data Cloud and Marketing Cloud to Activate Personalized Experiences that Drive Value,TIAA Cref,Financial Services,"Data Cloud, Marketing Cloud","BUSINESS DRIVERS ​

Organization identified the importance and need for a full experience-led, Salesforce-first transformation​

Significant challenges with data collection and usage in their customer experience, demonstrating a need to make their data more actionable​

Alleviate complexities with their existing technologies by adopting the Salesforce platform​

Enable the company to optimize operations, including identifying remediation actions to scale their CDP for enterprise use​

Assess and document all available marketing data elements to determine business benefits","750 client data attributes unified from over 22 unique data sources​

Personalization enabled at a 1:1 ability to help the company better serve and service their clients​

Enhancements to provide more accurate, real-time interactions for customers​

25% anticipated reduction in delivery timelines due to simplified data ingestion",https://ibm.box.com/s/lmkx36wu4ufu8p6v219h38xs3to0jg79
Rapidly Innovating a Railway's Logistics Portal Powered by Salesforce,BNSF,"Transportation, Logistics",Experience Cloud,"BUSINESS DRIVERS ​

Create a desktop and mobile portal to help customers manage activities related to originating and managing shipments throughout the transit lifecycle​

Modernize a portal to enhance usability, efficiency and company branding​

User experience problems in the portal were rated as the #1 issue by customers due to overwhelming complexity, inconsistency and a steep learning curve​

Enable customers to self-serve as much as possible to reduce demand for customer support. This includes self-service in use cases like order management, shipment tracking, customer support, knowledge sharing and personalization.","350,000 portal user sessions per month​

1000+ units in transit at any point in time for some customers, which the portal helps manage​

1000+ new users are joining the portal every month​

Cost Savings: due to rapid innovation (enabled by IBM Accelerators) of a new solution, rather than a costly remediation of legacy tech and technical debt",https://ibm.box.com/s/o2k3nfg3q7nnl7p2y7a8d5c6x6d5lysf
Creating a Complete Office Solution on Salesforce,T-Mobile,"Telecom, technology","Sales Cloud, Service Cloud, Marketing Cloud, Field Service","BUSINESS DRIVERS ​

Salesforce is seen as essential to the organization's ability to create a competitive advantage​

Deploy and optimize Salesforce solutions, including Sales Cloud, Service Cloud, Marketing Cloud and Pardot, across their enterprise​

Undertake numerous initiatives aimed at empowering employees, particularly with Sales Cloud and Field Service​

Create a complete office solution, including credit processing workflows, end-to-end CPQ functionality and contract lifecycle management​

Use Einstein to help guide sales reps to high-probability accounts and opportunities while flagging at-risk accounts","Cross-organization Capabilities: creation of extraordinary customer moments and journeys​

85% faster renewals process, thanks to streamlining across more than 5000 retail stores​

Streamlined Processes: improved sales and services processes across more than 5000 retail stores​

93% fewer clicks in the sales process, saving more than 7 hours per week for sales reps",https://ibm.box.com/s/utx9b162fc337bt0tbdllxo6zi562sjs
Improving the User Experience to Make Things More Accessible for Victims of Natural Disaster,American Red Cross,Non-Profit,"Service Cloud, Experience Cloud, Mulesoft, Commerce Cloud","BUSINESS DRIVERS ​

Lack of internal staff and/or skillsets to implement some of the experiences and solutions they want​

Implement lots of automation to help them operate more efficiently without having to add additional overhead and cost​

Problems surrounding revenue recognition. Senior management couldn't access real-time snapshots of how the business is doing​

Improve the overall user experience for customers is especially important given that many of their users are recent victims of natural disasters","Automation: Boosted efficiency by implementing lots of automation throughout the experience, resulting in cost savings from not needing to add overhead​

Visibility: Dashboards and other tools allow senior management to see real-time snapshots​

Make Things Easier for Users: Victims of disaster are no longer limited to tedious, manual processes to access relief and resources. Easy communication through mobile portals eases post-disaster constraints on people.",https://ibm.box.com/s/9vay66tvupzik7fwx4lajgfgt277rugg
Creating a Customer Ecommerce Solution for a Medical Manufacturer​,Boston Scientific,"Healthcare, Manufacturing","Platform, Commerce Cloud","BUSINESS DRIVERS ​

Design a fixed/flexible solution that works for the organization across its global markets​

Transform the commerce experience for healthcare professionals​

Remove complexity in the organization's commerce flows​

Leverage the Salesforce platform, IBM Accelerators and custom components to build a unique experience that differentiates the company's brand from its competition","Cleaner, simplified solution maintenance​

Enabled more remote sales processes​

Intuitive, modern and personalized user experience​

Includes architecture modifications that support scalability and extensibility",https://ibm.box.com/s/jrjvrl15krnhnar70n1qaub5u0qzmweh
Building a B2B Commerce Solution and a Partner Community for a Medical Device Manufacturer,Hydrafacial,"Healthcare, Manufacturing, CPG","Commerce Cloud, Experience Cloud","BUSINESS DRIVERS ​

The company's existing ecommerce platform failed to support the growth and growth-oriented goals of their online business​

Disjointed ability for customers and partners to make online purchases, presenting a strong need for a better user experience for all personas​

Desire to easily run various marketing promotions throughout the year","Enhanced Scalability: Platform grows with business and has the ability to run multiple promos​

Improved UX / UI: Due to intelligent experiences and streamlined user processes​

Branded Commerce Experience: Focus on branded buyer journey that matches customer expectations​

Unified Experience: B2B Commerce implementation w/ integration into company's ERP",https://ibm.box.com/s/mxtxczoldh34cceuhuwgcqvx30jfjw68
Enabling Partners with a Commerce Experience,nVent,Manufacturing,"Commerce Cloud, Experience Cloud","BUSINESS DRIVERS ​

Need for a high-performing channel experience for their enclosures segment​

Lack of a unified, real-time, data-powered solution where partners could request dynamic quotes​

Partners desired integrated, dynamic price data that they previously did not have access to​

Unlock the ability for multiple partner types, including authenticated and unauthenticated, to use the solution​

Set the foundation to scale across multiple business segments in the future","Enhanced Performance: Innovative design and transaction process​

Rapid Enterprise Iteration: Scalable foundation and a more unified UX​

Increased Efficiency: Optimized, data-enabled behaviors and pricing​

360 Customer View: Real-time reporting and analytics",https://ibm.box.com/s/9pj8f7h9gg7rcl79pf2usmtnda12r7ff
Expanding Cloud Infrastructure in the US with AI-enabled Sales Process Automation,GLP,Real Estate,Sales Cloud,"BUSINESS DRIVERS ​

Company was challenged to quickly expand their cloud infrastructure services with a standardized tech stack​

Establish a standard sales process powered by Salesforce and IBM intelligent workflows​

Enable sales teams to quickly enter the market with agility powered by automation, AI and enhanced configuration capabilities","IBM assets and accelerators enabled the solution to go live just 6 weeks after kickoff​

8 critical sales capabilities enabled​

52 total user stories developed​

Unlocked ongoing iteration thanks to analytics embedded throughout the sales journey, providing key behavioral KPIs",https://ibm.box.com/s/24tz1g30xhuesv4b44l80q2kr6ytvalr
Transforming the Customer and Agent Experience by Reinventing the Contact Center,IOH,"Telecom, Technology","Service Cloud, Experience Cloud","BUSINESS DRIVERS ​

Desire to provide the best possible customer experience, but traditional systems were hampering agent productivity resulting in poor CX. ​

Modernize the company's solutions by improving case management, knowledge management, service console layout, live agent features and reporting. ​

Use Salesforce to merge existing customer service tools to an integrated digital contact center. ​

Undergo a contact center transformation that would result in more scalability, agent productivity, workload visibility and user-friendly experiences. ","50% reduction in average handling time​

90% reduction in average time taken to respond to calls​

10% increase in positive CSAT scores​

Cross-Entity Collaboration: following a merger in 2022, business units successfully underwent a transformation to support the merge process and migrate the contact center, enabling better collaboration.",https://ibm.box.com/s/oxen4mkk47ivp7luv0x5wq0vghiuja1n
Managing a Post-Acquisition Migration on a Tight Timeline,ExxonMobil,"Oil and Gas, Utilities","Sales Cloud, Service Cloud, Marketing Cloud","BUSINESS DRIVERS ​

Following the acquisition of a separate business unit, there was a high priority on ensuring a quick migration of orgs to Salesforce​

Work against an aggressive timeline and have solution functioning seamlessly on day one​

Ensure that organization had the tools to take control of the acquisition and spin up new business right after launch​

Set up technical infrastructure while adhering to legal requirements​

Deliver a functional Salesforce end-to-end Cloud solution that would support the business and drive value quickly","Speed to Market: Launched solution in three months, hitting their legal timeline​

Successful Migration: 3000+ users impacted, with their entire Salesforce org rolled off​

Seamless Launch: New business unit able to spin up new business the day the solution went live",https://ibm.box.com/s/8vgy17u5wzeml6w17bte4joiu4731fhw
Modernizing Vital Enterprise Apps During a Large Scale Cloud Transformation,Delta Airlines,"Transportation, Airlines",Service Cloud,"BUSINESS DRIVERS ​

Legacy applications were designed ""technology first,"" and therefore were not human-centered​

Outdated and inconsistent UX patterns and visual design across apps, necessitating modernization and an IT transformation that includes moving 700+ apps to Cloud​

Pilots being served by 7+ teams through email and tedious manual processes. They could use multiple channels to engage support, leaving support teams to consolidate requests on running email chains​

Simplified the UX for pilots and attendants, making communication more efficient while remedying aging tools, tool overload and outdated processes","Increased Efficiency: modernized, improved experiences reduce steps needed to complete tasks​

Scalability: solution serves as a foundation for future applications​

Over 12,000 users gained access to the tool after just 15 weeks of dev work. The new solution met adoption metrics of the previous tool within one month post-launch",https://ibm.box.com/s/b60efjeije94cgsnlqy359cg0l84dizj
"Uniting Brands in One Experience for Customers, Partners and Employees",HNI,Manufacturing,"Sales Cloud, Experience Cloud, Marketing Cloud","BUSINESS DRIVERS ​

Poor, disjointed experiences for company's customers, partners and employees, necessitating a full transformation of their Digital Experience Platform​

Disparate systems and processes across the organization's multiple brands​

Lack of self-service, personalization and support, which increased costs and decreased dealer spend","Cost savings and efficiency from more self-service and collaboration tools​

Increased activity among all users due to personalized, intelligent experiences and role-based access​

Fewer support requests thanks to better access to knowledge bases, self-service and support resources​

Unified experience: Four brands are presented dynamically in a single user experience",https://ibm.box.com/s/ypuz65jelebmuq4lxhmvhh0f2xv9bdbv
Unifying Student Experiences with a Community,Adtelam,Higher Education,"Sales Cloud, Experience Cloud, Service Cloud","BUSINESS DRIVERS ​

Organization has to maintain multiple portals for individual schools and is looking to streamline management​

Modernize and enhance the overall look and feel, UX, personalization and layout to improve student journeys​

Develop a company-specific template that can be seamlessly applied across multiple student experiences​

Drive business outcomes such as more consistent levels of engagement and applicant conversion rates","$22 million projected lifetime revenue growth​

2500+ projected applicants​

1100+ registrants*​

84% increase in applicant to student conversion rate*​

Connected Campus unlocked with a unique blend of three Lightning Bolts",https://ibm.box.com/s/kghvufgj8dht0gizht9uzdefpu14aizp
Enabling Training and Support with a Partner Experience,New York Life,Insurance,Experience Cloud,"BUSINESS DRIVERS ​

Corporate solutions weren't being adopted, leading some field offices to develop rogue solutions​

New managers lacked consistent tactics and tools to drive agent performance; they needed to create a digital tool to help them coach and develop​

Executives identified agent development as the top business priority, resulting in a need for a new experience that would enable these features​

Bring together relevant sales, learning and development data together with robust functionality into a cohesive, integrated experience available on the go","Streamlined Training: Weekly coaching sessions, training plans and scheduled learning​

Higher Conversions: Workflow optimization, simplified application process​

Increase in Agent Satisfaction: Easier book of business management, better learning tools​

Effective Management: Guided framework for coaching, access to single glance of agents' performance",https://ibm.box.com/s/oo2get1l5u5ryc60ze00i8f820xzgpvk
Driving New Opportunities Through a More United Platform,Abbott,Healthcare and Life Sciences,"Sales Cloud, Experience Cloud","BUSINESS DRIVERS ​

Company struggled to target key doctors' offices and hospitals and influence sales in their ""Adult Nutrition"" category of products​

Limited and disjointed data prevented the organization from identifying high-value healthcare providers and accurate ROI measurement​

Integrate additional data sources into Salesforce CRM that would not require ongoing IT support","Efficiency: Marketing teams now create campaigns across channels quickly, easily and accurately​

Data Consolidation: Multiple data points now unified across sources within the CRM​

Decision-Making: Decisions have become more meaningful thanks to reporting and analytics dashboards that highlight relevant KPIs to drive business outcomes",https://ibm.box.com/s/h144si5144a0ds3wc8gifkfhitmucvt7
Enabling Campaign Management and Reporting with a Partner Experience,Sephora,Retail,"Experience Cloud, Platform","BUSINESS DRIVERS ​

Desire to deliver a differentiated best-in-class partner experience for brand partners​

Centralize access to information including Adobe DAM assets, Tableau reports and marketing exposures​

Create a brand portal for partners to view and manage active campaigns, track campaign spend and performance, and take action on assigned tasks​

Build a one-stop-shop for all tools and services, making it easier to do business with the organization","Differentiation: Best-in-class partner experience proves the value of their partnership​

Time Savings: ""Year in Review"" info available on-demand; previously took months to manually curate​

Self-Service: Real-time integration to sales and performance metrics",https://ibm.box.com/s/t36x72cx4di0m84vauk5uhawm4o7wae2
Implementing an Innovative Partner Network,Snowflake,"Technology, Services",Experience Cloud,"BUSINESS DRIVERS ​

Need to create a solution that overcame the complexity, costliness and inflexibility that other data platform competitors often battled​

Anticipated that a significant percentage of revenue would flow through the partner network, but they needed a world-class experience to successfully enable partners​

Diverse, global partners required an experience where they could self-register, support deal registration enablement, support case management and mange partner tier-level targets​

Partners desired an experience that would provide the means to find success within targeted tier levels and drive revenue upsides for the organization","Fuel Business: Experience allows the company to expand their partner ecosystem's capabilities​

Tangible Results: A significant part of their global revenue will flow through the network across verticals, geographies and partner types.​

Channel Engagement: Increasing as new partners register in the community, leading to highest levels of influence and deal registration",https://ibm.box.com/s/th449v6t3z77iddvi398hvabslhc6p72
Delivering Enterprise-Quality Collaboration Solutions at Scale,Chevron,"Oil and Gas, Utilities","Sales Cloud, Experience Cloud, Service Cloud","BUSINESS DRIVERS ​

Enable knowledge, announcements, sales and order information, and more to be easily accessible to retailers​

Streamline methods for organization to share vital information with retailers​

Provide support around services, marketing and promotional materials being offered by the business​

Stay competitive within the industry by enhancing ease of access to resources that will help retailers remain at the forefront","Adoption: Users no longer fumbling to find materials results in higher adoption of the portal​

Resource Access: Drastically improved, helping keep employees and retailers informed​

Cost & Time Savings: Self-service results in more efficiency and less lost time",https://ibm.box.com/s/ww8984npd27g0kkd9bo3xen9lkgr45oj
Service Cloud Enhancement and Portal Integration,Biorad,"Life Sciences, Manufacturing","Sales Cloud, Service Cloud","BUSINESS DRIVERS ​

Organization currently lacks visibility into their channel partner opportunities​

Opportunities are not managed in Salesforce directly and required manual entry from a spreadsheet every month​

Poor partner experience resulting in high turnover among channel partners​

System issues and inefficiencies, such as deals under $40k not going into the system and hundreds of hours of data entry time wasted on a monthly basis","Visibility: Enhanced views into channel partner opportunities to see what the funnel looks like ​

Channel Retention: Less partner turnover thanks to a drastically enhanced partner experience​

Extend Capabilities: Long term, partners will be able to use the platform as a learning and recruiting tool ",https://ibm.box.com/s/f8p6clvurpsp7milp5i1ub4x0u4xd96n
Enabling Members to More Easily Select Healthcare Plans,Blue Cross Blue Shield of Mass.,"Insurance, Healthcare","Sales Cloud, Service Cloud","BUSINESS DRIVERS ​

With changing consumer expectations, there was a demonstrated need to better understand customers' benefit plan shopping journey​

Improve the CX for members when they go through the process of selecting a Medicare plan​

Enable members and prospects to select best products based on lifestyle, healthcare needs, plan utilization and budget​

Stay relevant and competitive from a digital perspective","Integration: Enhanced through seamless sharing of prospect data and access to online enrollment​

Personalization: More accurate recommendations based on individual users' data and records​

Conversions: Improved conversion rates with an experience that showcased organizational value​

Omnichannel: Helps meet market demands for more advanced customer journeys",https://ibm.box.com/s/c2bd5ihqyaoh5kkoy5dastp2vtuuejfd
Bridging the Connection Between Doctors and Patients Online,Janssen,Life sciences,"Experience Cloud, Service Cloud, Health Cloud","BUSINESS DRIVERS ​

Following the onset of the pandemic, the organization needed to adapt their patient support platform to engage patients and doctors virtually​

Requirement for call center operations to quickly transition to a digital-based portal with support offered in three languages​

Transform the internal portal via Health and Experience Cloud, enabling professionals to access systems, track leads and manage cases​

Seamlessly integrate third party sites, external apps and multiple backend systems to provide an exceptional patient experience","50% increase in patient enrollment following launch of patient experience​

3x faster transactions​

68 existing processes able to be eliminated thanks to streamlining from the solution​

50% decrease in call abandonment post-implementation​

24% increase in KPI service levels",https://ibm.box.com/s/b11kjlykpthga0d7f78yc4gff43f7t5l
"Migrating a Custom, Homegrown Intranet to Experience Cloud",Jeffries,"Financial Services, Investment Banking","Experience Cloud, Platform","BUSINESS DRIVERS ​

Fixed Income Division faced concerns like technical debt, an inability to keep pace with innovation, and long-term support​

Equities division needed solutions that could be built once and then expanded upon​

Streamline administrative capabilities like self-service and maintenance with a user-friendly tool​

Improve processes throughout the organization, including those for HR and employee support","Scalability: Enhanced by modernizing the intranet to lay the foundation for future releases ​

Enhancements: Added new capabilities like self-service, reduced ongoing costs and more user-friendly tools​

Time-to-Market: Decreased implementation timeline by using IBM's Employee Digital Workspace Lightning Bolt",https://ibm.box.com/s/tk3z0v660z14jno7lcwr04qwqo5krvrd
Managing Relationships with a Diverse Portfolio of Companies,Apollo,Financial Services,"Experience Cloud, Platform, Sales Cloud","BUSINESS DRIVERS ​

Desire to scale to get to $1T in assets under management by 2026​

Overhaul everything on the IT side with a focus on Salesforce and common platforms​

Create a flexible solution where the business can update content and onboard users without needing to run through IT","$1T goal for assets for the company, which the new solution has them on track for​

Maximize Efficiency: Retired manual, redundant spreadsheets​

Streamline Processes: Updated complicated, outdated systems to get people working on the same page​

Better Relationships: Ability to better manage interactions with the company's entire portfolio",https://ibm.box.com/s/20v2ogdatbzhsoiaetm57um6iq3vdgd5
Demonstrating Value with One Brand to Earn Business Throughout the Organization,LVMH,Retail,"Sales Cloud, Experience Cloud, Service Cloud, Platform","BUSINESS DRIVERS ​

Demonstrate value of a digital experience for one business unit, leading to new projects for other brands within the company​

Migrate to Salesforce to enable a 360-degree customer view and deliver a best-in-class experience for users​

Re-platform back-end systems for brands to seamlessly update their front-end design​

Achieve dev ops excellence by undergoing a Copado implementation","Earned Business: Successful launch for one brand led to closed deals with three other business units​

Time & Cost Savings: Portal to access data means less time manually responding to emails. Real-time integration reduces cost of compiling from multiple sources​

Higher CSAT: As a result of a more modern platform and improved processes",https://ibm.box.com/s/smxpehyhw7b0uiegxrlulfp6oe24eana
Creating an Employee Experience that Consolidates Resources to Improve Patient Outcomes,Hanger,"Healthcare, Manufacturing",Experience Cloud,"BUSINESS DRIVERS ​

Build a branded employee experience that consolidates several touchpoints, improves navigations and surfaces critical knowledge​

Migrate an existing employee community from SharePoint to Salesforce to better utilize Salesforce's collaborative features​

Easily publish news, announcements and other knowledge articles​

Create a community that effectively reflects the company's brand, values and employee expectations","Employee Experience: Improved patient outcomes and business results with a more intuitive experience​

Branding: New community better reflects the organization's brand and values​

Engagement: Collaborative employee experience is more engaging than the legacy SharePoint solution",https://ibm.box.com/s/j79xcyehoiid5n02s5q7tn1gv18po7oc
Transforming the Customer Experience with a Modernized Solution,Compeer,Financial Services,"Sales Cloud, Experience Cloud","BUSINESS DRIVERS ​

Unfriendly, outdated interfaces built on VisualForce frustrated the company's customers​

Multiple properties acquired through mergers diluted the company's brand​

Manual processes for support caused inefficiencies and duplicative effort​

CLIENT TESTIMONIAL​

""Our resources and the team meshed well from the very beginning. We worked hard, had some fun, and produced great results. All team members were highly skilled, very personable, and always respectful. We couldn't have asked for a better partnership.""","Consolidation: Single system of engagement thanks to a Lightning migration and integration​

Satisfaction: Better navigation, alerts and search functionality increased customer satisfaction​

Branding: UI and UX of the new solution enable consistent brand representation​

Self-Service: Streamlined self-service with account management, document transfers and knowledge base",https://ibm.box.com/s/li0snw4y3xoupncldcgdeny1an62c9cm
Enhancing Sales Execution and Opportunity Management with a Partner Experience,METUS,Manufacturing,"Sales Cloud, Experience Cloud","BUSINESS DRIVERS ​

Partners were battling poor forecasting and transparency in their sales pipelines​

Heavy workload for training, certifications and accreditation created inefficiencies for both the company and its partners​

Disjointed processes for quote approval and price verification resulted in frustrated partners​

Need for a consolidated contractor and distributor experience to drive engagement, lead distribution and project tracking","12 hour/week decrease in time to verify quote pricing​

80% decrease in time to manage certification and accreditation​

30% increase in number of opportunities entered and approved​

Consolidation to a single system of engagement, providing a unified experience to distributors",https://ibm.box.com/s/7ae0htxaqhx74neya91tgxg61kxiag24
Migrating to Salesforce to Enhance the Developer Experience,Intercontinental Exchange (ICE),Financial Services,Experience Cloud,"BUSINESS DRIVERS ​

Company had demonstrated a need to migrate off of their legacy Jive community on an aggressive timeline​

Improve the customer experience, elevate brand identity and streamline internal support processes​

Enable a self-service environment to share content to external users, especially developers and traders​

Build a unified experience that has the ability to unite multiple brands within the organization","Enhanced Efficiency: Reduced manual processes for both customers and employees​

Fewer Service Requests: Automated onboarding and enhanced self-service capabilities​

Simplified Search: Coveo implementation streamlined users' access to content and information",https://ibm.box.com/s/xc77u2plm2uqplutmf4aa1p77aji6n8q
Completely Transforming the User Experience with Salesforce Following a Company Spin Off,Bright House Financial ,Financial Services,Experience Cloud,"BUSINESS DRIVERS ​

Separation from a larger organization provided opportunities for the company to enhance their user experience​

Provide a modern, efficient, online servicing solution built on Salesforce Experience Cloud​

Consolidate and sunset various legacy platforms, systems and processes​

Simplify and streamline interactions and drive value through self-service and increased engagement","Increase Operational Efficiency: Move toward cloud-based solutions; successfully consolidated tech platforms​

Improve Providers' Experience: Timely delivery of data, reducing barriers to use, simplifying user flows, establishing trust through data security​

Deliver Value: Reduce high touch/low value interactions, increase client engagement, deflect calls through self-service",https://ibm.box.com/s/jqmfbf3ofknvmn7kh85qiriwkwgrydbx
Enabling Dealer Productivity with a Partner Experience,Twillio,Technology,Experience Cloud,"BUSINESS DRIVERS ​

Increase operational efficiency with an improved partner experience​

Unlock self-service functionality for all audiences that will drive productivity and engagement for dealers​

Increase automation, modernize UX and reduce high-touch/low-value interactions​

Empower user engagement by designing a stickier partner network with structured content and resources that are most relevant to partners","Improved Productivity: Streamlined onboarding and overall ease-of-use​

Increased Engagement: Higher number of active partners resulting in a larger funnel​

Diverse Interactions: Event sign ups, asset usage and deal registration all increased​

Enhanced UX: Better operational efficiency, self-service and automation",https://ibm.box.com/s/yjzxpkab7t9lp9sg97hvrpzv0fy5dmbl
Generating User Engagement with a Guided DIY Journey,Lumen,"Telecom, Technology",Service Cloud,"BUSINESS DRIVERS ​

Develop three major applications to enhance usability for B2B and B2C customers while maximizing performance and being scalable​

Digital Dialogue Bulk Wizard for Bulk Orders: upgrade from single orders to bulk orders with a DIY journey for end users​

Dynamic Dashboard Messaging System: send custom messages and emergency notifications to any business unit, region, territory and area code​

Self-Scheduling Dashboard: let customers schedule their own service appointments for orders and products","50% reduction in time for customers to manage data​

50% increase in ordering capability with Bulk Wizard​

DIY capabilities with integrated systems and guided journeys to enhance the user experience​

Self-service ensures that both B2B and B2C users are able to find resources, resulting in decrease of case submission",https://ibm.box.com/s/z5jy6hi1aeoz7wrqazad7a85gn6jtepe
Optimizing Processes to Improve Productivity and Enhance Performance,The Standard,Financial Services,"Sales Cloud, Experience Cloud","BUSINESS DRIVERS ​

Improper handling of accounts and opportunities, preventing comprehensive visibility into deal data​

Organization was only capturing enough data to move sales processes forward, resulting in omission of many value-add data points​

Creation of a partner portal to allow advisors and administrators to collaborate with the organization​

Optimized processes by creating more relevant stages and requiring additional data points before certain milestones​

Lack of scalability, inconsistent approval processes, non-standardized templates and no one-stop shop for partners to interact with the company","Significant enhancements to forecasting and reporting thanks to solution capturing more detailed data​

Quicker deal closure thanks to streamlined opportunity creation and pipeline maintenance​

Annual savings coming from optimized sales quote and proposal processes​

Improved productivity due to automated calculations and document creation",https://ibm.box.com/s/ver50ygpoubphdskx0k4tnofq43yy2bp
Optimizing Processes and Increasing Visibility with Salesforce,[CLIENT] Company,CPG,"Experience Cloud, Platform","BUSINESS DRIVERS ​

Need for a solution that would enable marketing, legal and support departments to access data about global marketing budget and expenditures​

Regional procurement tools lacked integration to a centralized system, and global offices were previously siloed​

Leverage Experience Cloud to provide a secure area for internal and external users to collaborate on RFIs, RFPs and SOWs","37 days reduction in average SOW creation​

133 hours saved per marketer per year​

50% reduction in manual touchpoints between marketers and agency contacts​

4000% increased visibility into global marketing expenditures",https://ibm.box.com/s/cjn3airjoobiedt71sjpr8kubqvseddi
"Harmonizing People, Products and Technology",Rich Products,CPG,Consumer Goods Cloud,"BUSINESS DRIVERS​

Divergent go-to-market processes across customer facing teams spanning three global regions, 22 countries and thousands of associates​

Desire to create a single, standard and global sales process and customer engagement platform that would unify information silos, bridge data gaps and standardize a go-to-market model​

Harmonize sales processes, performance metrics and digital capabilities","20% increase in lead volume and conversion​

5% increase in account penetration and upsell​

6% increase in revenue retention​

20% increase in sales productivity​

Accelerated deployment from a global template architecture, integration framework and standardized processes",https://ibm.box.com/s/7vwm9zydpblq1unr6h8pynnurj2hj6bb
Increasing Collaboration and Consistency Across Operating Companies, Sysco Corporation,CPG,Experience Cloud,"BUSINESS DRIVERS ​

Needed higher levels of adoption and understanding to ensure more than 8500 users accurately utilized the functionality and customizability of Salesforce​

United the vision and metrics for all operating companies to allow executives to easily measure the performance of individual operating companies​

Conduct various waves of training, develop role-specific learning content within the organization and create tip sheets to roll out key metrics to sales VPs","Enhanced visibility into processes and metrics​

Increased collaboration among users​

Improved executive alignment​

Higher levels of adoption among users in the company's Salesforce org",https://ibm.box.com/s/3jm310gj1fjbq35gqtt0cx8hjhf0hwkh
Experience Design of Consumer Goods Cloud for Retail,Campbells,CPG,Consumer Goods Cloud,"BUSINESS DRIVERS ​

Co-create a future experience for account management and field sales teams, empowering those teams with new tools and insights to drive market growth and shelf space​

Identify critical pain points and experience flaws for account management, field sales and support representatives​

Map user stories and future experience design with business value orchestration for solution prioritization​

Validate future state experience with end user input and stakeholder alignment","Improved UX for both external users and employees​

Time and cost savings from lowering time to production​

Establish long-term goals through a product roadmap and prioritization matrix based on business value and solution complexity",https://ibm.box.com/s/v0d7chdpmpkcwzpvb3r2t8u50voul111
Improving Service and Experiences for Customer and Partners,Cencora (Amerisource Bergen),"Life Sciences, manufacturing, CPG","Sales Cloud, Experience Cloud, Service Cloud, Analytics Cloud, Marketing Cloud","BUSINESS DRIVERS ​

Transform CX and UX by increasing cross-business unit collaboration, enabling a 360-degree customer view and improving performance​

Enable innovation velocity by reducing duplication of effort and redundant costs, increasing collaboration across customer-facing teams and maximizing current investments​

Reduce the total cost of ownership by lowering technical debt and app redundancy, improving data storage, leveraging shared assets and enabling a single support model","20% faster order and return processing and reduction in overall reporting time​

25% faster case closure rate​

28% reduction in agent onboarding time​

5% reduction in average call handle time​

Reduced user churn thanks to improved user and customer experience",https://ibm.box.com/s/hgcezre9be7l8pzgdtfc3g2ajsqp9b6j
Deploying an Integrated Delivery System & Optimizing the Employee Experience,Frito Lay,"CPG, Food and Beverage","Sales Cloud, Service Cloud, Commerce Cloud, Field Service","BUSINESS DRIVERS ​

Streamline the order management process while creating connections and improve the experience of 25,000+ front-line employees​

Legacy solution lacked the ability to add product SKUs, complicating the order process and hampering sales growth​

Leverage Salesforce B2B Commerce to enable better management of the supply chain, including an integrated order entry process and direct store delivery system built on Service Cloud with Field Service Lightning","Enhanced visibility by showing drivers and their status, enabling real-time scheduling adjustments​

Increased efficiency due to geo-assisted check in and checkout functionality​

Better fulfillment from omnichannel capabilities​

Employee experience enhanced by optimizing efficiency and enabling employees to be agile and adaptive in the field. ",https://ibm.box.com/s/xcsoa0lswd04zcfzgw2y2p5hn41zr2on
Supporting Teachers from Recruitment to Retirement,School Specialty,Higher Education,"Expereince Cloud, Platform, Work.com","BUSINESS DRIVERS ​

Provide continuous guidance and support to all employees from recruitment to retirement while fostering organizational values​

Unlock stronger enablement and enhance the way that teachers and other instructors work together within the company​

Give teachers a single experience to engage with colleagues, easily find information, ask questions and disseminate information to one another","Employee Benefits: Increased satisfaction, collaboration and retention​

World-Class Experience: Tracks lifecycle from prospective employee to retirement​

Centralized Access: Onboarding, Training, Career Development and HR​

Full Transformation: Prospect, Client and Employee Communities, as well as public site and mobile app",https://ibm.box.com/s/k7sojz93h0z52dmplmm7waq0ygiumf69
"U.S. Army C5ISR & UTRS

Helping the Army Modernize and improve efficiencies in time to serve",US Army,"Government, Military","Government Cloud, Service Cloud, Expereince Cloud","Client Challenge:
C5ISR/UTRS used the CSSP Subscriber Management (CSM) and Jira solutions to manage client onboarding and service requests that are inefficient at providing a complete view of the customer. C5ISR needed a solution to see customer progress for services, historical cases, points of contacts, organizational information, artifacts and associated operational devices & services. CSM today has challenges with accuracy of information, a single view of the customer, reliance of manual inputs, lack of connectivity to JIRA and other tools, lacks effective project or asset tracking and reporting, are not integrated systems, and lack visibility for subscribers and executive users.

Business Benefits:
C5ISR/UTRS has improved its service delivery by reducing the time it takes to onboard clients and respond to service requests across 4 to 5 different groups. In addition to providing a reduction in service delivery time, C5ISR is also looking to provide their customers with a user-friendly portal to log service requests and see the status of their existing/historical cases.

Solution:
IBM worked closely with the Salesforce Army Account team to address the client’s areas of concern with a rapid prototype build, showing the client the art of the possible and quickly defining the solution roadmap. The final solution included the configuration and deployment of the Salesforce Gov Cloud, Service Cloud, and Experience cloud in less than 3 months. This included an Army Authority to Operate (ATO). The solution was designed and deployed with the following in mind:

Simplified, Intuitive Soldier Interface

Increased Readiness

Personalized User Experience

Eliminated Repeated Silos

Improved Analytics & Decision Making

End-to-End Visibility

Reduced Fractured Process

Aligned to Industry Best Practices","Impact:
Rapid Application Development complete solution in 3 months

Improved time to service from 20.25 to 2.25 hours

Improved Case resolution by 38%

Case deflection with use of Self Service increased by 45%

Reduce operational costs by 75%

Annualized Cumulative ROI of 210%

Implemented complete workflow automation, data driven dashboards, experience driven customer facing applications to support end users with requests, cases, and historical data",https://ibm.box.com/s/v2hw7mn0ymp8wcieoujd3rv3ghve8dy1
BNPP Factor – Invoice Management,BNPP Factor,Financial Services,Sales Cloud,"BNPP Factor implemented a cloud CRM platform to simplify processes and provide a 360° view of clients, replacing legacy systems and enabling invoice payment approval. IBM handled requirements, functional specs, data migration, and deployment.",Industrialization of activity management; Increased efficiency; Better client data analysis; Enhanced innovation and engagement,https://ibm.ent.box.com/file/1580178469622
BNPP Asset Management – Salesforce Evolutions,BNPP Asset Management,Financial Services,"Sales Cloud, Service Cloud, Marketing Cloud","BNPP AM deployed Salesforce to automate processes, ensure compliance, and improve collaboration. IBM introduced Agile methodology and integrated marketing campaigns for engagement.",Complete traceability from first contact to account closure; Real-time KYC and reporting; Automated client lifecycle,https://ibm.ent.box.com/file/1580178469622
La Banque Postale – CRM Transformation,La Banque Postale,Banking,Sales Cloud,"IBM implemented a CRM solution to replace email-based processes, digitalize back and front office, and integrate affacturage systems.",Improved user experience with end-to-end service management; Direct channel offer distribution; Enhanced performance and prospect tracking,https://ibm.ent.box.com/file/1580178469622
CMB Monaco – Private Banking,CMB Monaco,Private Banking,"Financial Services Cloud, Experience Cloud, Salesforce Shield","IBM deployed FSC with onboarding and KYC processes, integrated back-office systems, and implemented MuleSoft for data exchange.",Onboarding time cut by 50%; Always up-to-date KYCs; Digitalized banking processes; Compliance ensured,https://ibm.ent.box.com/file/1580178469622
Assurcredit – Contract Management,AXA Assurcredit,Insurance,"Financial Services Cloud, Salesforce Contract, MuleSoft","IBM implemented FSC, contract management, and MuleSoft to digitalize contracts and improve compliance.",Faster contract cycles; Operational cost reduction; Improved brand image; Increased efficiency,https://ibm.ent.box.com/file/1580178469622
PROMOCASH – Digital Transformation,Promocash (Carrefour Group),Retail / Food Distribution,"Sales Cloud, Marketing Cloud, Commerce Cloud","IBM deployed Salesforce for CRM, B2B Commerce, and Marketing automation to support Promocash’s e-commerce strategy.",Increased e-commerce sales; Personalized communication; Automated marketing campaigns,https://ibm.ent.box.com/file/1580178469622
Saint Gobain SGDBF – Call Center Pilot,Saint Gobain Distribution Bâtiment France,Construction / Distribution,Service Cloud,IBM implemented Salesforce Service Cloud with omnichannel capabilities for call centers.,Omnichannel client management; Process harmonization; Improved agent efficiency,https://ibm.ent.box.com/file/1580178469622
Biocodex – Core Model Integration,Biocodex,Pharmaceuticals,MuleSoft,IBM implemented MuleSoft for enterprise architecture standardization and integration across 20 subsidiaries.,Defined roadmap and architecture; Prioritized scope for France and Benelux,https://ibm.ent.box.com/file/1580178469622
Danone – eShop,Danone Produits Frais,Consumer Goods,Commerce Cloud,IBM deployed Salesforce B2B Commerce for Danone’s professional e-commerce platform.,New sales channel; Increased sales; Better customer insights,https://ibm.ent.box.com/file/1580178469622
Stellantis – SAMS Connected Services,Stellantis,Automotive,"Service Cloud, Experience Cloud",IBM built a platform for connected services sales across brands and markets.,Improved customer knowledge; Expanded service offerings; Enhanced driver experience,https://ibm.ent.box.com/file/1580178469622
Carrier Transicold – Spare Parts Platform,Carrier Transicold,Transport / Logistics,Commerce Cloud,IBM replaced legacy platform with Salesforce B2B Commerce for spare parts sales across EMEA.,Successful big-bang migration; Improved user experience; Deployment in 32 countries,https://ibm.ent.box.com/file/1580178469622
Bridgestone Mobility Solutions – Field Service,Bridgestone Mobility Solutions,Automotive / Mobility,"Service Cloud, Field Service, Experience Cloud",IBM implemented Salesforce Service Cloud and Field Service to optimize installation processes.,Automated work orders; Process optimization; Increased visibility,https://ibm.ent.box.com/file/1580178469622
SUEZ – Waste Management,SUEZ,Utilities / Waste Management,"Sales Cloud, Service Cloud, CPQ",IBM integrated Salesforce and SAP for a unified Lead-to-Cash process.,Industrialized offers; Reliable billing; Accelerated sales cycle,https://ibm.ent.box.com/file/1580178469622
Alcatel-Lucent Enterprise – Partner eCommerce,Alcatel-Lucent Enterprise,Telecommunications,Commerce Cloud,IBM deployed Salesforce B2B Commerce for partner sales acceleration.,Faster partner sales; Increased revenue; Enhanced partner experience,https://ibm.ent.box.com/file/1580178469622
Guerbet – Global Sales & Marketing,Guerbet,Healthcare / Imaging,"Sales Cloud, Pardot",IBM implemented Salesforce Sales Cloud and B2B marketing across 25 countries.,360° client view; Unified sales process; Improved collaboration,https://ibm.ent.box.com/file/1580178469622
Ceva Santé Animale – Global CRM,Ceva Santé Animale,Animal Health,"Sales Cloud, CRM Analytics, Quip",IBM built a global CRM platform for omnichannel client management and operational efficiency.,Unified client management; Process harmonization; Increased efficiency,https://ibm.ent.box.com/file/1580178469622
CMA-CGM – Container Operations,CMA-CGM,Shipping / Logistics,"Platform, MuleSoft",IBM developed a Salesforce-based solution integrated with MuleSoft and AWS for container load validation.,Faster vessel turnaround; Complete traceability; Improved operational coordination,https://ibm.ent.box.com/file/1580178469622
Now in Sales – Digital Banking,NA,Banking,"Sales Cloud, Service Cloud Voice, Messaging for In-App & Web","Combines Sales Cloud with omnichannel capabilities and AI (Einstein GPT + WatsonX) to accelerate sales processes, improve lead management, and provide 360° customer view.",+142% increase in sales and leads; 22.5% reduction in sales formalization time; Faster response; Personalized service; Cross-sell and up-sell opportunities,https://ibm.ent.box.com/file/1580228732795
Generative AI with Salesforce,NA,Energy & Utilities,"Salesforce Industries, Service Cloud","Integrated solution leveraging generative AI and Salesforce Industries for lead-to-order processes, omnichannel service, and compliance.",31% increase in agent capabilities; 25% process efficiency improvement; Faster implementation; Reduced integration effort by 2.3x,https://ibm.ent.box.com/file/1580228732795
Salesforce AI for Energy & Utilities Cloud,NA,Energy & Utilities,"Consumer Goods Cloud, Energy & Utilities Cloud","Enables field reps with offline mobile app, inventory review, trade promotions, and AI-driven insights for smarter sales and better customer relationships.",+15% revenue growth; +35% sales productivity; Increased prospect volume and conversions,https://ibm.ent.box.com/file/1580228732795
Salesforce CoE,NA,Cross-Industry,"Sales Cloud, Service Cloud","Establishes a Center of Excellence for governance, optimization, and continuous improvement of Salesforce platforms.",Improved operational efficiency; Enhanced user experience; Data-driven decisions; Reduced costs and technical debt,https://ibm.ent.box.com/file/1580228732795
Customer Care Transformation,NA,Cross-Industry,"Service Cloud, Service Cloud Voice","Integrated agent desktop for omnichannel customer service with CTI, case management, knowledge base, and AI automation.",20% reduction in service cost; 30% increase in customer retention; Faster sales processes,https://ibm.ent.box.com/file/1580228732795
Citizen Service Transformation,NA,Public Sector,"Public Sector Solutions, Service Cloud",Digitalizes citizen services with omnichannel capabilities and AI to improve administrative processes and citizen experience.,21% reduction in service/support costs; 22% increase in citizen satisfaction; Faster decision-making,https://ibm.ent.box.com/file/1580228732795
Sales Transformation,NA,Cross-Industry,Sales Cloud,"Implements cohesive sales strategy using Sales Cloud and AI for lead categorization, opportunity conversion, and retention.",25% improvement in sales cycle efficiency; 20% faster conversion rate; Increased ROI,https://ibm.ent.box.com/file/1580228732795
Financial Services Transformation,NA,Banking & Insurance,Financial Services Cloud,"Comprehensive Salesforce solution for financial institutions to improve customer experience, optimize operations, and ensure data security.",25% increase in sales and leads; 30% reduction in sales formalization time; New sales channels; Improved productivity,https://ibm.ent.box.com/file/1580228732795
"Volvo North America is transforming the customer car buying experience to be more personalized and convenient
",Volvo North America,Automotive ,"Expereince Cloud, Platform","InsightUsing Salesforce Community Cloud, Volvo North America is transforming the customer car buying experience to be more personalized and convenient. After a purchase, Volvo’s mobile app schedules time with the customer to orient them with their new car, prioritizing their time and taking the guesswork out of the experience. 
IdeaWith the app, Volvo dealership reps are able to capture customer interactions from the lot, create a seamless onboarding experience for new car buyers and capture other features like a buyer profile, VIN integration, and delivery preparation
ImpactBy providing an easy-to-use digital experience, Volvo has improved both the employee and customer experiences.
",,DCXT IBM Proposal Response_May 17 v2f - Luis Natal.pptx
"Dealer and Customer Experience Transformation 
",Rolls Royce,Automotive,"Sales Cloud, Platform","Rolls-Royce Motor Cars Limited engineers, manufactures and distributes luxury automobiles and automobile parts worldwide
Dealers had to manually enter test drive information into 3 separate objects (person accounts, opportunities and test drives (custom object) in Salesforce. Info is entered before or after a test drive, depends on the dealer. They would have to copy info from the Opportunity level onto the test drive in order for the records to link to one another.
oDealerships are decentralized so user adoption was a challenge
oNo visibility into test drive that weren’t associated to opportunities
oLooking for a way to record test drives into Salesforce so that they are associated to the proper person and Opportunity
oWanted a simple process that was streamlined to one page
oCreated a Visualforce page that leads dealers through the test drive process step-by-step (all three steps are visible on one page - each step is dependent on the previous step and the following steps are locked down):
oSelect Customer - enter customer's name (pick list is automated - if customer doesn't exist, can select ""New Customer"" - populates new customer info box with required fields)
oSelect interest box that relates to test drive (if no existing opportunities exist, select ""New Interest"" and fill out required fields)
oAdd New Test Drive (look up to VIN Number and additional required fields) - status defaults to ""Completed""
oOnce information is complete on the test drive page, automatically takes you to the test drive record. The test drive record is linked to the opportunity. The opportunity is linked to the person account. The link created allows reporting to flow up, creating improved visibility into test drives.
","Increased the value-added time Dealers have to interact with their clients - customer service win
Streamlined process for recording test drives into Salesforce - single screen
Ability to keep and track all test drive information consistently in the same place
Improved data quality
Increased user adoption
Saved Admins time and resources
",DCXT IBM Proposal Response_May 17 v2f - Luis Natal.pptx
"Campaigns, KPIs, Lead Management and Integration with Audi & VW Auto
",Volkswagon,Automotive ,"Sales Cloud, Marketing Cloud","ScenarioVWFS started a CRM Salesforce project with Bluewolf in Feb 2020 aim to automate more than 35 marketing campaigns; automate 40 CRM KPIs; design new FVM KPIs; integrate with VW & Audi Orgs SF to delivery Leads and get feedback about them. The challenges are increase customer experience, loyalty and automate as many as process is possible.SolutionOn a 5 months projects, IBM is delivering a project with excellence, an Agile / Scrum methodology. The main reasons for the success we are facing till now are because:
A highly qualified and certified team & complementary profiles
One month of blueprint, to plan and organize the project
Agile Methodology, with 5 very detailed Sprints
IBM Management: program manager, customer engagement, technical leader and subject matter expert
",,DCXT IBM Proposal Response_May 17 v2f - Luis Natal.pptx
Accelerating Customer Engagement at Scale,Moet Hennessy,"Food and Beverage, CPG",Marketing Cloud,"This luxury spirits brand struggled to manage and execute a global marketing operations and strategy across five brands. They wanted a better understanding of individual customers and the ability to engage with them 1-to-1. 
IBM helped the client customize Salesforce’s Marketing Cloud to fuel it with brand-specific content, campaigns, and engagement analytics. The solutions employed helped them enrich consumer data, connect in-person events marketing, and analyze insights to optimize marketing spend. Together, we created journeys and content to engage users beyond a single space and time.
","Increased revenue in digital sales and grew consumer data enrichment across five brands.       Increased marketing efficiency and effectiveness, proven by analytics across more than 10,000 events per year

",2017 Moet Hennessey Client Story - INTERNAL.pptx
Unifying Financial Services Value ,Comerica,"Finacial Services, Banking","Financial Services Cloud, Marketing Cloud, Ncino","Established “unified customer” profile enabling cross sell and upsell across LOBs - benchmarked by Gartner, Salesforce Innovation​

​

Replaced antiquated LOS (SFDC/nCino), including Master Data Management & Core Integrations (FIS/Fiserv, Hogan, AFS)(SFDC+nCIno) ​

​

Increased Retail Deposits though direct integration across customer engagement platforms (Adobe, SFDC, Medallia, Temenos, Marketing Analytics, Pega)​

​

Call Center Transformation - movement off legacy enabling cloud - Industry first SFDC + AWS Connect ​

​

Marketing tech across data, applications and enablement (Adobe/SFDC Marketing Cloud, SAS data analytics)",,Banking - IBM Salesforce Consulting for Banking (2).pptx
Google Sales transformation,Google,Technology,"Marketing Cloud, Data Cloud, Einstein","M&A of Salesforce Orgs into Single View of the Customer and
Enterprise Strategy​

​

Google acquired Postini and wanted to achieve greater efficiency and a
more holistic customer view by bringing its instance of salesforce.com
into their AdWords org​

​

Redesign and architecture of enterprise level parent org​

​

Improved 2X reliability of data and pipeline reporting and forecasting",2x data quality improvement.     360 View of customer,Banking - IBM Salesforce Consulting for Banking (2).pptx
Preference Management,Macquarie,"Financial Services, Banking",Marketing Cloud ,"Macquarie marketing had an out of the box subscription management solution built on Salesforce Marketing Cloud​

No ability for customers to tailor marketing content based on their preferences and interests.​

The only option available for preference management was a global unsubscribe button.​

This led to an increase in customers opting to unsubscribe altogether.  New customer preference centre experience for users built on Salesforce Marketing Cloud allowing users to opt-in and out of marketing content, incl newsletters.​

SAP enablement in Marketing Cloud to enhance account branding​

Branded CloudPage that looks & feels the same as the MacCap website for brand consistency and experience​

Front-end dev incl AMPscript required for both personalisation and integration of data​

CloudPage URL encryption to enhance security and data privacy​

Standard tracking data & analytics for the page","Complied with required regulations on unsubscribing preferences.​

% of completely opt-out lowered, therefore allowing more people to still receive certain marketing emails​

Empowers marketing team to send targeted communications",https://ibm.box.com/s/r3om06r9sxrvacz6u114rgpvigp1fib2
Unplanned Outages Management (UOM)​,Ausnet,Energy & Utilities,Service Cloud ,"AusNet recognised a lack of detailed information about unplanned power outages for their customers, specifically ETA for fixes and ETR for power on estimations. Additionally, Customer Service (CS) agents were navigating multiple disconnected systems to assist in customer requests.        Enhanced the Unplanned Outage journey by expanding outage stages from 3 to 10, providing customers with more detailed and timely updates. Streamlined CS agents’ workflows by consolidating outage, customer records, and messaging details into a unified Salesforce application, enabling more efficient and informed support.","Delivered a more transparent and synchronized customer communication experience across both messaging and public website. Improved CS agent efficiency with a centralised system, reducing delays and enhancing decision-making during outage support.",https://ibm.box.com/s/r3om06r9sxrvacz6u114rgpvigp1fib3
Solar Emergency Backstop (SEB)​,Ausnet,Energy & Utilities,"Expereince Cloud, Platform","An increasing number of people are installing solar panels on their roofs, and during peak hours, the power grid in other states has struggled to handle the excess energy being generated. This surge in power production has overwhelmed the grid, leading to breakdowns. Regulations have been introduced to manage the distributed energy.     Managing distributed energy resources, such as solar panels, by developing a system to streamline their registration and establish connectivity. Developed a front-end application by building the processes required to register these devices and ensure proper integration with the grid.​

​

Additionally, we implemented features for monitoring and controlling energy export, providing options for both static and flexible energy export to better align with grid requirements.","Streamlined the entire system end-to-end for improved efficiency and integration.​

Enhanced transparency by providing end users with detailed information:​

Energy being exported.​

System capacity.​

Remaining available capacity.​

Enabled centralised control over most distributed energy devices.​

Allowed the grid to dynamically manage and adjust export levels to ensure stability and balance.",https://ibm.box.com/s/r3om06r9sxrvacz6u114rgpvigp1fib4
Transmission Landholders Communication & Preferences​,Ausnet,Energy & Utilities,Platform ,"An increase in new line and augmentation transmission network activity means more involvement with landholder / owner related works on their properties.​

Needed to be better equipped (people, process, data, systems) to provide effective and timely engagements with relevant owner/occupiers so that necessary works proceed with as minimal disruption as possible.      Design and develop the Salesforce platform to accommodate transmission landholders as source of truth.​

Provide a means for AusNet to load and manage these records into this object model, including an onboarding of TX stakeholders to Salesforce, provide a means for the TX team to message these landholders.​

Provide a means for the transmission team to communicate with Landholders in a more structured capacity.​

Provide visibility of communications that have been sent and permits that have been issued. ​

Provide a means for Landholders to update relevant information to AusNet to improve​
information collection and stakeholder experience","Improved user experience, customer information being easily updated allowing for communications to be sent out correctly.",https://ibm.box.com/s/r3om06r9sxrvacz6u114rgpvigp1fib5
Customer Connections​,Ausnet,Energy & Utilities,"Service Cloud, Expereince Cloud","AusNet currently operates core customer and industry interactions across multiple disparate portals, is reliant on outdated retailer contact details for customers, and has a fragmented process across the supply and connection processes, resulting in disjointed service to customers.      A unified portal and customer interaction platform is necessary to streamline user access, enhance operational efficiency, ensure data consistency and support scalable growth. This unified approach will provide a cohesive user experience, reduce administrative overhead, and facilitate better data integration and service delivery.","Simplified process, removing hurdles such as initiating requests via retailers, data validation errors and removing manual handing for 40% of application types​

End to end management for both customers and staff providing a single point of access for every connection request​

Automation of key tasks enabling overall efficiency​

Expected uplift to customer satisfaction survey results​

Reduction in connection timeframes to meet guaranteed service levels",https://ibm.box.com/s/r3om06r9sxrvacz6u114rgpvigp1fib6
Outages​,Watercorp,Energy & Utilities,"Service Cloud, Marketing Cloud","There was no centralized system for managing customer preferences or notifying them about outages. Therefore, as the first step towards building a preference management system, we need to establish a strong foundation for capturing and managing customer preferences.       Establish a customer preference centre to store and generate proactive notifications to users that have signed up to receive water service disruption notifications for a particular property.​

​

Integrate Service Cloud and Salesforce Marketing Cloud using standard connector​

Implement S4S Connector to connect Sitecore and Salesforce using Rest API","Outage Notifications allows customers to sign up to receive water service outage communications via SMS or Email.  ​

​

The platform allowed insights and reporting capabilities including the ability to track the number of subscribers and filter by location, communication channel and many other attributes. ​

​

Built on the existing CRM instance and introduced the concept of individuals and preference management directly in the platform. ",https://ibm.box.com/s/r3om06r9sxrvacz6u114rgpvigp1fib7
eConcessions​,Watercorp,Energy & Utilities,Platform,"Improve the processing of concessions applications of eligible pensioners, seniors and state concession card holders. The current system is outdated and timely.         Create and engineer a new eConcessions database and management platform powered by Salesforce Service Cloud, extending the use of Salesforce as the organisation’s strategic customer support platform.​

​

Process applications by integrating with Sitecore (public facing forms), Grange (to create the necessary account entitlements), CCM to send out communications and to government bodies to validate card information.","The new solution offers streamlined, automated process workflows that seamlessly transition concession applications throughout the initial stages of validation and authorization.​

​

Integration capabilities of the born-in-the-cloud Salesforce platform made it easier to pair the solution with the client’s existing website, billing and customer communication systems, but also make it possible to transfer data more quickly and securely to external actors.​

​

The streamlined workflows helped Water Corporation boost the efficiency of its concession and conveyancing services team.",https://ibm.box.com/s/r3om06r9sxrvacz6u114rgpvigp1fib8
Univesity – 360 Program​,Latrobe university,Higher education,Service Cloud ,"La Trobe University wanted to establish a 360- degree view of knowing their relationships with prospective students, students, alumni, industry and partners to maximise the opportunity to engage with each in a purposeful way.       To optimise business engagements La Trobe University, in partnership with IBM, has​

created and implemented IST (Integrated Sales Technology), launched first in July​

2021. IST was built on Salesforce Service cloud and provides the complete view of the​

university’s engagements.​

​

IST was designed in collaboration with various business units, streamlining business​

processes and transforming collaboration between different business units. It provides​

a centralised view of a person’s journey at La Trobe , without having the need to access​

multiple systems for this information.","360-degree view - Single view of a contact (whether they are a prospective student, current student, Alumni, or an external contact) showing a bird’s eye view of their journey at La Trobe. All interactions (emails, campaigns, enquiries etc), study history, employment history, course history shown within the same 360-degree view.​

Revenue Growth - Increased applications and acceptances of offers (estimated to be approx. $90M over 5 years)​

Data Intelligence – providing scores to leads utilizing the data captured, thereby enabling the sales team to target high probability candidates​

Improved customer experience – Availability of multiple communication channels​

Streamlined and improved lead/prospect management business processes, facilitating the efficient maintenance, monitoring, tracking, evaluation of various lead and prospect activities/tasks",https://ibm.box.com/s/r3om06r9sxrvacz6u114rgpvigp1fib9
IBM transitioned Fisher and Paykel from Click Software to Salesforce Field Service Lightning and achieved amazing business outcomes in the process.​,Fisher and Paykel,"retail, appliances",Field Service Lightning,"Business Problem​

Existing Solutions had problems related to Offline Mobile Capabilities, Speed & Performance, User Experience of Field Service Technicians​

Fisher & Paykel spent a lot of time to stabilize the Click Platform and did excessive customization leading to technical debt​

Existing Version of the Click Solution was end of life and unsupported after FY 2019.         Solution​

Overcome the pain points of the previous solution around offline, speed & performance, user experience​

Standardise & Rationalise the Technology Platforms around Customer Service on Salesforce​

Leverage out of the box functionalities and avoid excessive customisation​

Improve overall efficiency, faster resolution and reduced turnaround time across the Field Service Management processes",15% csat improvement.      20% employee satisfaction improvement,https://ibm.box.com/s/ywhj0l82jbpikmax09f99c263ihmlv00
"BSA had a homegrown custom-built solution leading to problems in Scalability, Speed & Performance for the entire user group which also led to poor User Experience and limited mobility. They had multiple disparate systems with no integrations.​

​",BSA,"Professional Services, Technology",Field Service Lightning,"Business Problem​

BSA is a comprehensive technical service contracting company and its geographic footprint stretches across 24 locations Australia-wide and growing. Their employees number more than 2000 and most of the workers belong to high skilled technical field force category. This led to Limited Real time visibility & reporting capabilities, manual processes and issues with efficiency and compliance.       Solution​

IBM leveraged Salesforce FSL as an easy to use Solution for the Operations Team and Technicians, fully Integrated with back end systems (ERP). Process Improvement by removing all manual processes, through the use of Maintenance Schedule Automation, Task templates, efficient Asset Management and process automations such as Work Order Creation Compliance with AS1851, DA19 and Customer Specific Requirements with resources sharing with other business units.","Results​

High Quality and Timely Services to its Clients for both Reactive and Preventive Maintenance Service Requests.​

Field Service Technicians can manage their entire work from their Mobile Devices. ​

Significant savings & efficiency improvements.​

Real time visibility & business metrics available ",https://ibm.box.com/s/ywhj0l82jbpikmax09f99c263ihmlv01
Creating a Multi-Brand Connected Customer Platform,Ascential,"Technology, Media","Sales Cloud, Service Cloud, Experience Cloud","Global media company specializing in information, data and ecommerce optimization.

Client Challenge
Company evolved rapidly through acquisition and now has more than 19 brands with multiple disparate processes and solutions that need to be integrated.

Customer experience-driven need to connect data across the different brands within the organization. 

Top-down mission to create a unified platform that delivers world class marketing, sales and fulfillment capabilities across multiple global brands. 

Implementation of a branded portal to allow customers to submit cases and enable collaboration.","
Significant reduction in the sales cycle and reduced administration time. 

Increased productivity, allowing the sales team more time to spend with customers. 

General excitement among the different brands for new capabilities and potential to cross-sell. 

One set of robust processes embedded throughout to manage, service, measure and bill customers.",https://www.externalcontentplus.com/StrategicPartnerPlatform/salesforce/case-studies/ascential.html
Centralizing Customer Service for a UK Transportation Company,First Group,Transportation,"Service Cloud, Einstein","British multinational transport group operating several rail franchises that carry 2B passengers a year

Client Challenge
Without the right technology, customer service teams were struggling to provide a positive CX to commuters

Slow performance from legacy systems, and a lack of opportunity to innovate on them

Time consuming, complex processes that involved a lot of manual data entry

Different call centers across the country had different processes, preventing the company from having a consistent experience across the brand

Roll out a global Sales, Service, Product Management and Marketing platform across all digital commerce brands

Create an integrated Service Cloud solution, including one platform and process for customer engagement, and extensive use of my Trailhead for training","
 Fully centralized platform across the brands for all phone, web and mail communications

Faster, more efficient customer service due to Salesforce's simplicity and consolidation of 1000+ legacy knowledge articles

Productivity and efficiency gains from employees from simplified processes in high-demand call centers

Reduced wait times and higher quality of service for customers; system consolidation helps manage case",https://www.externalcontentplus.com/StrategicPartnerPlatform/salesforce/case-studies/first-group.html
IBM & Lloyds Banking are making banking more intuitive with AI,Lloyds Bank,"Financial Services, Banking",Financial Services Cloud,"Lloyds Banking Group is a leading UK-based financial services group.

Client Challenge
Lloyds Banking Group has a vision to be by the side of every customer with personal, intuitive and efficient support.

With a focus on streamlining the customer service experience, Lloyds looked to leverage state-of-the-art AI to supercharge chatbot performance and enhance their customer engagement channels overall, unlocking actionable insights from customer interactions to drive more personalization. 


The Solution
Lloyd’s partnership with IBM Consulting is pushing the boundaries of Large Language Models (LLM), leveraging Generative AI to help identify customers’ evolving needs and to reduce manual effort from managing, training and supporting various engagements.

Our work together also helped Lloyd’s to improve conversation classification accuracy, to better determine data to be discarded, and to reduce manual effort via a repeatable, transparent and trusted process.","Business Results
1000s of hours of manual effort saved

£2 million annual cost savings

Up to 15% gain in overall accuracy and 85% accuracy in classifying conversations

10-15 new intents per month",https://www.externalcontentplus.com/StrategicPartnerPlatform/salesforce/case-studies/lloyds-bank.html